20975;0;25;0;0;0;0;0;0;0;0;0;0;0;
20975;0;18,3;0,9;6,7;0,9;0;0;0;0;0;0;0;0;
20974,9;0,3;12,5;3,17017;11,6;4,12795;0,2;0,4;0,8;0,87178;0;0;0;0;
20974,4;0,663325;9;4,14729;14,2;4,57821;0,5;0,67082;1,9;1,04403;0;0;0;0;
20973,7;1,00499;7,6;3,35261;14;4,26615;1;1,26491;3,6;1,8;0;0;0,1;0,3;
20972,5;1,74642;5,7;2,19317;14,5;3,32415;1,7;1,26886;5,2;2,67582;0;0;0,4;0,489898;
20971,6;1,8;5;1,26491;13,8;2,92575;1,7;1,26886;7,2;3,09192;0;0;0,7;0,9;
20970,2;2,27156;4,7;1,79165;13,1;2,87924;1,8;0,748331;9,3;2,6096;0;0;0,9;1,13578;
20969,2;2,6;3,9;1,86815;12,7;2,49199;2,1;0,7;10,9;2,50799;0;0;1,2;0,979796;
20967,8;2,92575;4,4;1,74356;11,5;2,57876;2,4;1,68523;12,2;2,56125;0;0;1,7;1,26886;
20966,6;3,2619;4,5;1,9105;10,7;1,48661;2,2;1,66132;14;3,06594;0;0;2;1,34164;
20965,7;3,71618;4,1;1,75784;10,8;1,4;1,9;1,64012;15;3,06594;0;0;2,5;1,43178;
20964;4,26615;4,8;2,63818;9,8;2,35797;2,1;1,64012;16,7;3,79605;0;0;2,6;1,35647;
20962;3,87298;4,7;1,73494;10,4;3,2;2,5;1,28452;17,5;4,29535;0;0;2,9;1,3;
20960;3,84708;4,9;1,81384;9,5;2,45967;2,5;1,11803;19,6;4,34051;0;0;3,5;1,36015;
20958,2;4,37721;5,4;1,74356;9,3;2,72213;2,1;1,51327;20,5;4,34166;0;0;4,5;1,68819;
20955,9;5,78705;6;3,19374;9,6;3,82623;1,6;1,11355;21,6;4,67333;0;0;5,3;1,9;
20954,7;6,06712;4,6;2,57682;10,7;3,68917;1,4;1,28062;22,9;4,94874;0,1;0,3;5,6;1,95959;
20953,4;6,11882;5,1;2,66271;10,1;3,41906;1,1;1,04403;24,2;5,0951;0,1;0,3;6;2;
20951,9;6,3;4,8;2,03961;9,3;3,92556;1,3;1,26886;26,5;4,94469;0,1;0,3;6,1;2,07123;
20949,8;6,72012;5,6;2,15407;9,1;4,41475;1,4;1,35647;27,7;5,1;0,1;0,3;6,3;1,95192;
20948,4;7,01712;5,5;2,57876;9,3;4,67012;1,2;1,16619;28,5;5,33385;0,1;0,3;7;2,28035;
20947,4;7,01712;4,7;1,9;9,7;3,52278;1,2;1,32665;29,6;5,35164;0,2;0,4;7,2;2,44131;
20945,7;7,62955;4,8;2,03961;10;3,09839;1,2;1,16619;30,6;5,004;0,3;0,458258;7,4;2,57682;
20945;7,61577;4;1,67332;9,5;2,20227;1,3;1,34536;32,2;5,36284;0,3;0,458258;7,7;2,68514;
20943,8;8,07217;3,9;1,44568;9,4;1,85472;1,9;1,37477;32,7;5,38609;0,3;0,458258;8;2,68328;
20942,5;7,9278;3,8;1,6;9,2;2,78568;1,9;1,51327;34;5,81378;0,3;0,458258;8,3;2,86531;
20941,3;7,95047;4,1;1,04403;8,2;2,03961;2,1;1,97231;35,3;5,9;0,3;0,458258;8,7;3,34813;
20939,9;8,16639;4,1;1,51327;8,2;2,85657;1,1;1,37477;37,2;6,35295;0,3;0,458258;9,2;3,24962;
20937,8;8,81816;4,8;2,31517;7,8;2,22711;1,3;1,26886;38,5;6,51537;0,3;0,458258;9,5;3,3541;
20935,6;8,90169;5,5;1,62788;8,1;1,92094;1,6;1,49666;39,2;6,41561;0,4;0,663325;9,6;3,44093;
20934,2;9,33595;4,7;1,18743;9;1,89737;1,8;1,77764;40;6,26099;0,5;0,67082;9,8;3,42929;
20931,2;9,21737;6,2;2,18174;9,5;1,9105;1,6;1,35647;40,5;6,45368;0,6;0,8;10,4;3,58329;
20929,9;10,104;5,7;2,32594;9,8;1,98997;1,7;1,9;41,2;6,82349;0,7;1,00499;11;3,43511;
20928,6;10,0419;4,9;2,50799;10;2,48998;1,7;1,55242;42,6;6,95989;0,9;1,22066;11,3;3,55106;
20927;10,7051;5,2;2,31517;9,8;2,13542;1,4;1,42829;43,9;7,04911;0,9;1,22066;11,8;3,54401;
20925,6;10,9471;4,6;1,62481;9,7;2,6096;1,7;2,0025;45,5;7,14493;0,9;1,22066;12;3,74166;
20923,9;10,8945;5,2;1,8868;9,1;3,41906;1,5;1,28452;46,9;7,31369;1;1,18322;12,4;4,31741;
20921,6;11,1553;5,5;2,57876;9,8;2,6;1,7;1,26886;47,9;7,71298;1;1,18322;12,5;4,41022;
20919,7;11,7137;5,8;3,02655;9,8;3,15595;1,8;1,249;49,1;7,7;1;1,18322;12,8;4,53431;
20916,9;12,755;5,9;3,01496;10,5;2,97489;1,8;1,16619;50,5;8,05295;1;1,18322;13,4;4,98397;
20915,5;13,5;5,5;3,26343;10,3;2,86531;2,2;1,07703;51,7;8,03803;1,1;1,13578;13,7;4,98096;
20912,4;12,9784;6,9;1,92094;11;3,4641;1,9;1,04403;52,5;7,99062;1,3;1,18743;14;4,97996;
20909,7;14,0787;8,1;3,44819;10,7;2,93428;1,6;1,0198;53,8;8,25591;1,4;1,28062;14,7;5,23546;
20907,4;13,0015;8,4;2,87054;11,3;3,00167;1,6;1,28062;54,9;8,59593;1,4;1,28062;15;5,03984;
20904,4;13,1088;9,1;2,16564;11,4;3,747;1,8;0,87178;56,5;8,77781;1,5;1,20416;15,3;5,1;
20901,1;13,568;9,3;2,36854;12,6;3,66606;2,3;1,18743;57,5;9,06918;1,6;1,42829;15,6;5,2192;
20897,4;15,2;9,7;3,1;13,9;3,64555;2,4;1,11355;58,8;9,28224;1,8;1,4;16;5,38516;
20894,6;16,0636;9,5;3,85357;15,3;3,40735;2,4;1,28062;59,8;9,28224;1,8;1,4;16,6;5,62494;
20892,1;16,1583;9,6;3,58329;14,8;3,57211;2,3;1,34536;62,2;8,62322;1,9;1,3;17,1;5,62939;
20888,3;17,7429;11,2;5,21153;14,6;3,49857;2,1;1,37477;64,2;9,01998;2,1;1,51327;17,5;5,48179;
20885,5;16,8893;10,4;3,32265;15,9;4,34626;2,6;1,35647;65,8;8,96437;2,2;1,4;17,6;5,51725;
20882,2;17,6454;10,3;3,79605;17,3;4,42832;2,8;0,87178;67,1;9,15915;2,2;1,4;18,1;5,39351;
20879,5;18,4404;9,4;3,07246;18,1;4,63573;2,9;1,13578;69,2;9,23905;2,3;1,34536;18,6;5,0636;
20876,6;18,5051;9,6;3,747;18,4;5,14198;2,6;1,0198;71;9,32738;2,6;1,42829;19,2;5,28772;
20872,8;18,1758;9,5;2,97489;19,6;4,8;3,3;1,61555;72;9,40213;2,9;1,44568;19,9;5,12738;
20870,3;17,6808;10;1,94936;18,1;5,00899;4;1;74;9,89949;3;1,61245;20,6;5,2;
20867,6;17,5454;10,1;1,86815;17,8;4,04475;3,4;1,42829;76,6;10,8554;3;1,61245;21,5;4,96488;
20863,9;18,7374;10,8;2,71293;18,3;3,68917;3,4;1,62481;78,5;10,8651;3;1,61245;22,1;5,26213;
20860,9;18,2178;11,1;2,7;17,2;3,02655;3;1,54919;81,7;12,4904;3;1,61245;23,1;5,82151;
20858,3;18,7992;9,9;3,5623;18,4;3,13688;3;1,18322;83,8;12,8047;3;1,61245;23,6;5,51725;
20855,1;19,3827;10,4;4,29418;18;2,89828;3,1;1,64012;85,8;12,4964;3,2;1,77764;24,4;5,23832;
20851,9;20,3;11,3;4,05093;17,2;3,02655;3;1,67332;88,3;13,297;3,4;1,74356;24,9;5,18556;
20847,4;20,2445;11,9;3,44819;19,1;3,11288;2,8;1,53623;89,5;14,5962;3,6;1,90788;25,7;5,56866;
20843,3;21,0905;12,6;4,69468;19,1;3,23883;2,3;0,9;92,5;14,2636;3,7;1,84662;26,5;6,05392;
20839,1;22,8055;12,8;4,64327;20,2;4,97594;2,5;1,20416;95;14,2969;3,8;1,83303;26,6;6,00333;
20835;23,1991;13,6;4,84149;20,3;4,60543;3,4;1,95959;96,8;14,2253;4;1,84391;26,9;6,0075;
20830,7;24,0834;13,9;4,52659;20,5;4,63141;3,1;1,44568;100,1;14,577;4,2;2,08806;27,5;6,249;
20825,2;24,0158;14,5;3,47131;21,8;4,85386;2,8;1,16619;102,6;15,2722;4,4;2,24499;28,7;6,60379;
20820,9;24,2258;15,1;3,47707;22,8;4,64327;2,9;1,37477;104,9;14,3628;4,4;2,24499;29;6,58787;
20816,5;24,9369;15,6;4,22374;23,1;5,14684;3,1;1,3;107,7;14,8731;4,5;2,20227;29,5;6,77126;
20812,1;25,1374;15,2;3,94462;23,9;4,84665;3,7;1,61555;110,5;15,9828;4,5;2,20227;30,1;7,27255;
20808;26,5292;14,7;5,15849;23,7;4,755;4,1;1,75784;114,1;17,184;4,5;2,20227;30,9;7,34098;
20803;27,1882;14,9;3,75366;24,6;7,03136;3,7;2,1;117,6;17,2928;4,6;2,41661;31,6;7,24155;
20798,2;29,1026;14,6;5,35164;25,1;6,84763;4,6;0,8;120,3;16,7335;4,8;2,31517;32,4;7,35119;
20794;30,3084;13,5;7,0746;26,5;4,96488;4,4;1,8;123,8;17,0517;4,8;2,31517;33;7,49667;
20790,4;30,7317;12,4;6,42184;27;5,19615;3,9;1,51327;127,1;17,762;5;2,14476;34,2;7,97245;
20785,5;31,2514;13;5;26,1;6,31585;4,4;1,2;131,1;17,9022;5,1;2,2561;34,8;8,05978;
20780,6;31,4395;14,4;3,92938;25,9;6,47225;4;1,73205;133,8;17,6114;5,4;2,37487;35,9;7,72593;
20775,5;31,3185;16;2,36643;25,6;5,35164;4,1;2,3;136,2;17,9989;5,5;2,5;37,1;7,71298;
20770,1;32,9103;16,2;3,02655;26,4;5,23832;4,3;2,32594;139,4;18,4347;5,6;2,45764;38;8,27043;
20763,7;33,9854;18,5;3,77492;25,5;4,58803;4,5;2,24722;143;20,025;5,8;2,44131;39;8,59069;
20758,8;34,6549;17,3;3,79605;28,2;5,24976;4,2;2,13542;145,8;20,3362;5,8;2,44131;39,9;8,34805;
20753;37,5207;17,7;5,60446;27,8;4,19047;4,7;2,14709;150,3;21,331;5,9;2,34307;40,6;8,75443;
20747,4;39,401;17,4;6,43739;27,7;5,27352;6;2;154,1;22,5053;6,1;2,2561;41,3;9,41329;
20739,8;39,5823;21;6,04979;26;6,34035;5,8;2,71293;158,4;23,1266;6,2;2,22711;42,8;9,30376;
20733,5;41,4952;20,6;6,84398;27,3;7,62955;5;1,73205;162,9;24,419;6,4;2,2891;44,3;9,03383;
20727,1;42,0819;20,8;6,33719;28,6;8,77724;5,4;1,42829;166,4;23,8755;6,6;2,37487;45,1;8,96047;
20719,9;42,2622;21,6;4,63033;29;7,8613;5,5;1,80278;171;26,2069;6,7;2,28254;46,3;8,78692;
20713,9;43,6152;21;6,09918;31;8,48528;5,5;1,85742;174;26,2298;7,1;2,2561;47,5;9,42603;
20707,3;44,7259;21;5,84808;32,3;8,62612;5,3;1,26886;178,1;27,2487;7,3;2,14709;48,7;8,74128;
20700,9;44,3293;21,1;3,7;33,7;7,73369;4,5;1,36015;182,5;27,9795;7,6;1,95959;49,7;8,96716;
20693,7;44,8443;22;4,81664;33,2;6,19355;5,7;2,41039;187,1;28,6721;7,9;1,86815;50,4;9,27577;
20686,2;47,1886;22,1;5,18556;34,3;6,5582;6,1;2,07123;191,6;29,2684;8,1;1,86815;51,6;9,66644;
20679,5;47,6975;22,1;5,39351;35,3;6,1327;7,4;2,45764;194,8;29,9526;8,7;2,05183;52,2;9,6312;
20672,1;47,8632;22,7;2,86531;35,8;7,97245;6,7;2,5318;199,7;31,5881;8,9;1,92094;54,1;9,37497;
20663,8;47,2182;23,6;3,61109;37,5;9,54201;5,9;2,91376;204,6;32,3642;9,2;1,98997;55,4;9,14549;
20657,1;48,9397;23;4,219;38,5;8,54693;6,5;3,38378;209,1;32,0825;9,2;1,98997;56,6;9,41488;
20649,4;50,7468;22,8;3,6;40;9,03327;6,6;2,83549;213,5;33,6132;9,4;2,05913;58,3;9,98048;
20640,5;51,8676;24,4;3,77359;41,8;7,54718;6,9;3,2078;217,6;34,8;9,9;2,16564;58,9;10,2513;
20633,1;53,4125;25,1;3,3;42,3;7,98812;6,8;2,82135;222,5;34,8116;10;2,04939;60,2;9,73447;
20626;55,04;26,2;4,44522;41,4;6,87314;6,6;2,33238;228;35,9806;10,5;2,06155;61,3;9,93026;
20615,9;55,682;28,7;6,30952;40,6;4,75815;6,9;2,50799;234,5;36,5684;10,9;2,16564;62,5;9,6566;
20608,2;56,6636;28,1;6,22013;40,9;6,23618;8,1;3,5623;240,2;36,3725;11,2;2,31517;63,3;9,93026;
20599,1;57,2074;27,1;5,37494;44;5,53173;8,7;3,66197;245;37,2988;11,6;2,33238;64,5;9,68762;
20590;59,0796;26,9;6,99214;45;7,42967;8,2;3,05941;251,3;38,8486;11,7;2,32594;66,9;10,3774;
20581,5;59,0479;27,1;5,18556;46,2;8,98666;7,7;2,75862;257,2;38,8531;11,6;2,2891;68,7;10,5835;
20573,3;60,1466;26,7;6,5582;46,7;8,01311;8,2;2,08806;262,8;40,5778;11,9;2,34307;70,4;10,679;
20561,8;66,0845;28,2;11,1517;50;8,61394;7,5;2,37697;268,3;42,2399;12;2,28035;72,2;10,4192;
20553,3;67,0791;29,1;9,55458;49,1;9,79234;8,6;1,62481;274,2;42,6657;12,2;2,08806;73,5;11,0747;
20544,2;68,3078;29;7,50999;48,8;9,76524;8,7;2,45153;281,5;44,2318;12,5;2,29129;75,3;11,3494;
20534;70;31,4;7,55248;48,6;11,5862;8,1;2,46779;287,3;44,4163;13;2,44949;77,6;11,7405;
20523,6;73,2601;32,3;8,11234;50,5;13,132;7;2,68328;293,5;44,1005;13,2;2,4;79,9;11,353;
20512,8;74,6362;33;7,11337;52;15,2118;7,7;3,0348;299,2;44,866;13,9;2,2561;81,4;11,4996;
20503,4;76,8364;32,8;8,17068;52,9;14,3906;7,4;4,02989;306,5;45,5615;14,1;2,34307;82,9;11,2823;
20491,2;78,8946;34,8;9,57914;50,8;11,9315;8,9;3,72693;315,3;47,8122;14,4;2,33238;84,6;12,5952;
20478,7;82,7696;38;10,3923;51,3;11,7987;9,3;3,52278;321,9;49,5953;14,8;2,5219;86;12,7593;
20468,2;85,0844;36,9;9,98449;54,2;12,6;9,6;3,55528;328,6;51,1042;15;2,72029;87,5;13,3135;
20459;86,0663;35,4;8,26075;54;13,914;10,4;3,63868;336,9;51,512;15,3;2,79464;89;13,9284;
20447,7;87,1126;35,9;7,27255;55,7;13,5798;10,5;4,00625;343,1;52,7929;15,6;2,72764;91,5;13,4406;
20435;87,8874;38,1;7,47596;57,3;11,9921;9,1;3,14484;350,3;54,2089;16;3,09839;94,2;14,3722;
20422,4;88,0241;38,3;9,50842;59,7;11,4721;9,6;3,92938;357,8;55,4199;16,7;2,96816;95,5;14,7258;
20408,7;89,6181;41,3;8,54459;60,9;12,6289;9,8;4,19047;364,9;56,9007;17,2;2,85657;97,2;15,2039;
20395,5;90,8639;42,6;7,4054;63,5;12,468;10,4;5,0636;371,2;59,0843;17,4;2,87054;99,4;16,0636;
20381,1;94,179;43,3;6,98642;67,8;11,9983;10,2;3,68239;378,5;60,7474;18,1;2,62488;101;16,9765;
20365,3;95,6776;45,6;7,67072;67,7;10,8724;12,1;4,59239;388,1;62,4907;18,3;2,57099;102,9;16,8312;
20351,3;97,2256;45,4;7,48599;70,6;10,5849;11;3,79473;397,4;64,3898;18,8;3,09192;105,5;17,5741;
20335,8;98,0202;47,1;7,50267;73,9;8,41962;11,7;4,42832;404,8;66,4316;19,3;2,75862;107,4;17,8561;
20320,1;99,0005;46,6;6,29603;75,3;10,0802;11,9;3,33017;416,7;68,8245;19,6;2,61534;109,8;18,8404;
20304,2;103,304;47,2;8,24379;78,4;11,9013;12,4;2,90517;426,1;70,724;19,7;2,49199;112;18,942;
20289,6;104,138;47,1;9,7103;82,9;9,50211;10,9;2,2561;434,7;71,4661;20,2;2,71293;114,6;18,8531;
20273,8;105,991;47;10,0896;86,5;12,4599;10,1;2,16564;444,5;70,6955;20,6;2,83549;117,5;19,6787;
20257,2;108,959;49,3;10,6775;87;13,8492;11,9;2,34307;454,4;71,0101;21,1;2,87924;119,1;20,0022;
20240,5;114,511;51,3;13,7989;87,1;14,8825;13,8;2,5219;464,8;73,0737;21,8;2,71293;120,7;20,1348;
20224,8;115,23;50,5;11,1018;88,2;16,0798;14;3,43511;477,2;75,8351;22,4;2,72764;122,9;20,9354;
20205,8;118,509;56,6;13,0935;87;13,394;14,6;3,10483;487,6;78,6539;22,7;2,5318;125,7;21,5316;
20189,1;119,823;56,8;10,1272;89,5;15,3313;14,6;4,05463;498,3;78,749;23;2,72029;128,7;20,6884;
20171;120,708;59;7,49667;90;16,9941;14,4;2,97321;510,8;80,8601;23,3;2,75862;131,5;21,1009;
20150,6;125,879;60,4;15,8127;93,2;13,1742;14,5;2,94109;523,1;83,2844;24,2;2,95973;134;21,1471;
20129,8;133,251;63;16,1493;95,3;16,3037;14,7;3,0348;535,4;84,3863;24,8;3,31059;137;21,1991;
20113;134,495;61,2;12,254;98,1;18,8703;14,6;4,05463;548,3;86,7065;25,3;3,68917;139,5;20,6652;
20094,1;137,006;62;12,3045;98,6;19,8806;15,5;4,80104;560,9;88,4946;26,5;3,32415;142,4;20,8959;
20072,9;141,327;64,5;13,6985;100,9;21,0307;15,2;4,9558;572,8;91,0283;27,5;3,20156;146,2;21,0181;
20051,7;140,683;66,8;8,81816;102,1;18,8703;15,7;5,44151;585,5;95,0739;28,7;3,28786;149,5;21,0155;
20031,5;142,752;66,9;8,4788;105,2;19,6967;16,8;4,85386;597,8;97,9324;29;3,37639;152,8;21,7798;
20010,4;147,896;68,8;11,47;104,3;20,9669;17,6;4,58694;611,9;98,0637;30;4;157;22,2081;
19988,1;153,019;70;17,1988;107,9;20,0871;16,7;3,60694;625,8;100,487;30,3;3,37787;161,2;22,5158;
19967,5;157,932;69,1;15,6426;111,4;19,6581;18,1;4,06079;638;102,995;31,3;3,55106;164,6;22,7429;
19943,5;160,287;72,3;14,0716;113,9;20,6129;17,5;3,64005;652,1;107,41;32,1;3,33017;168,6;21,8458;
19919,8;164,734;76,5;14,4793;111,1;20,0072;17,5;4,58803;670,1;110,403;32,4;3,35261;172,6;22,0871;
19899,6;167,783;73;14,4361;116,5;18,975;16,5;5,16236;683,6;115,865;33,6;3,44093;177,2;21,876;
19877,2;169,184;73,9;13,6708;118,8;18,8934;16,4;4,45421;698,5;116,768;34,5;3,87943;180,7;22,6055;
19850,9;170,996;80,1;13,1107;118,6;22,1323;17,8;2,67582;712,9;120,014;35,1;3,75366;184,6;23,1266;
19826,8;173,089;77,5;13,4703;126,7;22,2758;20,1;3,04795;724,9;122,441;36,2;3,65513;187,8;24,4941;
19800,4;175,791;78,1;12,1856;129,1;19,4754;19,7;2,75862;743,1;125,776;37;4,07431;192,6;24,8282;
19776;179,736;76,5;11,2094;132,8;21,7108;19,6;3,63868;762;127,86;37,4;4,34051;195,7;24,5603;
19750,4;186,385;78,1;14,4807;134,2;21,7016;20,6;5,14198;779,7;128,459;37,5;4,52217;199,5;24,4959;
19725,4;189,386;80,5;15,5451;132,6;19,6224;22;5,07937;797,9;132,312;38,5;4,47772;203,1;25,5008;
19701;191,463;80;13,1149;136,1;20,782;21,6;5,67803;813,6;135,448;39,5;4,47772;208,2;26,6713;
19674,7;191,296;83;12,0913;135,8;18,5354;24,1;4,88774;829,9;140,05;40,7;4,1;211,8;26,7798;
19644,7;194,636;89,5;13,6766;137,1;19,3879;22,9;4,22966;847,8;141,315;41,3;4,49555;216,7;27,1774;
19616,7;198,063;91,6;13,6909;141,9;18,684;22,9;3,17648;863,1;144,658;42,1;4,41475;221,7;27,1958;
19588,9;202,216;92,9;13,9029;144,9;20,6903;23,1;3,96106;880,4;147,607;43,1;4,82597;226,7;27,7022;
19558,8;204,972;97,2;14,2464;146,3;20,0801;23,1;2,46779;898,6;149,823;44;5,36656;232;26,0806;
19526,9;206,958;98,8;13,0369;151,6;20,6019;24,6;4,4317;916,3;151,569;44,8;5,74108;237;25,8882;
19499,9;212,33;96,7;13,0004;154,4;24,7798;23;3,92428;937,4;152,961;45,6;5,4074;243;25,04;
19468,4;217,816;99,1;18,1629;159,4;24,2041;25,4;4,8;953,7;154,483;46,9;5,31883;247,1;24,9898;
19436,8;221,439;101,6;20,9819;159,8;19,8635;27,1;5,12738;974,3;158,347;48,1;5,41202;252,3;24,6457;
19406;225,601;100,3;19,8799;165,5;23,3034;26,1;3,53412;994,5;161,328;49,6;5,81722;258;26,2031;
19373,9;231,517;101,4;19,653;166,4;24,4016;27,3;4,19643;1017;163,999;50,9;6,39453;263,1;26,463;
19339,7;236,739;103,6;20,4313;168,5;26,0778;27,9;1,86815;1039,3;167,424;52,4;6,08605;268,6;26,6353;
19303,9;240,935;109,3;20,5672;168,2;28,2234;30,9;4,72123;1060,5;169,428;53,9;6,18789;273,3;26,7658;
19267,6;247,066;114,7;21,8451;169,6;27,7388;29,4;5,49909;1084,3;172,744;55,6;6,57571;278,8;26,4983;
19236,8;252,32;111,8;22,4134;174,1;28,2115;28,2;6,14492;1107;172,394;57,2;7,30479;284,9;28,3952;
19202,3;255,814;112,5;20,4707;180,7;29,0105;27,3;5,58659;1127,7;175,35;58,4;7,43236;291,1;30,1843;
19167,9;260,459;116;22,8954;183,8;29,3353;28,1;6,54905;1148,1;177,773;60;7,23878;296,1;30,0448;
19131,2;265,579;120,2;21,99;184,6;29,073;28,4;5,10294;1172;184,68;61,1;6,75944;302,5;30,7547;
19095,8;273,852;118,7;21,5687;190,4;33,4461;30,4;5,95315;1194,1;189,21;62,2;6,86731;308,4;31,9005;
19059,5;282,008;118,7;25,6984;195,8;35,5353;30,8;5,36284;1217,5;190,077;63,5;7,51332;314,2;32,3599;
19020,9;288,12;122,7;26,3668;195;37,7439;31,5;6,13596;1244,8;192,862;65,1;7,81601;320;34,4354;
18984,6;290,924;124,9;21,445;195,3;38,7945;31,3;5,866;1269,8;196,681;66,8;8,4119;327,3;35,0943;
18944,2;294,772;126,9;19,3104;197,9;35,3934;32,8;8,4119;1296,4;202,985;68,6;8,70862;333,2;35,6842;
18902,9;297,259;128,2;16,5879;201,4;37,4438;36,7;12,2723;1322,3;205,278;70,3;8,63771;338,2;35,7374;
18861,1;302,044;131,6;19,6886;205,7;33,2297;38,6;13,7855;1346;209,154;72,4;9,24338;344,6;35,8251;
18817,4;306,113;136,7;18,0945;213;33,2024;36,4;10,141;1369,6;211,05;74,2;10,6;352,7;37,5288;
18770,4;311,591;141,4;16,3963;219,6;33,5774;36,4;10,8093;1396,4;214,807;75,6;10,0419;360,2;38,7371;
18725,8;313,534;142,1;14,6181;227,2;33,421;36,9;10,2318;1422,5;217,424;77,9;10,8853;367,6;39,2484;
18680;318,492;148,4;16,3719;229,8;31,3873;37,2;8,45931;1450,6;224,312;79,8;10,7406;374,2;39,982;
18636,3;324,571;145,6;19,4072;236,9;33,2008;37,3;9,69588;1478,8;226,837;82,6;11,1283;382,5;39,6819;
18587,5;333,103;153,4;23,955;234,8;29,6068;38,5;11,4739;1510,3;232,162;84,8;11,5482;390,7;40,8339;
18538,9;340,928;154;22,7684;241,7;31,1482;38,7;9,72677;1541,5;236,032;87,1;11,8021;398,1;43,4153;
18491,6;345,022;158,1;21,1917;241,7;30,6824;40,7;10,4312;1573,8;239,38;89,1;11,9202;405;43,7995;
18438,8;350,559;164,6;20,2445;248,4;32,4136;40,8;8,74986;1603,1;240,874;90,8;12,3515;413,5;46,7081;
18389,5;354,947;166,2;16,3389;252;34,3686;42,6;7,78717;1636,6;245,202;93,1;12,6369;420;48,6785;
18338,8;358,916;167,1;17,8631;264,2;35,6084;39,6;8,22435;1667,1;245,682;94,7;13,1305;428,5;48,6482;
18285,2;365,797;167,4;21,6342;273,5;33,1217;40,6;7,73563;1700;252,545;96,9;12,7079;436,4;50,0384;
18234,2;375,337;166,7;20,7752;280,9;36,985;41,8;8,32827;1733,2;254,426;98,6;12,9476;444,6;50,9827;
18179,3;378,982;172,6;16,7463;278,8;37,9099;44,5;8,44097;1769,9;259,007;100,4;12,7922;454,5;51,5505;
18124,3;384,502;175,4;19,7545;281;35,171;45,1;10,6719;1808,5;265,13;102,6;13,2831;463,1;52,1583;
18066,5;397,908;177,6;31,3917;287,2;33,403;47,4;9,25419;1845,4;268,895;104,5;12,8472;471,4;54,5549;
18006,6;401,34;183,4;26,0814;295,1;36,2669;47,4;10,6696;1880,3;271,823;106,4;13,3056;480,8;54,0774;
17949,8;409,166;183,5;26,9342;299,9;36,4512;48,7;11,6108;1917,8;273,352;108,9;14,4807;491,4;55,1329;
17892;415,578;187,8;25,3606;305,1;40,4881;50,6;11,1911;1953,1;277,546;111,9;14,8084;499,5;55,554;
17832,4;418,94;193,7;20,8856;309,4;39,7849;50;12,3045;1990;282,9;115,1;15,5077;509,4;56,6713;
17770,9;431,711;197,5;25,2478;315,5;41,1224;51,9;11,1126;2026,4;287,111;117,5;15,6093;520,3;58,5082;
17711,3;440,464;202,3;29,4111;316,1;37,7477;52,4;8,78863;2066,5;292,907;120,1;16,22;531,3;61,8919;
17653,9;445,97;197,6;25,196;324,2;40,5236;56,6;12,8934;2103,1;296,484;122,3;16,7693;542,3;63,1618;
17588;447,665;203,8;23,2929;327,6;40,4801;55,6;9,992;2146,6;302,104;124,9;17,114;553,5;64,1829;
17520,8;454,839;209,1;23,0454;333,5;42,8118;56,3;11,6623;2188,8;307,987;127,1;17,1023;564,4;64,3307;
17455,2;459,38;210,8;21,8623;342;40,3807;55,6;10,5376;2229,2;313,147;130,3;17,0062;576,9;67,2301;
17389,9;464,248;213;24,2981;346,9;40,1558;56,2;10,5432;2273,7;317,954;133,2;17,4631;587,1;66,6325;
17327,8;468,799;214,5;23,5977;347,1;36,3798;57,2;10,4862;2319,4;325,085;136;18,1604;598;67,7658;
17261,4;475,353;218,3;23,7868;352,5;38,1792;56,6;9,04655;2364,5;331,074;138,7;18,7832;608;68,6833;
17192;476,64;222,4;17,0716;360,4;38,6968;56,6;8,17557;2406,2;336,327;142,2;18,3074;620,2;69,9769;
17124,4;483,825;224,8;18,3837;368,2;39,2321;56,7;9,81886;2450,1;337,312;144,6;19,0851;631,2;70,8192;
17055,5;488,033;225,3;21,3638;375,5;35,9423;57,2;10,9435;2496,9;343,404;146,9;18,5927;642,7;72,9603;
16984,3;496,277;228,4;23,0617;382,8;33,855;60,9;9,44934;2539,1;350,471;150,5;18,1011;654;72,6526;
16914,3;502,917;228,5;21,1719;390,8;38,7396;59,5;12,1676;2586,2;350,621;153,3;18,5798;667,4;72,4213;
16841,6;512,034;231,2;24,0242;397;36,8782;61,2;13,0369;2631,9;356,823;157,2;18,6269;679,9;72,4837;
16771,1;522,87;228,3;30,5288;398,3;37,2614;66,5;11,4477;2685,2;359,399;160,1;18,8809;690,5;74,3253;
16694,4;528,807;234,9;25,9324;401,8;49,5859;67,6;10,4995;2733,5;360,625;164,3;18,9528;703,5;75,6746;
16617,8;536,003;237,7;24,544;409,7;47,8143;65,9;11,1933;2783;367,068;168,1;19,6186;717,8;77,369;
16545,6;539,191;241,2;24,7095;409,7;47,4153;66,3;9,18749;2832,8;376,849;172,4;19,602;732;80,6213;
16468,3;543,825;249,7;30,3152;409,1;37,4338;66,7;8,41487;2885,2;383,785;175,7;19,8194;745,3;81,7815;
16396,5;547,964;243,8;26,7948;414,7;38,5436;70;7,38918;2939,5;389,325;177,9;20,1169;757,6;82,9207;
16319,6;553,396;248,9;26,2277;414,4;36,8923;71,3;7,18401;2993,5;390,539;181,1;20,9354;771,2;83,7876;
16237,8;556,73;257,7;26,0117;418;33,1512;68,5;8,1148;3048;395,965;185,3;22,6806;784,7;83,0338;
16152,6;562,033;266,4;25,5272;423,3;36,5186;69,7;7,79808;3099;400,395;189,4;22,8175;799,6;86,9968;
16071,6;569,918;269,6;24,5976;432,6;35,7888;69,9;10,8116;3149,7;404,551;192,9;23,8682;813,7;86,8263;
15988,3;579,566;273,2;25,6234;437,3;39,5981;72,6;8,26075;3203,1;405,148;197,1;25,6143;828,4;87,9764;
15901,2;586,851;281,5;26,36;441,2;40,826;74,5;8,66314;3258,1;408,667;200,8;25,4275;842,7;88,8077;
15813,7;591,87;283,6;26,2876;449,8;42,6422;76,5;9,90202;3312,8;410,547;205,5;25,5666;858,1;89,9216;
15726,2;596,712;281,5;25,0968;462,3;43,7677;77,8;11,1875;3369,8;417,123;209,2;26,0799;873,2;89,9942;
15637,3;603,524;286,3;25,8846;474,4;44,1049;75,4;9,76934;3423,7;423,302;214;26,5707;888,9;90,0671;
15553,4;611,553;283,9;27,9122;476,4;46,1654;76,3;10,5171;3485;429,438;219,4;25,9815;905,6;90,7659;
15465,2;618,27;292,1;32,1417;472,8;41,8325;78,9;7,43572;3548,8;434,065;222,7;26,2757;919,5;91,9557;
15379,3;623,601;292,8;27,6217;474,3;33,5442;82,6;11,0291;3609,9;444,241;227,8;26,6788;933,3;91,5544;
15289,9;631,169;291,5;29,6859;483,3;41,6414;81,2;10,1863;3670,3;446,675;233,6;27,2954;950,2;92,7457;
15201,6;636,381;292,4;29,4387;488,2;38,1334;85;9,64365;3729,8;450,736;238,2;27,3635;964,8;92,493;
15111;647,786;292,2;35,0223;497,1;36,7;83,7;8,12465;3790,7;459,451;243,2;28,3612;982,1;93,8727;
15021,2;647,863;293,4;24,4262;502;42,2019;83,3;9,38136;3853,5;465,784;247;28,4921;999,6;94,1012;
14923,2;653,426;303,4;22,2225;502,6;46,8534;83,5;10,538;3917,6;467,911;251,4;29,598;1018,3;95,224;
14830,9;661,628;309,4;27,9936;503,2;43,3585;84,8;10,5717;3980,8;471,524;257;30,5516;1033,9;95,5944;
14736,2;668,508;315,3;26,6648;505,9;43,1913;85,7;9,59218;4045,5;476,337;261,4;31,3024;1050;99,367;
14638,1;670,405;313,7;21,331;520,5;45,5878;84,7;9,4451;4110;478,831;265,9;32,5252;1067,1;100,815;
14542,4;673,783;316,2;22,9382;527,3;43,0001;84,2;9,14112;4174,1;480,48;270,9;33,4916;1084,9;103,342;
14447,8;677,689;317,5;21,5697;527,7;41,5886;82,8;6,02993;4242,7;486,298;276,3;33,3168;1105,2;104,57;
14344,1;676,208;323,7;17,5559;537,2;36,4494;83,9;9,57549;4307,3;488,296;280,5;35,3391;1123,3;103,89;
14247,8;676,254;323,8;13,3026;539;34,2403;86,7;10,1887;4378,2;496,214;286,4;35,6516;1138,1;105,834;
14139,1;682,577;330,2;13,6587;549,2;36,6928;89;12,2311;4445,1;494,931;292,2;36,2541;1155,2;106,281;
14036,5;682,313;333,5;14,7258;560,3;29,6312;88;13,5941;4511;499,683;297,6;36,6966;1173,1;106,121;
13936;686,402;334,3;16,8288;558,1;29,2863;90,7;9,6026;4584,8;503,376;303,2;37,2473;1192,9;108,506;
13836,5;695,573;337,6;26,9117;556,3;23,5926;95,4;8,89044;4654,7;509,866;306,4;37,9109;1213,1;111,028;
13734,7;700,653;335,8;23,3658;564,4;21,5091;96,6;7,49933;4725,5;511,024;311,8;38,5144;1231,2;112,267;
13628,4;704,14;341,3;28,1817;568,3;27,0852;96,3;9,02275;4795,5;515,683;317,5;37,46;1252,7;112,7;
13526,3;706,665;344,6;21,6758;572,8;31,1249;96;5,70964;4866;512,56;323,5;38,396;1270,8;112,051;
13419,4;709,271;346;20,03;582;32,8998;97,7;8,34326;4936;516,118;330,1;39,1138;1288,8;114,781;
13312,5;715,144;351,5;18,3098;583,9;33,593;100,6;10,9563;5007,6;517,286;335,4;40,6305;1308,5;114,041;
13205,5;715,338;354,2;17,3078;587,8;28,0991;103,7;12,2315;5081,3;523,821;340;40,4623;1327,5;113,636;
13103,1;721,726;352,7;26,1727;592,3;25,7334;104,9;7,64788;5152,1;525,526;347,4;41,536;1347,5;117,282;
12995,2;722,955;354,8;20,9943;600,5;29,8973;104,9;6,9347;5223,6;526,63;353,6;41,3188;1367,4;117,752;
12883,2;730,071;360,2;17,3136;608,4;33,4999;108,8;9,18477;5293;528,871;360,6;41,5264;1385,8;117,275;
12774,5;734,49;357,6;14,375;615,6;42,5375;110,3;8,18596;5368,3;528,051;367,3;42,1617;1406,4;117,044;
12667,8;740,624;358,1;12,8721;618,2;38,0836;106;10,4307;5446,1;528,899;373,6;42,5211;1430,2;118,061;
12558,2;745,414;360,9;19,3569;613,4;38,8798;110,3;13,1229;5528;529,54;381,3;42,6475;1447,9;117,478;
12453;750,062;359,8;25,4315;617,9;34,7633;112,6;15,1934;5601,6;534,233;388;42,7855;1467,1;119,14;
12345,4;751,377;363,1;23,36;615,7;36,9217;113,5;13,2155;5678,3;532,934;396,2;45,51;1487,8;120,965;
12236,1;754,556;361,7;22,6011;623,9;33,6376;114,6;12,4274;5752,2;536,051;404,2;46,72;1507,3;121,762;
12118,2;754,911;369,4;16,237;630,9;30,8462;116,5;14,5962;5822,6;535,358;412,2;49,0873;1530,2;124,081;
12008,6;759,116;371,6;19,4895;633,1;30,3132;108,6;12,2654;5902,7;542,621;417,8;49,7952;1557,6;127,056;
11894,9;764,795;373,5;20,607;637;27,0074;108,7;13,4614;5977,7;547,175;426;50,8803;1582,2;126,384;
11785,9;771,255;363,1;21,9657;646;26,0921;113,2;13,3026;6055,3;553,793;433,8;52,0707;1602,7;128,073;
11671,4;774,797;374,1;23,5985;635,2;25,3527;114;13,1529;6140,6;552,623;439,6;53,1285;1625,1;129,942;
11564,4;775,358;369,6;21,2;639,1;24,5131;111,7;12,7047;6219,4;551,735;447,5;54,7636;1648,3;129,623;
11449,7;778,013;372,5;26,8524;640,2;26,487;111,3;9,84937;6298,7;555,876;456,4;55,886;1671,2;131,188;
11348,7;772,428;361,7;17,9502;643,3;32,8696;113,5;11,7835;6375,7;558,362;464,3;55,321;1692,8;130,608;
11238;779,838;364,9;12,9804;639,4;30,5326;117,4;10,883;6455,3;561,504;471,7;56,3632;1713,3;131,961;
11128,1;785,285;366,2;17,1919;636,2;30,7825;114,2;7,9975;6538,1;568,139;478,5;57,5921;1738,7;133,074;
11013,8;791,863;373,8;27,2353;638,7;27,4046;109,2;11,4263;6612,3;567,521;488,4;58,1966;1763,8;133,115;
10902,3;791,589;369,5;21,3647;645,2;34,3855;110,5;10,7261;6693;568,071;494,5;58,4316;1785;132,279;
10786,7;790,115;372,9;17,7958;648,5;39,3758;111,3;9,86965;6771,7;568,539;502,6;58,8306;1806,3;130,903;
10670,7;787,437;380,1;16,4709;646,3;35,2649;110,9;8,57263;6853,2;573,509;510,2;59,4707;1828,6;132,353;
10558,9;789,064;373,2;17,7921;653,1;36,0262;114,1;9,60677;6934,4;573,785;517,6;59,129;1848,7;132,342;
10444,6;785,747;372,4;16,4936;659,4;34,3663;116,1;8,3;7012,3;574,92;525,2;59,9647;1870;133,95;
10330,1;779,729;378;19,7939;656,6;29,5642;114,3;6,9;7095,4;577,251;532,7;60,6713;1892,9;133,774;
10216;778,185;382,7;12,9387;653,7;29,5941;110,7;7,18401;7175,5;584,966;542,2;60,063;1919,2;134,649;
10104,6;775,076;375,9;16,9496;665,5;27,3834;110,3;7,14213;7252,8;583,223;550,5;59,8118;1940,4;136,839;
9993,7;774,067;374,4;14,0086;667,3;30,7605;111,2;9,5268;7331,4;582,582;559,3;61,0427;1962,7;135,314;
9882,1;770,994;377;23,4435;662,9;24,4436;111,5;6,84471;7413,7;583,368;568,8;62,1527;1984;133,113;
9773,6;771,858;377,6;27,0932;658,8;27,6072;111,3;8,19817;7493,5;577,396;578,4;64,5867;2006,8;132,496;
9658,7;765,807;379,8;23,4171;663,7;27,3388;108,8;9,96795;7571,9;578,19;587,6;64,9526;2029,5;132,913;
9553,3;765,533;372,2;23,181;666,5;22,8615;109,5;10,0424;7650,5;578,611;596,5;65,154;2051,5;132,581;
9441;764,265;370,9;12,4776;666,2;26,1832;111,4;14,1365;7733,5;575,198;605,8;67,6562;2071,2;133,286;
9328,2;761,481;374,1;17,7282;667;20,2879;113;11,8659;7808,4;572,438;615,6;67,1985;2093,7;133,442;
9218,4;756,221;373,9;19,6797;663,1;18,4524;112,8;10,4;7891,1;575,947;624,1;67,7945;2116,6;133,424;
9110,2;752,695;369,7;19,4013;660,6;20,5485;117,7;9,30645;7971,7;573,886;633;67,5189;2137,1;133,312;
9000;748,596;371,4;22,7737;660;19,2977;116,6;12,5952;8049,8;571,925;642,3;68,5187;2159,9;133,138;
8889;743,616;372,1;17,6094;656,1;29,2795;117,3;10,8171;8130,3;568,779;651,4;69,2765;2183,8;133,081;
8785,8;739,474;366,9;20,6903;654,4;23,4998;110,3;9,42391;8213,7;568,028;660,1;69,6426;2208,8;130,384;
8680,5;733,34;358,3;20,0152;658,6;23,5423;113,1;10,7559;8287;565,277;672,7;70,261;2229,8;130,589;
8572,2;732,017;360;12,3693;655,1;29,9748;117;12,5539;8363,1;564,067;683;71,0929;2249,6;131,647;
8466;725,612;359;12,7515;647,5;30,8294;115;11,1893;8447,1;558,27;692,4;70,2399;2273;130,648;
8351,3;725,412;366;17,5157;647,7;30,1299;113,8;10,3615;8524,4;554,86;702,5;71,8878;2294,3;129,219;
8250;722,085;359,1;18,8809;644,5;30,2399;117,7;9,79847;8600,4;551,738;712,9;72,7729;2315,4;128,798;
8145,9;718,995;354,3;19,7284;640,9;32,2442;119,5;11,3952;8680,3;549,571;722,1;73,6226;2337;128,214;
8039,1;717,768;353,5;22,2542;638;28,1887;117,6;9,89141;8760,2;547,32;732,3;75,983;2359,3;129,317;
7936,5;713,931;349,2;24,5226;631,4;26,1197;116;8,02496;8838,8;544,838;744,5;78,1143;2383,6;126,194;
7832,6;711,256;349,1;22,4341;628,3;24,1497;118,4;7,48599;8909,2;540,076;755,5;78,6018;2406,9;127,68;
7723,5;708,879;352,8;22,9904;627,4;20,8048;119,8;8,80682;8982,9;534,946;765,7;78,3084;2427,9;126,099;
7618,4;701,649;353,5;20,358;630,8;25,9453;117,3;13,5724;9052;531,108;777;79,6291;2451;123,442;
7518,3;700,14;352,2;24,8467;627,7;21,8726;111,2;13,0445;9129;526,714;785,8;80,1646;2475,8;126,339;
7413,8;701,717;350,4;18,5914;628,8;25,7984;112,3;10,2961;9199,7;523,571;796,7;79,2553;2498,3;123,794;
7314;700,531;345,8;17,4459;629,6;30,1901;113,8;7,26361;9271,7;516,806;807;81,6505;2518,1;123,913;
7211,4;693,85;341,5;14,2846;628,4;31,4808;111,5;10,4809;9346,6;514,212;819,3;82,1097;2541,3;123,691;
7111,7;686,505;342,1;23,0541;623,4;26,0814;109,9;9,61717;9418,3;511,631;831;84,7809;2563,6;123,18;
7009,2;681,123;343,1;23,5688;615,3;28,5414;111,7;9,61301;9493;517,62;842;84,6841;2585,7;123,019;
6915;675,983;335,5;25,1565;613,5;28,6609;109,5;11,2628;9563,1;510,818;856,1;86,2641;2607,3;124,46;
6819,3;672,565;329,6;22,3213;607,3;29,2816;112,7;8,74128;9636;505,581;867,5;84,7434;2627,6;121,899;
6725,4;669,58;328,3;18,6013;597,1;32,6633;112,6;15,2197;9708,5;500,61;876,9;87,0143;2651,2;123,291;
6635,3;664,65;319;16,7631;589,9;31,8668;113,3;12,4423;9779,9;497,849;887,7;89,1808;2674,9;120,741;
6541,4;655,728;315,9;23,0714;587,8;32,9175;108,6;9,00222;9847,5;494,438;900;89,1123;2698,8;121,198;
6439,8;648,749;324,4;22,2989;578,7;29,6919;107;7,02851;9915,4;489,871;913,7;91,0912;2721;119,148;
6347,4;643,011;320,6;24,1793;572,2;28,9441;103,9;7,99312;9988,1;485,202;926;92,1933;2741,8;118,466;
6259,8;637,438;311,1;31,1655;574,1;26,6588;104,7;9,84937;10051,9;480,855;937,2;91,2314;2761,2;120,868;
6170,6;636,339;310;21,9454;571;33,7343;101,2;8,56505;10113,5;475,835;951;93,8872;2782,7;118,908;
6075,3;632,599;315,8;19,5694;561,3;39,9901;102,7;10,7522;10180,6;467,973;962,4;94,4894;2801,9;120,975;
5983,7;626,57;312,5;18,8852;561,5;36,1172;100,8;10,3904;10242,2;466,066;975;95,733;2824,3;119,166;
5895,7;618,314;308,4;21,588;557,4;37,2913;101,2;8,12158;10304,9;460,894;987,9;94,8351;2844,5;119,67;
5815,3;614,252;294,9;21,7828;558,3;39,92;100,2;9,4;10367,6;460,033;1000,1;95,2108;2863,6;117,869;
5725,5;603,536;297,7;24,3764;553,4;42,9981;100,8;7,31847;10426,5;461,201;1012,7;94,6763;2883,4;118,301;
5645,8;595,354;287,7;24,9682;550,9;42,0106;99,3;8,74128;10487,6;455,424;1025,7;95,0811;2903;117,63;
5558,2;590;288,7;22,5568;547,4;43,672;95,2;8,79545;10547,3;453,346;1038,2;96,1101;2925;117,754;
5476,3;582,855;285,8;22,4268;543,6;45,5548;89,3;11,3934;10606,8;448,156;1051,1;95,607;2947,1;117,135;
5395;576,577;280;20,5767;538,1;49,2229;89,1;9,62756;10668,9;446,373;1065,4;96,9528;2963,5;114,633;
5314,5;569,155;277,2;25,4079;530,6;39,9129;87,5;12,3713;10731,7;440,741;1076,4;96,8661;2982,1;113,371;
5240;562,162;271,9;31,0498;525,8;36,5727;86,7;13,6898;10788,2;432,42;1087,9;99,6278;2999,5;110,832;
5166;560,682;265,1;20,7627;517;41,4608;90,1;15,649;10846,3;427,834;1097,9;100,722;3017,6;111,124;
5081,8;552,448;271,2;24,6852;506,2;41,3565;88;13,0767;10907,2;422,966;1110,1;101,962;3035,5;108,007;
5003,8;544,732;267,5;30,3752;503,7;37,8287;87,7;7,87464;10959,5;413,867;1124,9;101,825;3052,9;106,042;
4923,9;541,246;271,8;27,0658;502,7;42,5795;80,8;7,6;11009;410,779;1139,2;101,738;3072,6;105,926;
4848,7;535,351;265,7;23,1562;499,1;42,3425;87;5,76194;11061,1;407,515;1149,2;100,808;3089,2;103,754;
4770,4;522,27;264,9;30,7651;495,7;43,925;84,9;10,0344;11115,2;399,971;1161,9;103,087;3107;103,318;
4693,3;514,63;265,4;27,4015;490,9;44,4622;82,8;11,5827;11166;394,552;1176,7;104,983;3124,9;104,71;
4620,7;512,649;259,2;24,8789;491,6;48,0212;79;13,2816;11218,5;392,258;1188,6;105,402;3142,4;104,734;
4550,6;508,636;255,1;23,8807;482,9;43,8462;82,4;11,0833;11269,3;385,009;1203;106,942;3156,7;101,034;
4485,2;503,13;244,7;20,8089;476,9;45,9205;85,1;9,96444;11319,8;377,877;1215,9;108,523;3172,4;99,2846;
4417,2;498,989;242,9;22,3984;459,2;44,3121;88,4;11,7745;11371;373,663;1232,2;108,023;3189,1;99,0055;
4350,7;493,876;237,3;22,1;454,5;43,7087;87,1;10,4924;11419,3;368,462;1245,1;108,037;3206;97,95;
4290,1;488,426;226,6;23,3118;453,4;45,8764;85;7,19722;11460;361,371;1260,5;108,761;3224,4;96,5631;
4222;482,184;227;25,223;445,4;41,9695;86,8;8,42378;11505;357,789;1273,2;109,815;3240,6;94,0247;
4151,8;477,415;232,6;24,336;434,2;34,9966;84;10,5736;11550,1;352,128;1289,8;110,389;3257,5;92,7677;
4084,6;473,837;232,9;21,9018;431;40,0874;81,5;11,1557;11593,3;353,406;1302;109,755;3274,7;92,1152;
4021,3;469,433;227,1;18,2508;427,1;40,3991;80,9;10,7187;11635,9;347,748;1317,2;109,538;3290,5;91,3392;
3958,5;462,839;220,1;17,5866;423,9;44,597;80;10,198;11679,8;344,894;1330,7;109,104;3307;90,0666;
3897,6;456,883;216,8;14,8916;418,7;48,4542;75,6;6,23217;11722,1;337,581;1344,7;109,093;3324,5;88,1842;
3839;449,813;207,9;21,6769;412,5;39,8704;77;8,68332;11767,4;330,07;1358,2;110,106;3338;86,8631;
3777,1;441,515;206,1;21,0782;407;39,3395;78,6;11,7661;11809,7;324,233;1369,9;108,016;3351,6;86,0467;
3715,7;431,894;207,8;22,8508;399,1;38,6612;76,2;12,0399;11850,9;324,511;1383,2;106,831;3367,1;83,8265;
3654,9;424,814;207,7;25,6439;395,9;35,756;72,4;13,1088;11889,6;318,037;1396,6;107,433;3382,9;84,4553;
3598,7;421,862;199,4;24,6828;391,5;32,543;71,9;10,0245;11929,1;311,585;1412,7;107,632;3396,7;82,3663;
3540,9;419,889;198,8;19,4823;384,4;34,4186;70,6;8,52291;11968,5;307,383;1426,9;107,841;3409,9;81,5358;
3484,3;413,743;197,4;18,2768;379,2;38,2696;70,7;7,1;12006,7;306,776;1438,2;105,54;3423,5;80,3744;
3425,5;406,622;196,9;15,2804;372,8;35,5381;69,5;8,77781;12046,3;298,715;1450,6;105,018;3438,4;79,1406;
3368,1;398,01;196,3;21,7901;370,6;32,8944;68,6;9,89141;12079,9;291,729;1463,8;105,798;3452,7;78,1486;
3315,6;389,364;193,8;22,5779;359,6;34,0329;70,4;11,6722;12118,8;283,965;1477,3;106,631;3464,5;79,1521;
3259,9;381,698;194,8;19,5796;355,4;42,814;69,1;10,4254;12152,5;278,761;1489,9;106,915;3478,4;78,5649;
3204,5;373,251;191,8;28,0421;352,1;34,9613;67,9;11,6829;12183,9;268,588;1507;111,172;3492,8;78,0933;
3154,2;369,297;185,9;26,3114;349,1;33,2579;63,4;10,4038;12217,7;263,211;1521,4;110,447;3508,3;76,0974;
3104,8;366,144;181,6;23,1871;345,3;40,9538;60,9;7,72593;12251,2;263,937;1535,8;110,111;3520,4;74,6649;
3053,1;361,194;181,8;24,3549;343,7;38,6214;57,2;7,08237;12279,5;256,316;1551,7;112,205;3533;74,0203;
3005,7;356,026;175,5;22,0057;341,9;37,2222;58,3;8,27103;12309,5;254,732;1564,9;111,846;3544,2;73,8956;
2956;353,542;173,5;19,3507;336;34,762;55,5;9,76985;12341,2;250,495;1580,6;111,629;3557,2;73,6584;
2907,6;344,288;172,7;24,8357;329,1;32,7489;60;9,5184;12368,7;245,47;1595,5;113,2;3566,4;71,7443;
2860,3;342,861;168,2;19,1249;328,9;35,2603;59,5;11,6555;12395,9;239,788;1609,7;113,357;3577,5;71,0651;
2811,1;333,952;169,1;18,7641;325,7;35,567;59,1;9,86357;12423,3;236,768;1622,8;112,427;3588,9;69,1599;
2765,4;329,353;165,5;20,8099;318,2;32,6582;59,1;7,82879;12453,9;228,907;1636,5;114,406;3601,4;67,1241;
2719,7;326,21;164,4;22,236;313,4;30,7675;58,1;7,04911;12479,5;223,653;1653;113,45;3611,9;66,9828;
2673,5;323,055;165,7;23,971;306;31,3081;55,1;6,0075;12509,8;219,871;1666,7;113,915;3623,2;66,747;
2629,6;313,904;161,6;23,4657;304,4;32,2837;54,5;9,0912;12535,4;218,033;1680,8;112,919;3633,7;65,3958;
2584,4;309,036;163,5;24,7558;295,1;30,8462;53,9;8,4788;12563,3;211,42;1694,8;112,25;3645;64,7287;
2536,3;305,842;161,2;16,3634;298,8;37,5121;51,7;10,3446;12585,6;208,399;1711,6;111,093;3654,8;63,389;
2498,4;304,739;155,5;13,8798;291,6;34,8459;52,8;11,2054;12612,3;204,395;1724,1;109,91;3665,3;63,5752;
2457,8;297,628;151,4;15,7048;285,6;34,159;50,4;9,4361;12637,9;196,758;1739,3;112,147;3677,6;62,9797;
2415,9;293,047;148,9;16,2385;280,2;36,8424;51,3;9,55039;12660,8;194,156;1756,7;114,112;3686,2;63,052;
2373;287,453;147,9;22,2191;278,1;33,4528;49,3;9,9905;12682,8;187,238;1771,6;115,673;3697,3;60,9213;
2331,3;281,983;146,9;23,6282;274,3;30,3975;49,5;10,9932;12703,6;184,234;1787,7;115,287;3706,7;60,696;
2292;276,655;146;21,587;266,4;31,8973;49,2;10,6658;12728,6;180,921;1801,6;114,309;3716,2;59,8929;
2251,2;266,921;147,3;25,7839;261,9;29,8176;46;8,68332;12750,3;176,877;1815,1;116,128;3728,2;59,9363;
2215,6;263,089;140,3;24,9481;259,2;30,8247;46,2;9,5163;12770,1;170,497;1831,3;117,96;3737,3;58,7129;
2182,2;259,458;133,5;20,6458;262;32,4592;43,2;9,45304;12788,8;163,243;1843,7;118,937;3746,6;58,6553;
2144,5;253,044;136,1;23,145;257,3;30,7735;43,5;7,95299;12804,4;159,335;1859,3;119,953;3754,9;57,5994;
2111,7;251,266;129,1;21,0117;257,5;29,9341;40,9;6,31585;12823,4;158,139;1873;119,367;3764,4;57,7654;
2075,6;244,534;128,9;24,805;252,8;29,9727;39,8;8,26801;12842,6;153,03;1886,9;118,617;3773,4;58,1725;
2037,8;238,005;129,8;25,5844;250;31,3847;40,4;6,69627;12859,2;146,304;1900,7;121,539;3782,1;57,6202;
2005,3;235,259;127,7;20,6691;246,9;33,1465;39,9;3,96106;12876,5;143,32;1914;122,57;3789,7;58,3336;
1969,4;232,223;126,6;23,4529;244,7;29,8833;40,8;8,10925;12892,5;140,973;1927,6;122,912;3798,4;58,4144;
1937,9;230,516;120,6;18,1064;240,1;36,1703;41,5;5,80086;12909,8;139,788;1943,8;123,291;3806,3;56,8314;
1908,2;225,127;117,6;16,3169;232,9;32,8373;43,6;5,18073;12926,7;131,651;1957,3;125,47;3813,7;56,2229;
1875;222,997;117,8;16,2099;231,1;33,5483;42;4,40454;12938,6;133,719;1972,9;122,341;3822,6;54,9403;
1845,6;219,505;114,3;16,5834;226,6;30,4342;41,7;7,25328;12954,9;128,897;1985,4;122,663;3831,5;53,5915;
1816,5;220,024;108,5;12,5877;227,6;31,8314;38;7,0852;12968,7;125,3;1999,8;124,492;3840,9;54,0601;
1786,7;216,359;108,2;13,8405;219,8;29,0028;40,2;5,3066;12978,6;122,669;2016,5;123,215;3850;54,4463;
1757,9;212,686;103,8;16,4426;221,9;26,3797;38,9;6,78896;12986,6;120,877;2034,1;120,43;3856,8;54,0718;
1729,5;208,757;102,6;17,1301;216,6;25,3622;37,7;6,76831;13001;114,751;2048,7;122,319;3863,9;55,8452;
1698,9;206,996;106,4;14,2;210,8;24,7621;38,1;7,75177;13012,7;115,911;2063,7;118,396;3869,4;55,0821;
1670,8;202,958;103,9;14,6455;209;30,0998;39,1;6,60984;13022,3;113,174;2079;118,656;3875,9;53,562;
1641,5;201,406;103,8;10,3711;202,5;27,6451;38,2;5,70614;13036,7;109,581;2093,3;117,586;3884;54,2181;
1615,8;198,307;98,4;9,15642;203,8;29,6203;36;6,18061;13045,1;108,477;2109,5;117,287;3891,4;52,6217;
1588,2;195,159;97,4;10,4518;201,1;27,8727;37,2;8,87468;13053,5;105,406;2124,6;116,88;3898;52,1325;
1561,1;190,497;96,7;10,6869;196,6;24,3524;36,2;8,17068;13066,1;101,49;2137,5;116,261;3905,8;52,1839;
1536;188,471;98,6;9,4255;189,9;24,8855;35;6,0663;13077,1;100,442;2150,9;118,445;3912,5;48,6462;
1510,1;185,037;97,3;11,0095;187,2;24,9872;35,2;5,74108;13085,4;98,3028;2165,4;117,222;3919,4;47,846;
1486,3;181,777;94,3;12,0752;186,8;21,2358;32,3;6,14898;13092,4;94,2255;2181,6;118,829;3926,3;47,1212;
1462,2;182,902;90,6;10,5943;182,4;20,3578;33,2;6,20967;13099;89,9366;2197,4;120,454;3935,2;45,943;
1437,6;184,271;91,2;10,5148;179,1;21,847;31,1;5,18556;13106,8;90,7896;2212,4;120,907;3941,8;45,81;
1413;181,621;89,9;8,43149;174,3;18,0225;31,7;7,53724;13116,5;90,4812;2226,9;118,406;3947,7;45,9457;
1389,6;177,236;87,4;10,49;172,6;14,7187;33,4;7,4458;13122,2;88,2959;2242;119,857;3952,8;46,7222;
1366,3;174,115;89;13,7186;166,9;13,1335;31,4;8,47585;13130,6;84,919;2255,3;122,242;3960,5;45,7083;
1345,3;170,623;85,5;12,2332;169;16,7093;29,7;7,57694;13133,2;85,3239;2270,8;122,958;3966,5;44,3379;
1322,4;169,462;84,9;12,4615;166,3;15,1331;29,3;7,51066;13140,8;86,3931;2283,7;120,872;3972,6;42,7158;
1300,4;166,955;85,4;9,11263;163,5;16,9897;28,2;6,38436;13145,1;84,8345;2299,3;123,255;3978,1;40,984;
1280,5;165,102;82,5;11,2628;161,8;17,3655;27;6,29285;13150,4;84,6584;2314;123,292;3983,8;40,1343;
1257,5;162,329;84,2;11,2499;159,2;15,2368;26,8;5,24976;13152,3;85,1446;2329,7;121,767;3990,3;39,772;
1237,1;158,84;81,2;12,7969;156,7;15,6528;27,1;7,18958;13156,9;87,3893;2345,7;123,776;3995,3;38,7609;
1215,3;158,278;80,1;8,0181;154,6;18,816;28,9;7,21734;13160,6;85,4929;2360,8;124,031;3999,7;39,1792;
1194,3;154,855;79,2;9,32523;151,8;21,9445;29,6;5,4074;13161,9;82,8257;2377,9;124,838;4005,3;38,4215;
1176,2;151,628;78,1;12,3162;149,3;17,7598;26,4;4,54313;13166;84,2116;2391,6;125,356;4012,4;40,19;
1157;148,881;76,8;13,4149;144;15,5628;26,6;4,65188;13169,9;83,0764;2408,6;125,403;4017,1;39,9035;
1137,8;146,267;75,2;13,4447;142,1;15,4107;27,3;4,40568;13172;80,0425;2424,1;124,592;4021,5;39,7599;
1121,9;142,963;71,9;13,9889;142,1;16,4709;25,5;4,56618;13171,1;78,5983;2439,8;124,389;4027,7;40,361;
1103,4;141,288;69,7;13,2064;142,6;16,5964;25,7;5,76281;13173,8;79,4856;2452,1;125,195;4032,7;39,4336;
1087,1;136,786;68,2;12,9908;138,6;18,9008;25,4;3,95474;13179,7;78,9811;2464,5;128,164;4036,5;38,8027;
1071,4;135,442;67,1;11,8528;135,9;18,2343;24,1;3,41906;13181,3;78,9722;2478,5;125,715;4041,7;37,7467;
1051;131,189;67,2;14,1124;134,8;19,7828;25,8;4,42267;13182,7;82,5276;2493,1;127,535;4045,4;38,2157;
1036,2;131,918;64,7;8,67237;133;22,7903;25,1;4,59239;13182,3;80,8975;2508,8;128,695;4049,9;37,5485;
1019,4;128,369;63,5;10,4714;133,4;22,5486;21,4;4,8621;13184,2;81,3975;2521,9;128,28;4056,2;35,9661;
1003,7;127,454;62;8,23408;130,3;26,0885;21,5;4,80104;13187,4;82,6816;2534,5;127,993;4060,6;35,2596;
985,6;123,995;62,8;8,85212;126,2;22,5024;20,7;5,78014;13187,9;80,5214;2551,9;129,942;4064,9;35,5934;
971,9;120,995;61,9;11,7936;121,7;17,9223;23,3;6,54294;13188,6;82,0466;2564,3;131,674;4068,3;35,626;
956,8;119,646;61,8;9,3787;118,4;19,6071;24,1;5,57584;13187;80,3679;2578,4;133,48;4073,5;36,1614;
941,9;118,068;60,8;10,2352;116,3;19,4784;22;5,19615;13188,7;84,1143;2591,3;134,382;4079;36,4884;
927;116,793;59,8;10,018;114,1;18,5604;20,9;4,32319;13188,8;83,0997;2606,1;133,897;4083,3;36,7996;
911,8;114,88;58,7;8,77553;113,8;14,5313;20,1;5,48544;13186,9;83,4379;2620,9;133,837;4087,8;35,0451;
897,6;111,837;57,3;11,136;112,7;17,6808;20;4,14729;13182,2;84,3443;2638,7;134,581;4091,5;34,0654;
884,8;109,112;55,9;7,245;110;17,4241;20;3,25576;13179,8;84,0545;2654,4;136,237;4095,1;34,2358;
871,8;109,059;54,2;8,62322;108,2;16,5457;20,3;6,66408;13177,1;84,1967;2669,4;134,056;4099;34,45;
860,2;109,396;52,7;10,4024;104,4;15,2525;21,1;4,84665;13175,2;82,4582;2683,6;134,44;4102,8;33,8904;
847,3;107,253;52,5;10,0822;104,4;14,1152;20,8;6,14492;13170,8;83,0648;2697,7;132,523;4106,5;34,8088;
835,5;105,522;51,8;10,6189;104,4;14,4651;19,6;6,91665;13166,7;82,128;2711,7;131,15;4110,3;34,6902;
825,4;104,512;48,9;8,81419;101,7;15,4858;19,5;6,68207;13162,4;79,1394;2726,8;130,438;4115,3;35,7409;
814,2;101,845;47,1;8,71149;100,5;14,9349;19,5;5,74891;13160,3;77,0533;2739,8;130,448;4118,6;35,6124;
803,2;99,8537;47,1;7,82879;98;13,3716;19,6;4,63033;13156,1;75,7053;2752,8;131,633;4123,2;36,5535;
789,8;97,0575;49,2;7,97245;96,5;11,2004;19,4;4,73709;13152,3;75,6664;2766,1;132,302;4126,7;37,606;
777,9;94,1992;48,2;8,30422;96,6;13,0323;18,1;5,18556;13148,2;75,7665;2779,7;132,347;4131,3;36,8403;
766,8;91,4711;49,3;9,68556;93,4;13,1316;17;4,3359;13144,5;80,5807;2794,5;133,908;4134,5;36,3022;
754,6;90,7945;49,4;9,15642;92;12,9769;17,2;4,01995;13139,9;84,0148;2809,3;133,849;4137,6;34,7569;
745,2;89,716;47,4;9,02441;90,8;12,254;16,9;3,38969;13132,3;84,9247;2826,1;133,707;4141,3;34,5834;
735;87,9113;45,3;10,8816;91,6;11,1194;17,3;4,62709;13127,7;83,2166;2839,1;134,901;4144;34,4587;
723,6;84,8259;45,9;9,97447;89,4;15,0147;16,1;3,78021;13122,7;80,3667;2854,3;133,922;4148;33,8526;
713,1;82,0907;45,6;9,91161;88,8;16,5819;15,8;2,44131;13118,2;81,1736;2867,7;132,654;4150,8;33,5702;
704,7;81,5758;43,1;9,04931;88,6;18,051;15,6;3,97995;13111,5;81,7157;2882,4;130,993;4154,1;32,5805;
694,3;78,2356;42,7;8,8775;87,1;18,9233;14,4;3,41174;13106,9;78,397;2896,8;131,224;4157,8;32,9842;
684,3;75,5606;41,5;10,8927;86,1;16,8964;14,3;3,28786;13102,5;81,9478;2911,3;130,117;4160;33,9175;
677;73,4071;37,8;10,6094;86,1;15,9527;13,5;3,85357;13097,1;87,8538;2925;130,327;4163,5;33,7409;
670,5;73,4279;36,6;7,98999;81,5;14,2004;14;4,44972;13091,6;86,2487;2939,2;131,953;4166,6;33,5952;
661,4;70,1972;37;7,0852;80;11,679;14,2;5,94643;13085,9;86,4574;2952,4;130,052;4169,1;33,8864;
651,6;68,7055;38,8;8,48292;77,4;12,5395;13,2;3,995;13078,2;87,5166;2968,9;130,882;4171,9;32,2628;
642,4;69,4999;36,7;4,33705;77,7;12,9773;12,7;2,86531;13070,8;86,3108;2984,8;130,177;4174,9;32,6939;
633,7;67,7599;38,1;5,12738;74,9;12,7628;13,2;4,53431;13063,7;88,0591;2999,6;129,979;4176,8;33,5851;
626,1;65,9795;36,3;4,36005;76,3;12,133;12,8;4,81248;13055,6;87,2596;3013,4;129,012;4179,5;33,2543;
618,7;63,8969;36,6;6,2;74,1;9,50211;13,8;4,8949;13047,6;88,1331;3027,4;128,729;4181,8;33,1385;
611,6;61,638;35,3;5,76281;73;9,08845;13,3;4,51774;13039,9;86,8993;3042;128,038;4184,9;32,4329;
606,3;62,5029;34;5,86515;71,9;10,9494;11,5;5,35257;13033,2;89,2377;3054,5;128,381;4188,6;32,5337;
596,5;58,7627;38;6,34035;69;10,5262;10,5;4,58803;13023,4;91,1046;3071,4;128,989;4191,2;32,4308;
587,4;57,5937;37,6;8,55804;68;13,2439;10;2,82843;13017,4;88,8687;3085,6;128,769;4194;31,686;
578,9;55,2855;36,4;6,95989;69,9;13,8885;9,7;3,43657;13008,5;91,2801;3100,7;128,889;4195,9;30,6772;
572,3;53,8072;37,2;5,4;66,4;12,8623;10,2;2,27156;13001,1;92,4981;3114,8;128,042;4198;30,7018;
563,8;54,1771;38,1;7,42226;66,3;13,5871;9,6;1,85472;12990;90,3936;3131,7;127,938;4200,5;30,104;
556,5;52,225;36,4;6,57571;66,4;12,6111;10,1;2,3;12981,5;92,8291;3146,8;129,834;4202,3;30,1465;
549,8;51,5981;34,8;6,22575;66,6;13,0323;9,9;2,54755;12970,6;91,9078;3163,9;129,932;4204,4;29,7294;
543,5;50,6246;35,2;6,66033;64,2;10,6094;11,2;2,31517;12961,9;90,4615;3178;127,998;4206;29,1033;
534,7;48,2163;37,8;7,67854;63,7;13,0158;10,4;2,33238;12951,9;90,5069;3192,1;126,579;4209,4;29,7799;
526,8;45,3758;36,4;7,13022;66,4;13,0246;9,5;1,80278;12943,1;89,2451;3205,9;124,481;4211,9;30,0581;
521,6;43,7292;33,9;5,6648;66,5;13,1396;10,2;3,37046;12932,6;91,0156;3221,1;125,975;4214,1;30,9918;
516,1;43,3508;33,2;6,79412;65,1;11,6056;9,6;3,00666;12924,7;90,4346;3234,9;124,539;4216,4;30,8389;
509,4;43,8046;31,9;6,80368;64,5;11,8258;10,9;2,98161;12916,5;92,5864;3248,4;125,685;4218,4;30,4243;
503,9;42,6977;29,8;6,12862;63,2;11,2232;10,6;3,2311;12907,5;91,4289;3264,9;126,638;4220,1;30,5694;
497,8;40,8235;29,8;4,51221;61,9;11,2645;10,4;3,58329;12896,9;86,3232;3280,5;121,117;4222,7;31,4231;
490,3;41,4682;31,4;3,55528;58,6;10,0319;11,6;4,15211;12885,8;85,1126;3297,3;121,951;4225;31,2986;
484,4;40,4752;32,9;4,9689;55,5;10,2494;11,6;4,2;12878,1;83,9934;3309,8;119,703;4227,7;31,3115;
479,7;40,4575;31,5;4,47772;57,3;10,9731;10,3;3,00167;12868,6;81,094;3322,9;116,911;4229,7;30,9032;
475,4;41,4878;30,6;6,2;57,7;11,411;10,2;3,86782;12860;81,0876;3334,3;114,102;4231,8;31,0863;
470,2;40,9409;30,8;5,0951;56,8;11,1517;9,7;2,93428;12854;81,1739;3344,9;113,687;4233,6;31,0006;
464,8;39,5292;30,7;5,02096;57,4;9,531;9,6;2,83549;12844,1;82,4845;3358,3;114,217;4235,1;30,8527;
460,3;39,9876;28;4,12311;58;8,43801;9,4;3,1686;12837,8;82,2567;3369,3;113,441;4237,2;31,5113;
454,5;39,4569;29,4;3,32265;55,1;7,04911;9,7;3,34813;12830,1;83,7263;3382,1;114,921;4239,1;32,1946;
449,6;39,7447;28,1;3,11288;55,2;8,35225;9;2,60768;12822,4;83,2108;3394,5;116,676;4241,2;31,5683;
445,8;40,3629;25,7;5,1;54,3;8,94483;8,7;2,28254;12813,8;81,5129;3407,9;116,86;4243,8;30,8992;
441,3;41,1146;24,6;3,52704;54,2;8,34026;8,4;3,2619;12803,2;80,875;3422,4;117,75;4245,9;30,9756;
436,2;40,7279;25,2;3,62767;52;7,33485;8,3;2,9;12795,2;82,6254;3435,6;118,328;4247,5;31,36;
432,3;39,4387;23,9;4,10974;51,9;6,57951;8,1;3,11288;12783,9;83,1185;3450,6;117,565;4249,3;30,7182;
428,7;38,7093;24,3;5,08035;50,7;6,01747;8,1;2,42693;12770,9;84,8533;3466,1;119,834;4251,2;30,4821;
424,8;38,9276;23,9;4,52659;48,7;5,9;8,4;2,6533;12760,8;84,5326;3480,6;119,315;4252,8;31,349;
421,3;36,9163;25,3;5,83181;45,4;6,0531;8;2,48998;12750,8;84,1829;3494,3;120,066;4254,9;31,5197;
418,2;36,5398;24,4;6,29603;45,9;6,05723;6,5;2,69258;12739,5;81,8355;3508,2;119,526;4257,3;31,5596;
415,6;36,2028;23,4;3,82623;46,2;7,98499;7,2;2,44131;12724,7;82,9434;3523,9;118,562;4259;31,1063;
410,5;36,5493;22,8;6,92532;47,2;7,494;7,4;2,57682;12714;82,1584;3537,8;117,043;4260,3;30,7865;
406,3;34,5921;24,6;7,17217;44,8;5,67098;9,1;2,34307;12705,2;80,8663;3548,7;116,691;4261,3;31,1578;
402,2;34,905;25,2;4,26146;43,6;4,94368;8,8;2,78568;12695,6;80,5844;3561,8;115,598;4262,8;30,8182;
398,3;33,9118;25,6;4,05463;43,7;5,58659;7,7;3,34813;12684,1;78,8511;3575,7;114,537;4264,9;30,4252;
395,6;34,0094;24,2;2,89137;43,5;6,34429;7,9;1,81384;12674,5;82,9533;3587,6;117,918;4266,7;31,1289;
391,4;34,7885;23,5;4,272;43,9;6,34744;7,2;2,08806;12665,5;84,6632;3599,7;118,07;4268,8;31,2211;
388,2;35,1591;24,2;5,77581;42,9;6,3;7;2,48998;12652,3;83,4075;3614,8;117,906;4270,6;31,5569;
383,4;34,3168;25;4,24264;42,8;5,15364;6,7;2,93428;12641,7;81,528;3628,3;117,032;4272,1;31,2296;
380,1;32,9498;24,7;4,47325;43,2;4,44522;8,3;3,1;12628,4;82,8278;3642;116,416;4273,3;31,8058;
375,7;33,5591;24,9;4,50444;40,8;5,07543;9;2,93258;12620,6;82,2742;3654,8;116,027;4274,2;31,7011;
373,2;33,1325;22,2;4,8949;42,1;3,93573;7,4;3,10483;12611,4;85,0731;3667,3;116,753;4276,4;31,9756;
370,1;30,9175;22,1;5,44885;41,7;6,27774;6,7;2,57099;12599,1;86,018;3682,1;117,212;4278,2;31,4922;
366,8;30,9186;21,3;3,8223;43,9;7,43572;6,3;2,45153;12586,4;85,4508;3695,5;115,557;4279,8;31,0123;
364,3;30,0701;20,7;3,28786;44;8,91067;6,7;1,9;12575,2;86,615;3707,8;115,962;4281,3;31,3434;
361,3;30,9259;21,9;3,85876;42;7,81025;7,2;2,03961;12566,3;84,8823;3719;115,316;4282,3;30,6694;
359,9;30,6054;20,2;2,08806;42,1;7,72593;7,2;2,44131;12554,9;82,7798;3731,4;115,69;4284,3;30,4961;
357;29,7658;21,5;3,66742;39,9;6,5643;7,5;2,1095;12544;83,6074;3744,5;114,905;4285,6;30,4145;
355,2;28,0171;20,7;3,19531;38,9;5,2811;7,7;2,32594;12534,1;85,232;3756,6;113,929;4286,8;30,1854;
354,2;28,1027;18;4,51664;39,7;5,1;7,6;2,72764;12522,9;85,2707;3769,2;113,185;4288,4;30,2628;
351,7;27,7815;18,9;4,65725;39,5;4,05586;6,9;3,08058;12510,8;83,6873;3782;112,515;4290,2;30,2615;
349,8;27,96;19,1;6,36318;37,9;5,22398;7,5;3,38378;12499,8;84,6555;3794,6;112,782;4291,3;30,1365;
347,2;26,7836;20,3;6,38827;36,4;4,90306;7,8;3,94462;12487,8;86,7327;3808;113,544;4292,5;29,9207;
345,4;25,8232;19,6;6,68132;36,3;4,42832;6,8;2,67582;12476,5;87,075;3820,7;112,651;4294,7;29,7794;
343,4;26,9154;20,6;4,10366;35,8;5,65332;5,4;2,10713;12466,2;87,1387;3832,4;114,032;4296,2;30,149;
339,8;27,0991;21,2;3,76298;35,8;7,76917;5,5;2,06155;12452,6;86,861;3848;114,167;4297,1;30,6609;
337,9;27,278;20,5;3,32415;35,6;6,63626;5,8;1,98997;12442;86,5656;3859,8;114,305;4298,4;31,3822;
335,1;25,1772;21,7;3,95095;35,4;5,29528;5,7;2,57099;12429,7;85,2644;3872,6;113,004;4299,8;32,0244;
333;25,6749;21,4;4,38634;36;6;5,9;2,2561;12416,7;83,7151;3885,2;111,63;4301,8;32,7011;
330,5;25,6875;21;4,71169;38,4;6,10246;5,4;1,85472;12404,9;82,2672;3896,8;109,626;4303;32,9788;
329;24,7063;19,3;4,98096;37,3;4,67012;6,2;3,4;12395,5;82,2584;3909,1;108,994;4303,6;32,7634;
325;22,3249;22;4,3359;35,4;3,38231;6;2,60768;12385,5;85,1026;3920,8;110,571;4305,3;32,6498;
320,8;23,28;24;3,84708;35,9;4,63573;5,7;2,83019;12373;86,4488;3933,6;111,681;4307;33,0968;
319,7;21,7258;21;4,77493;38,4;5,37029;5,5;1,62788;12359,1;88,4448;3948,6;111,386;4307,7;32,8209;
317;20,3568;20,5;2,94109;38,8;6,53911;5,9;2,07123;12346,7;89,4819;3962,4;112,341;4308,7;32,6406;
315;20,3224;21,3;3,37787;36,6;6,93109;5,8;2,35797;12336,2;92,3643;3974,9;115,14;4310,2;32,4586;
312,4;19,551;22,2;3,02655;37,2;6,9685;6,2;2,4;12323,9;92,4148;3986,9;114,996;4311,2;32,4586;
311,9;19,9772;19,7;4,14849;37,9;7,96806;6,5;2,5;12312,3;91,3707;3999,3;114,037;4312,4;32,3425;
310,8;20,0489;19,6;4,94368;37,3;7,82368;6,1;2,16564;12300,2;89,7127;4012,4;112,825;4313,6;32,2621;
308,9;20,2754;18,8;4,14246;36,9;6,78896;6,5;1,96214;12292,5;88,8665;4021,1;111,915;4315,3;31,9125;
309;21,4569;17;4,04969;36,5;7,33826;6,2;1,8868;12283,5;88,1762;4031,3;110,759;4316,5;32,2188;
306,6;21,3832;18,3;3,87427;34,9;7,34098;6,7;2,5318;12272,6;86,7551;4043,7;109,93;4317,2;31,9681;
305,5;21,6391;17,1;2,3;32,7;8,93364;7,9;2,11896;12262,1;85,259;4056,4;107,999;4318,3;31,8529;
303,4;21,6619;17,3;3,87427;33,2;7,76917;7;2,79285;12249,3;83,5333;4069,8;104,807;4320;32,3079;
302,2;21,8714;17;2,86356;31,8;5,61783;6,8;3,31059;12238,5;83,874;4082,2;103,55;4321,5;32,6167;
304,1;22,6382;17;4,75395;30,3;5,15849;6,3;2,64764;12225,3;86,4246;4094;104,912;4323;32,7872;
302,6;21,9782;17,6;3,41174;30,3;3,19531;5,9;3,14484;12210,9;87,4579;4108,5;104,255;4324,2;32,9053;
300,5;22,4421;16,5;2,61725;32;3,34664;6,1;3,17648;12198,3;88,2338;4121,3;105,176;4325,3;32,988;
299,3;21,1379;17,3;3,79605;30,6;5,67803;6,2;2,89137;12185;88,1215;4134,8;105,521;4326,8;33,4329;
298;21,0761;17,8;4,85386;30,1;5,16624;6,2;2,71293;12173,6;87,2585;4146,6;104,346;4327,7;33,8262;
297,7;21,4478;17,5;3,61248;30,6;5,88558;5,3;2,45153;12161,3;87,8215;4158;104,724;4329,6;33,8739;
296,9;22,2371;17,1;4,08534;31,1;6,36318;5,4;1,56205;12148,9;88,377;4170,1;104,647;4330,5;33,809;
295,3;21,5223;17,5;4,65296;30,7;6,1;5,8;2,63818;12138,9;89,9338;4180,1;106,001;4331,7;33,6721;
292,9;21,2812;17,5;2,06155;30,2;7,16659;5,8;2,89137;12127,1;89,6844;4193,7;105,434;4332,8;33,28;
293,2;20,1832;17,3;2,68514;30,8;6,12862;5,5;2,69258;12114,2;90,7268;4205;108,311;4334;33,4724;
292,6;19,9158;17,1;3,04795;30,8;5,96322;6,3;2,36854;12102;91,1493;4216,2;107,787;4335;33,758;
291,7;20,2734;17,2;4,46766;30,4;5,86856;6,3;1,48661;12091,1;91,3022;4227,6;108,259;4335,7;34,1615;
289,8;19,7119;18,4;4,49889;30,3;5,78014;6,2;1,4;12080,2;87,6445;4238,2;105,135;4336,9;33,9218;
288,3;18,7353;18,7;4,00125;30,2;6,19355;5,3;1,84662;12068,4;87,9002;4250,8;105,815;4338,3;34,2083;
288,4;18,9484;17,9;2,84429;29,3;6,64906;6,1;1,7;12058,4;90,7526;4260,9;107,014;4339;34,4238;
285,8;20,4441;18,2;3,31059;29,1;5,6648;6,7;1,67631;12046,8;89,7984;4273,7;104,009;4339,7;34,9143;
284,9;19,6797;19,7;2,49199;27,9;4,92849;7,1;2,46779;12037;90,8438;4282,7;104,362;4340,7;34,8053;
284,5;19,8406;19,7;3,60694;28,5;4,6744;6,9;2,66271;12026,8;91,2664;4291,5;104,111;4342,1;35,1723;
287,1;20,3639;18,2;3,4;28,2;4,87442;6,3;2,57099;12015,4;92,3885;4301;103,326;4343,8;35,2812;
286,9;20,4863;18,1;3,47707;29,5;4,80104;6;2,40832;12003,1;91,1487;4311,5;101,642;4344,9;35,3877;
287,1;20,6662;16,2;2,89137;29,8;4,42267;5,4;2,69072;11991,5;91,1562;4323,9;101,774;4346,1;35,5118;
285,8;20,7403;16;3,76829;29,6;5,91946;5,6;2,57682;11982,5;90,8155;4333,6;101,235;4346,9;35,4639;
285,2;20,0938;15,5;2,90689;29,8;6,20967;5,2;2,48193;11972,6;91,5109;4343,5;101,559;4348,2;35,3067;
284;19,3598;16,3;2,41039;29,4;5,83438;6,2;2,92575;11960,7;92,2866;4354,5;102,422;4348,9;35,8955;
282,5;19,6278;16,1;3,3;30,3;4,19643;5,2;3,02655;11950,1;92,0374;4365,4;101,633;4350,4;35,9171;
281,9;19,588;16,5;3,74833;29,6;3,92938;4,9;2,62488;11938,4;90,9716;4377,2;100,878;4351,5;36,0423;
283,7;20,4355;15,7;2,96816;29,7;3,55106;5;1,09545;11928,7;94,7534;4384,6;101,818;4352,6;36,4203;
282,8;21,72;15,5;3,61248;29,3;3,55106;4,6;1,68523;11919,6;93,898;4394,2;101,141;4354;35,7155;
280,6;22,3929;16,7;2,68514;28,9;4,41475;4,4;2,72764;11906,5;93,7627;4407,9;101,226;4355;35,7715;
280,1;23,1277;17,2;2,56125;28,9;6,13922;4,8;3,4;11895,7;91,4068;4417,7;99,906;4355,6;35,8753;
279,2;22,2342;16,1;2,38537;29,2;7,50733;4,8;2,27156;11886,3;93,3724;4427,7;99,7598;4356,7;36,4309;
279;21,5824;17,2;1,98997;28,8;5,11468;4,6;2,2;11872,6;95,9075;4439,9;101,69;4357,9;36,3551;
278,5;21,7635;16,4;4,07922;30,2;5,01597;5;1,89737;11859,9;93,226;4451,3;99,6374;4358,7;36,6935;
277,8;22,3643;16,7;4,24382;30;5,15752;4,8;1,98997;11847;93,1762;4463,9;99,8353;4359,8;36,6519;
278,8;20,937;16,9;3,61801;28,6;5,14198;4,6;2,2;11835,5;91,1002;4474,3;97,9214;4361,3;36,7098;
277,8;21,8486;15,9;2,7;29,2;4,996;5,1;2,07123;11823,2;90,1031;4487,1;98,2094;4361,7;36,946;
277,1;19,7659;16,3;5,19711;28,9;4,94874;5,5;1,43178;11811,3;90,6896;4498,5;99,3693;4362,4;36,8136;
278,4;19,2935;15,6;5,004;28,2;4,74974;6,2;1,53623;11798,8;92,7468;4509,5;102,585;4363,3;36,8023;
277,5;18,1452;17,1;5,3;28,1;2,07123;6,2;1,8868;11788,4;90,0724;4518,5;100,996;4364,2;37,2016;
275,8;17,8482;16,7;4,87955;30;3,97492;5,7;1,61555;11775,2;92,3848;4531,2;102,179;4365,4;37,4305;
276;18,1163;16,6;3,29242;29,8;3,91918;4,9;1,7;11766;93,8115;4540,2;102,152;4366,5;37,8873;
275,4;19,51;17,1;3,78021;29,1;3,7;4,8;2,22711;11754,3;93,2063;4551,6;100,768;4367,7;37,2748;
275,4;19,0379;16;4,12311;30,8;4,44522;4,9;2,21133;11741;92,7006;4563,4;101,262;4368,5;37,6012;
275,4;19,6428;15,5;4,34166;30,4;5,38888;4,7;2,2383;11730,6;91,2351;4574,1;100,39;4369,3;37,8525;
276,2;19,8434;14,9;4,65725;30,8;5,01597;4,7;1,95192;11717,7;90,8549;4585,2;100,392;4370,5;37,6065;
277,1;19,2221;15,1;2,94788;29,2;6,33719;4,7;1,55242;11704,8;90,6011;4597,4;99,8751;4371,7;37,7175;
277;18,767;15,4;2,41661;28,8;4,83322;5;2;11694,3;91,0385;4606,9;99,8824;4372,6;37,5798;
277,5;17,2119;15,3;2,57099;29,1;5,41202;5,3;1,95192;11682,6;91,619;4616,9;100,529;4373,3;38,0974;
276,5;16,2681;16,3;4,1;28;6,3561;4,9;1,92094;11671,7;91,491;4628;99,981;4374,6;38,1686;
273,2;17,7696;17,5;3,55668;28,8;5,86174;5,4;1,68523;11658,5;92,6199;4641,1;101,038;4375,5;37,9506;
272,7;17,2572;18,7;4,00125;28,7;5,866;5;1,48324;11648,2;91,5345;4649,9;101,647;4376,8;37,9731;
271,8;16,7976;18,2;2,6;28,7;5,53263;5,7;1,67631;11639,3;91,6843;4658,8;101,973;4377,5;38,1084;
272,6;16,4085;16,7;2,64764;28,7;6,57343;5,5;1,80278;11628,7;90,8912;4669;100,396;4378,8;39,1096;
272,9;14,7;15,3;3,28786;28,9;5,37494;5,6;2,2;11616,4;90,4115;4681,1;98,9722;4379,8;38,8196;
273,2;16,4609;14,5;2,53969;29,8;5,1342;5,3;2,14709;11602,5;91,6311;4693,7;101,067;4381;38,766;
273,2;15,9047;15;3,74166;29,1;6,33167;5,1;2,11896;11592;90,868;4704;100,595;4381,6;38,8026;
275,1;14,6932;13,5;3,29393;29,4;4,71593;4,8;1,46969;11580,9;89,5706;4713,6;99,1708;4382,7;38,7222;
275,9;15,871;13,7;4,51774;28,2;5,70614;5,7;1,73494;11569,6;89,2527;4723,9;99,1165;4383;38,5953;
276,6;14,9746;14,5;4,58803;27,9;6,47225;4,4;2,15407;11556,1;89,1274;4735,5;99,0023;4385;38,8201;
276,8;14,8176;13,6;3,41174;28,8;6,16117;4,9;2,2561;11545;89,9467;4745,3;100,486;4385,6;38,6813;
276,3;16,4198;14,1;3,26956;28;5,07937;5,8;2,08806;11533,1;91,4226;4756;101,44;4386,7;38,2493;
274,9;17,3231;16,3;4,73392;27;4,87852;5,7;2,05183;11520,9;90,1958;4767,5;100,173;4387,7;38,5592;
276,1;17,4152;17;3,34664;26,5;3,93065;4,8;1,6;11508,6;91,02;4777,9;100,7;4389,1;37,8984;
276,3;16,7812;16,8;4,11825;27,4;4,10366;3,9;1,57797;11497;91,374;4788,2;99,8557;4390,4;38,2732;
275,7;16,371;17,5;4,38748;25,6;3,95474;4,5;1,36015;11487,9;92,4645;4797,7;99,905;4391,1;38,5083;
275,4;16,6505;16;3,63318;27,4;4,71593;5;1,54919;11474,9;92,6924;4809,3;100,075;4392;38,735;
276,8;17,7753;16,6;4,47661;28,3;4,69148;4,8;0,87178;11464,8;92,9062;4815,9;100,148;4392,8;38,4728;
277;17,2627;15,1;2,73679;30,2;4,0694;4,7;1,26886;11452;91,8281;4827,8;98,7935;4393,2;38,2434;
277,1;18,2124;15,7;3,49428;30;3,54965;4,8;1,07703;11439,8;93,0815;4838,7;100,985;4393,9;38,4277;
278,2;18,2143;15,9;3,67287;28,2;2,74955;4,4;1,49666;11429,6;91,1133;4848,5;99,7078;4395,2;39,0354;
277,1;18,0192;16,4;2,90517;28,8;2,48193;4;1,09545;11417,9;91,277;4859,7;100,733;4396,1;39,1343;
276,3;17,8384;17,1;3,64555;28,6;4,05463;4,7;1,1;11405,4;93,3104;4870,9;102,116;4397;39,4056;
276,1;18,9127;18,4;4,15211;27,3;3,1;4,4;1,49666;11393,6;94,8801;4882;103,812;4398,2;38,8814;
276,9;18,8385;18,1;3,38969;29,5;3,23265;4,5;1,36015;11383,3;96,2196;4888,8;105,64;4398,9;38,7697;
277,8;18,4109;16,9;1,51327;28,9;4,98899;4,7;2,64764;11373,6;95,2231;4898,2;104,851;4399,9;38,8006;
277,9;18,4903;16,7;2,45153;29,9;5,41202;4,4;2,00998;11363;96,1104;4907,4;105,544;4400,7;38,6058;
276,4;18,6612;16,8;2,92575;30,8;4,23792;4;1,73205;11350,1;94,5616;4920,3;103,765;4401,6;39,0646;
276,7;18,8364;17,1;4,54863;29,8;4,26146;5;2,44949;11339,1;92,8401;4929,9;102,96;4402,4;39,1157;
279,2;18,1923;16,1;3,2078;30,4;3,41174;4,1;2,11896;11329;93,3981;4937,6;103,625;4403,6;38,7871;
278;19,4113;16,2;4,0939;30,8;3,91918;5;2,96648;11316,4;91,7477;4949,4;103,454;4404,2;38,4806;
280,3;19,5911;15,3;4,98096;29,5;5,23927;5,4;3,13688;11307;88,9685;4957,6;101,513;4404,9;38,829;
281,6;18,9219;14,5;4,80104;28;5,15752;4,8;2,63818;11298,3;89,0158;4966,4;101,956;4406,4;39,1413;
282,7;19,329;14,5;3,66742;26,7;3,97618;5,1;2,16564;11289,1;89,0522;4974,6;103,51;4407,3;39,123;
282,4;19,7697;15,3;2,83019;26;4,17133;5,3;2,32594;11277,5;88,8766;4985,5;103,384;4408;39,0179;
281,1;17,2189;15,9;2,42693;26,1;2,66271;4,4;2,41661;11267,6;88,4943;4995,4;102,662;4409,5;39,4823;
280,5;17,6932;15,5;3,20156;27,4;3,63868;4,4;2,05913;11256,5;86,891;5005,5;100,724;4410,2;39,8467;
280,5;18,5108;15,4;3,1686;27,3;4,69148;4,6;1,56205;11245;85,4962;5016,5;100,347;4410,7;39,7996;
282,3;17,5901;15,4;2,33238;28;3,60555;4,8;1,8868;11234,7;86,0675;5023,4;101,822;4411,4;39,722;
283,6;17,3332;14,8;3,02655;26,1;4,52659;5,2;1,66132;11225,1;85,7525;5033;103,588;4412,2;39,5798;
284,1;16,9496;15,3;3,76962;27,3;4,81768;3,9;1,7;11212,2;85,5451;5043,7;102,538;4413,5;40,1279;
285,7;16,817;15,1;3,23883;26,4;6,66633;4,2;2,08806;11199,6;87,0382;5054,5;104,582;4414,5;40,3714;
286,1;16,7239;14,9;2,62488;27,2;6,47765;3,6;2,00998;11188,6;88,1569;5063,5;104,022;4416,1;40,1209;
285,8;17,3597;14,4;3,00666;27,1;6,62495;3,4;2,33238;11176,6;87,0807;5075,8;102,597;4416,9;40,2131;
285,7;18,0447;16,6;3,03974;26,6;4,58694;4,6;2,97321;11166,4;88,4773;5082,7;104,031;4417,4;40,3242;
285,9;18,1684;16,9;4,45982;25,8;3,78946;4,4;2,53772;11156,4;87,5045;5092,2;102,158;4418,4;40,9761;
284,6;19,3401;18,7;3,40735;26,8;3,995;4,2;2,44131;11143,5;88,8462;5102,9;104,911;4419,3;41,2797;
285,6;19,3453;17,5;5,53624;28,5;3,66742;4,3;2,05183;11131,9;87,5242;5111,8;105,296;4420,4;41,1781;
286,5;20,0062;16,4;5,2192;27,8;4,42267;4,5;1,62788;11122,8;87,7072;5121;106,263;4421;41,1266;
287;22,0182;17,4;3,85227;27,4;6,21611;5;1,54919;11112;86,5956;5129,4;105,297;4421,8;41,2403;
287,1;22,394;16,5;3,74833;27,9;5,6648;5,2;1,249;11102,7;87,9841;5137,8;104,815;4422,8;41,8014;
285;22,6804;19,5;3,87943;27,6;4,84149;4,3;1,48661;11093;90,1421;5146,6;105,649;4424;41,7349;
284,8;22,6354;18,8;4,19047;28,5;6,05392;4;1,94936;11083,6;93,704;5155,4;108,545;4424,9;41,7599;
284,3;21,5873;18,4;4,05463;28,3;7,18401;4,2;1,77764;11073,7;95,2103;5165,6;109,786;4425,5;42,091;
284,6;21,3504;17,8;4,79166;29,8;5,21153;4,4;2,15407;11062,1;94,3572;5174,9;108,606;4426,4;42,1075;
285,5;21,8232;16,5;4,60977;31,2;4,53431;3,9;2,21133;11051,8;92,8491;5183,4;107,94;4427,7;41,7853;
285,3;21,1946;16,6;4,77912;29,6;6,0531;3,5;1,74642;11042,3;91,3521;5194,1;107,858;4428,6;42,0956;
285,6;21,6758;16,8;4,77074;30,9;6,0075;4,1;1,3;11031,9;89,8404;5201,7;106,504;4429;42,1616;
286,6;22,4375;14,7;4,33705;32,2;5,99667;3,5;1,36015;11025,5;90,6546;5207,8;106,828;4429,7;41,687;
288,4;23,1136;14,6;4,67333;30,4;7,65768;4,9;1,44568;11013,2;90,4686;5218,4;107,416;4430,1;41,474;
288;23,7571;15,7;3,97618;29,9;6,13922;4,6;1,74356;11002,7;92,6467;5227,9;108,878;4431,2;41,811;
289,2;22,8245;15,9;3,91024;29,4;6,63626;4,8;2,03961;10992,5;93,3201;5235,9;110,23;4432,3;41,473;
289,1;22,7308;16;2,72029;30,2;7,09648;4,3;1,48661;10984,5;93,3116;5242,6;109,296;4433,3;41,0367;
290,6;22,6857;13,9;1,81384;30,1;5,97411;4,2;1,66132;10974,7;92,1326;5251,8;106,32;4434,7;40,8682;
291,2;20,774;15,2;2,4;28,8;4,70744;4,9;2,38537;10965;92,6121;5259,5;106,495;4435,4;40,3515;
292,4;18,4943;14,8;2,48193;29,2;6,19355;4,1;1,7;10954,6;91,3074;5268,4;105,704;4436,5;40,5296;
293;18,1494;15,3;2,9;27,6;4,05463;4,9;2,21133;10944,9;92,2837;5277,1;104,976;4437,2;40,3827;
293,6;17,8;15,2;3,31059;28,3;4,60543;5;2,32379;10933,2;92,6777;5286,9;104,351;4437,8;40,1965;
295,1;17,4439;14,8;3,31059;27,7;4,53982;5,1;2,11896;10920,5;94,4185;5298,5;104,94;4438,3;40,0026;
295,1;17,0203;15,5;2,83725;27;5,27257;5,6;1,8;10910,3;94,939;5307,5;104,676;4439;39,9024;
295,8;16,005;15,7;3,52278;26,2;4,64327;6,2;0,748331;10903,1;94,8614;5313,4;104,715;4439,6;39,8126;
295,2;16,2714;16,2;3,4;26,4;3,1686;5,9;1,57797;10893,5;92,9217;5322,1;103,892;4440,7;39,7921;
295,8;16,7797;17,4;3,1686;26;1,67332;6,2;1,32665;10884;92,6499;5329,1;104,159;4441,5;39,8629;
295,5;16,1012;16,9;3,80657;27,4;2,10713;5,7;1,84662;10874,5;94,1225;5337,5;106,631;4442,5;39,6188;
297,1;16,1459;16,4;3,90384;28,3;2,86531;5,5;2,24722;10864;96,0385;5344,9;107,293;4443,8;39,6454;
298,5;16,0577;15,1;1,92094;28,6;3,63868;4,9;2,46779;10854,5;95,9148;5353,7;107,262;4444,7;39,6814;
298,9;15,5913;15,6;1,74356;28;4,69042;4,5;2,24722;10845,1;97,9127;5362;109,083;4445,9;40,2379;
298;15,5692;16,4;3,58329;27,8;4,74974;4,7;2,0025;10836,5;98,4452;5369,9;108,796;4446,7;40,3511;
300,4;12,7059;16,3;3,43657;27,9;5,10784;4,9;1,97231;10825,2;99,5508;5377,3;108,393;4448;40,3386;
301,2;12,6317;16,3;2,9;27,8;3,57211;5,4;1,62481;10815,7;98,1061;5384,7;106,008;4448,9;39,9336;
302,4;13,3806;15,9;3,08058;28;4,09878;5;1,78885;10803,5;97,1126;5394,6;104,547;4450,6;40,0654;
302;13,5647;16,9;4,41475;26,9;5,53986;5,2;1,46969;10795,4;99,2443;5402,3;105,861;4451,3;39,6814;
303,2;13,9556;17,1;3,26956;27,5;5,02494;4,4;1,49666;10785;98,5272;5410,2;105,155;4452,6;39,4264;
306,3;13,5577;15,9;4,48219;28,1;4,7;4,6;2,24499;10774,4;99,1879;5417,1;105,467;4453,6;39,5732;
307,6;12,9476;16,8;3,70945;26,9;4,90816;4,8;2,35797;10762,9;100,336;5426,3;107,504;4454,7;39,2837;
307,6;12,4676;16,6;3,38231;28,4;4,02989;4,3;2,68514;10751,5;100,813;5436,1;108,064;4455,5;38,9827;
308;14,4707;17,1;2,42693;28,9;5,3;4,2;2,5219;10740,8;97,3692;5444,4;103,141;4456,6;38,6088;
308,8;13,5263;17,1;5,02892;30;5,09902;4,6;2,498;10729,8;96,5969;5452,5;102,34;4457,2;38,7319;
309,9;14,1099;16,9;4,63573;29,9;4,36921;4,4;1,90788;10721,6;98,5679;5459,2;103,17;4458,1;38,4667;
309,3;15,0602;16,7;4,64866;30,3;5,60446;4,9;1,3;10712,4;97,4835;5467,7;101,599;4458,7;38,3772;
312,2;16,0237;15,1;4,25323;29,8;4,26146;5,4;1,74356;10703,2;98,2505;5474,5;102,063;4459,8;38,0626;
311,2;16,1543;16,7;2,41039;29,7;5,17784;5,3;1,73494;10695;96,837;5481,1;101,59;4461;37,9789;
313,7;14,3182;15,1;3,91024;30,4;4,36348;5,3;1,61555;10685;96,0271;5488,3;100,922;4462,2;38,2225;
315,2;13,4298;15,9;2,11896;29,1;3,67287;5,8;1,98997;10674,8;93,9955;5496,1;99,3191;4463,1;37,967;
314,3;12,9927;17,9;3,5623;28,7;4,12432;4,6;1,90788;10666,2;94,4191;5503,7;98,3128;4464,6;37,7259;
314,2;14,992;17,8;2,03961;29,5;4,82183;4,3;2,05183;10655,9;92,9499;5512,4;96,6615;4465,9;37,4151;
315,7;14,36;17,5;3,47131;29,5;5,7836;3,8;1,77764;10646,4;94,9233;5520,4;97,0353;4466,7;36,9108;
316;13,8347;17,7;3,74299;28,9;4,98899;4,8;2,03961;10633,7;96,4666;5531,7;98,5921;4467,2;36,7935;
315,5;13,1244;17,5;2,29129;30,4;4,36348;5,3;1,48661;10624,9;95,4216;5538,4;98,6379;4468;36,7423;
315,7;11,3406;16,3;3,34813;31,4;4,65188;5;1,78885;10617,5;94,5931;5545;99,5068;4469,1;37,1253;
315,4;11,7149;16,3;2,79464;30,4;3,61109;5,5;2,24722;10607,8;94,6021;5554,4;99,6044;4470,2;37,7433;
317,6;12,5634;16,3;3,13209;31,3;4,64866;5,1;2,02237;10597,3;92,0077;5561,6;97,4179;4470,8;37,8307;
319,8;12,5443;15,5;2,72947;31;4,73286;4,3;1,41774;10589,7;93,2427;5567,6;98,2936;4472,1;37,5245;
319,7;13,6165;16,7;3,00167;29,3;5,62228;4,1;1,37477;10579,9;92,5867;5577,3;98,1805;4473;37,3283;
319,7;14,8192;17,7;3,31813;29,5;5,46352;3,8;1,53623;10569,2;94,7595;5585,8;98,3858;4474,3;37,6644;
317,9;17,1898;18,4;3,90384;29,3;5,728;4,5;2,41868;10558,4;94,9739;5596,3;98,5627;4475,2;38,1649;
317,4;16,5481;18,6;2,90517;29,1;5,68243;5,4;2,33238;10548,5;94,4206;5605,2;98,7297;4475,8;37,8307;
318,3;16,3588;17,5;3,23265;29,6;5,74804;5,9;3,11288;10537,8;93,1878;5614,1;98,4179;4476,8;38,6854;
319,6;15,7239;17,7;5,40463;29;7,57628;5,9;2,66271;10528,2;95,3801;5621,6;100,469;4478;38,887;
320,1;14,0246;17,1;5,20481;30,7;5,95063;6,1;2,21133;10518;96,478;5628,7;102,205;4479,3;39,3625;
320,4;13,5661;17,1;3,11288;31,1;3,83275;6;3,28634;10507,7;96,0459;5637,1;102,333;4480,6;39,4112;
321,5;14,3544;15,6;3,747;32;4,42719;5,4;2,8;10498,2;95,3193;5645,2;101,764;4482,1;40,3223;
320,5;15,8193;17,3;3,84838;31,5;4,15331;5,4;1,95959;10487,7;94,8336;5654,6;101,262;4483;40,1871;
321,5;17,1012;17,4;4,84149;31,5;2,5;6,4;2,05913;10478,8;96,0873;5660,2;102,799;4484,2;40,3728;
321,4;18,6558;16,2;4,28486;33,3;3,37787;5,9;1,7;10471;95,5123;5666,5;102,332;4485,7;39,8247;
322,4;17,0012;17,4;3,95474;32,6;4,67333;6,2;2,03961;10461,3;93,0302;5673,5;102,181;4486,6;40,0105;
322,8;18,1593;17,7;3,79605;32,4;5,23832;7,1;2,46779;10450,9;93,6498;5681,7;102,936;4487,4;39,7573;
323,4;19,4535;17,1;3,17648;31,8;4,35431;6,2;2,48193;10444,4;91,3271;5688,5;98,4076;4488,6;40,3267;
325;21,8128;17,1;3,33017;32,6;4,31741;6,1;2,91376;10436,5;91,5765;5693,4;96,9476;4489,3;40,0426;
325;23,0217;17,4;2,90517;32,9;4,90816;5,2;3,02655;10428,3;91,9305;5700,8;98,401;4490,4;40,349;
324,3;23,1346;17,7;2,6096;33,7;4,73392;4,6;2,57682;10419,9;89,8203;5708,6;96,2281;4491,2;40,5063;
323;23,8789;18,7;2,45153;32,3;5,3301;5,3;1,9;10409,4;88,693;5719;95,5688;4492,3;41,3402;
323,7;25,4835;20,1;3,59026;31,9;3,41906;5,1;1,86815;10402,5;88,5655;5723,3;94,1021;4493,4;41,5264;
326,7;26,4804;16,9;4,67868;32,3;3,22645;5,1;1,81384;10391,5;89,8835;5733;92,9505;4494,5;41,9029;
326,6;27,6738;17;2,82843;32,6;2,00998;5;1,67332;10380,3;91,3521;5743,1;94,4738;4495,4;41,401;
324,7;26,7845;17,8;3,68239;32,6;3,2311;4,9;2,07123;10368,6;88,8248;5754,9;93,3043;4496,5;41,4156;
326,1;25,7777;18,3;2,6096;32,8;3,96989;5,4;2,10713;10361,3;89,3734;5758,7;92,9129;4497,4;41,0979;
326,3;25,5031;18,2;4,33128;33;5,25357;5,5;1,74642;10352,7;89,8956;5766,2;93,4118;4498,1;41,0742;
328,2;25,2777;18;4,3359;33,2;3,09192;5,6;1,56205;10344,1;88,2887;5772;89,7519;4498,9;41,5799;
330,7;25,2034;16,7;4,02616;33,3;5,11957;5,4;1,8;10335,3;87,7748;5778,7;89,2469;4499,9;41,4402;
330,1;27,3329;17,8;6,063;33,8;5,3066;5,2;1,66132;10325,2;90,5868;5786,8;91,636;4501,1;41,1958;
332,3;28,2207;16,5;4,78017;32,3;7,30821;6;1,94936;10317,5;87,3776;5793;89,1459;4502,4;40,746;
332,8;28,4809;17;5,6745;32,2;6,61513;6,3;2,79464;10307,8;86,4833;5800,4;88,6027;4503,5;40,4259;
333,4;27,5906;17,1;4,10974;31,9;6,37887;5,6;1,68523;10299,8;86,8065;5807;88,9607;4505,2;41,0751;
334,4;28,3027;17,6;4,005;31,7;6,4195;5;2,72029;10290,6;86,2174;5814,4;87,7738;4506,3;40,8584;
335,4;29,8469;17,1;3,5623;32;7,66812;4,4;2,00998;10279,9;86,9039;5823,4;86,5623;4507,8;42,2156;
335,1;30,2041;17,2;3,05941;33,2;7,88416;4,4;2,24499;10270,5;85,8082;5831,4;87,3387;4508,2;42,7359;
336,3;29,9935;15,7;3,76962;34,3;8,63771;4,6;2,10713;10262,2;85,2394;5838,2;86,5411;4508,7;42,5677;
336,2;30,6783;17,1;3,01496;31,8;9,68297;5,3;2,1;10255,1;83,2351;5844,9;86,7334;4509,6;42,919;
337,4;30,7903;17,3;4,36005;29,8;9,94786;5,9;1,7;10244,9;83,4619;5853,8;86,8157;4510,9;43,2307;
337,9;31,0144;17;3,31662;29,7;9,43451;5,8;1,16619;10235,7;81,6885;5861,9;86,4586;4512;42,9721;
339,2;30,0759;16,2;4,11825;29,5;7,5;6,7;3,00167;10225,8;83,1719;5870,2;87,5897;4512,4;43,0353;
338,7;31,6609;16,9;3,2078;29,7;7,44379;5,5;2,41868;10217,3;84,6617;5878;89,342;4513,9;43,5074;
339,2;30,4723;17,6;2,8;29,5;7,9404;5,1;2,80891;10208,9;85,8818;5884,2;89,912;4515,5;43,7201;
339,2;30,3803;17,5;3,85357;30,2;6,74981;5,2;2,89137;10197,9;86,595;5893,7;90,7029;4516,3;43,9046;
340,4;32,0006;17,1;6,28411;31,1;7,13372;6;2,04939;10187,8;87,3061;5900,4;90,2188;4517,2;43,4507;
340,8;32,5601;16,9;4,43734;31;5,25357;5,3;1,48661;10182,8;87,4137;5904,9;90,3753;4518,3;43,7951;
341,7;31,2284;18,2;3,18748;30;4,12311;5,4;1,74356;10173,4;86,6986;5912,3;89,8588;4519;44,7437;
341,5;31,2834;17,6;3,69324;29,3;3,55106;6,1;1,3;10163,6;87,0519;5921,9;89,5181;4520;45,0511;
343,2;30,9024;16,9;3,5623;31;4;5,5;2,06155;10152,5;85,2411;5929,8;87,6787;4521,1;45,1031;
342,9;29,7572;16,9;3,3;31,4;4,22374;6,4;2,45764;10143,5;83,8347;5937,4;85,3126;4521,5;45,0738;
344,5;30,5426;16,6;4,2;31,8;4,74974;6;2,52982;10136,4;85,3161;5941,6;85,3173;4523,1;44,9543;
345,1;29,5549;17,6;3,63868;30,9;4,67868;5,9;1,81384;10124,3;85,5465;5951,5;87,4245;4524,7;44,0682;
346,8;29,3217;17,1;4,39204;30,6;3,8;4,6;2,05913;10114,9;84,5937;5959,1;87,9494;4526,9;43,7937;
347,6;29,3843;16,2;3,86782;29,5;5,25833;5,5;2,61725;10105,9;87,8253;5967,6;88,7121;4527,7;43,2159;
349;30,4105;16,4;2,87054;29,5;5,74891;5,1;1,86815;10098,4;87,0117;5973;87,2067;4528,6;42,898;
348,8;28,0706;17,5;3,47131;29,1;4,98899;5;2,14476;10090,3;85,1869;5979,7;86,1824;4529,6;43,2046;
350;25,4165;17,1;4,20595;30,4;4,96387;5,6;2,41661;10079,4;86,3819;5987;88,2349;4530,5;43,5574;
352,1;24,805;15,5;5,37122;31,6;3,92938;5,5;2,45967;10068,3;84,9506;5995,4;88,6253;4531,6;43,3387;
353,4;25,5507;14,3;5,53263;31,5;4,73814;5,5;2,15639;10059,7;83,6015;6002,8;88,1349;4532,8;43,3793;
355,3;26,2604;15,3;3,71618;30,6;5,74804;5,2;2,03961;10051;82,7297;6008,6;87,5708;4534;43,3451;
356;27,6622;14,9;3,2078;29,6;5,1614;5,6;2,05913;10044,2;80,4609;6014,8;84,8667;4534,9;43,2029;
357,2;26,4076;14,3;3,1;29,5;4,73814;5,6;2,05913;10034,5;79,3691;6023;84,3742;4535,9;42,9964;
357,6;23,4828;15,2;4,57821;29,2;4,30813;5;2,14476;10024,9;81,5383;6030,7;86,1975;4537,4;42,3986;
359;24,1578;15,6;3,66606;28,5;5,08429;5,6;1,95959;10020,2;79,8797;6033;85,0717;4538,1;41,963;
359,3;22,7466;16,1;3,11288;28,1;4,3;5,8;2,5219;10012,2;78,3247;6039,5;84,5024;4539;41,9237;
359,4;23,4742;16,8;2,35797;27,8;5,36284;5,7;2,05183;10004,2;80,5491;6045,7;85,7905;4540,4;41,7114;
359,6;20,8384;17,8;3,05941;28,2;5,38145;5,3;2,1;9993,3;83,6075;6054,5;89,5659;4541,3;41,6775;
360,3;21,4105;17,4;3,97995;28,4;6,0531;4,8;2,31517;9985,5;84,3413;6061;89;4542,6;42,1739;
358,9;21,911;19,6;4,36348;27,5;5,1817;5;2,19089;9977,3;86,0988;6068,1;89,7268;4543,6;42,4104;
359,5;22,0239;20,4;5,93633;28,2;3,42929;4,7;1,55242;9967,8;86,1624;6074,6;89,751;4544,8;42,3575;
360,7;21,1095;20;4,95984;29,9;4,27668;4,3;1,26886;9958,7;83,5859;6080,5;88,0559;4545,9;42,3307;
361,5;20,9296;19;6,55744;30,4;3,90384;4,4;1,62481;9950,6;83,4628;6087,4;87,2092;4546,7;42,7646;
362,2;21,7936;18,9;6,39453;30,4;3,97995;3,9;1,57797;9944,7;83,6732;6092,2;86,1694;4547,7;42,5019;
363;20,3617;19,5;5,22015;29;4,47214;4,4;1,95959;9935,6;82,6767;6099,8;85,8648;4548,7;42,5419;
363,3;20,1099;20,1;3,91024;29,3;5,84893;5,1;0,943398;9927,1;81,7208;6105,5;84,7611;4549,6;42,9003;
366;21,4849;18,1;3,44819;30,8;5,54617;5;1,54919;9918;81,7447;6111,5;83,5658;4550,6;42,7813;
367,2;21,7476;17,6;3,61109;30,2;5,89576;5,1;2,2561;9907,9;81,6963;6120,4;84,8719;4551,6;42,7813;
368,4;22,0916;18,3;4,755;30,8;4,74974;4,9;1,51327;9898,7;79,9425;6126,4;84,3222;4552,5;42,5329;
369,1;23,028;18,2;3,6;31,7;5,23546;5,2;1,46969;9889,8;79,8897;6132,8;84,0759;4553,2;42,3764;
370,2;22,5911;18,2;2,95973;31,9;5,55788;5,2;1,46969;9881,2;79,7932;6139,5;82,8508;4553,8;42,135;
368,8;22,9382;19;4,28952;31,8;5,11468;4,8;1,93907;9873,4;76,3311;6146,9;80,6814;4555,3;41,6511;
368,5;24,451;18,6;4,02989;32,9;7,07743;4,8;1,93907;9865,7;77,1998;6153,2;80,0497;4556,3;41,4802;
369;25,0599;19,3;5,9338;33,2;6,74981;5,2;1,4;9855,5;78,9522;6161;79,5927;4556,8;41,47;
370,6;25,0008;18,8;4,9558;33,7;6,87095;4,8;1,93907;9845,6;77,4806;6168,5;77,9862;4558;41,6485;
370,6;24,8443;20,1;6,37887;35;6,18061;4,5;1,9105;9836,6;76,727;6174,3;78,2049;4558,9;41,889;
371;24,5316;19,3;6,95773;36,4;4,75815;4,5;2,1095;9829,3;77,2827;6179,8;76,3267;4559,7;41,5693;
371,6;26,1274;20,6;6,78528;36,2;4,19047;4,7;2,45153;9819;78,1614;6187,6;76,1212;4560,3;41,9453;
372,9;24,8252;19,5;6,05392;35,5;4,05586;4,6;2,24499;9812,8;75,3814;6193,2;74,8783;4561,5;42,0482;
373,6;24,5976;19,2;4,996;35,4;5,37029;5,2;2,31517;9805;74,7516;6199,5;75,2187;4562,1;41,8173;
374,9;24,4231;18,2;3,42929;35,5;6,26498;6;1;9795,2;73,3946;6207,1;73,8193;4563,1;41,5462;
377,7;23,8078;17,5;4,00625;34,5;6,65207;5,9;1,44568;9786,9;74,4868;6213;74,5144;4564,5;41,8049;
378,8;24,5959;16,9;3,53412;33,6;6,37495;6,6;2,10713;9780,4;73,107;6218;73,1574;4565,7;41,8522;
377,2;25,3369;19,8;4,57821;31,5;5,59017;5,9;2,80891;9774,7;71,7524;6223,7;73,3322;4567,2;41,523;
378,3;24,9;20;4,07431;31,1;4,80521;6;2,52982;9766,8;70,0126;6229,4;71,595;4568,4;41,0005;
378,3;24,7469;19,1;4,22966;31,2;4,0939;6,2;2,4;9758;69,514;6237,8;72,6881;4569,4;40,5344;
380,9;23,4625;16,2;3,51568;32,5;3,85357;5,9;1,7;9752,5;70,4092;6241,3;74,9574;4570,7;40,6326;
382,2;23,7183;15,5;3,80132;32;5,07937;5,8;2,74955;9743,2;72,2839;6249,5;76,3351;4571,8;40,6959;
381,8;22,9948;18,7;4,98096;30,2;4,4;5,9;3,14484;9736,4;73,2969;6253,9;74,9633;4573,1;40,6582;
383,9;22,4698;18,4;4,22374;29,9;3,01496;5,2;2,5219;9728,7;69,5932;6259,6;73,7078;4574,3;40,3536;
383,5;20,805;18,4;4,8;29,7;3,76962;5,5;2,45967;9721,1;69,0861;6266,3;74,8332;4575,5;40,5074;
385,5;20,9201;16,8;4,68615;31,3;4,45084;5;2,23607;9712,9;69,5693;6272,1;74,4036;4576,4;40,8319;
385,7;20,5915;18,2;4,0939;31,3;3,84838;4,4;1,95959;9702,7;69,4637;6279,7;75,4971;4578;40,4376;
384,4;20,8911;18,3;3,43657;32,4;5,55338;4,3;2,36854;9694,9;68,8788;6286,8;74,2237;4578,9;40,3942;
386,1;18,0469;17,6;4,47661;33,6;4,54313;5,2;1,8868;9685,6;67,9576;6292;72,2869;4579,9;40,2901;
385,9;16,3796;18;4,83735;33,6;6,32772;5,3;1,79165;9677,8;66,3654;6298,6;73,9219;4580,8;40,5137;
384,7;17,4531;19,3;4,92037;31,4;6,40625;6;1,54919;9670,3;67,9751;6306,5;74,4208;4581,8;40,5754;
384,6;16,3475;18,3;3,37787;33,8;7,78203;6,5;0,921954;9659,7;67,3811;6314,1;74,234;4583;40,4648;
386,2;17,0575;17,4;3,2619;34,3;8,17374;6,2;1,72047;9651,5;66,1472;6320,4;71,6564;4584;40,7627;
385,1;17,7282;18,6;3,13688;32,6;6,93109;6,3;2,19317;9643,5;66,3736;6328,7;73,5528;4585,2;40,7647;
387,5;17,1187;18,4;3,29242;32,8;7,65245;6,1;1,57797;9636,2;66,2688;6332,4;73,2355;4586,6;40,8416;
389,1;17,5582;18,3;3,84838;32;5,2915;6,7;1,9;9628,4;65,4648;6338,1;71,6442;4587,4;40,8319;
388,6;16,53;19,5;3,38378;31,4;4,10366;7,3;3,40735;9619,6;64,3602;6345,4;71,7875;4588,2;40,526;
392,3;17,516;18,3;2,32594;31,5;4,5;7,6;3,49857;9611;62,0226;6350,3;70,6924;4589;40,3832;
394,8;16,7976;18,1;3,61801;32,7;5,64004;6;2,60768;9601,7;60,6697;6355,9;71,9589;4590,8;40,4445;
395,4;15,331;17,9;4,39204;32,8;5,77581;6,4;1,85472;9592,6;58,5802;6362,7;70,7673;4592,2;40,7941;
396,2;16,8036;17,4;4,05463;34,4;6,10246;5,5;2,29129;9584,7;58,8473;6368,2;71,2261;4593,6;40,9834;
395,8;15,3349;17,8;2,99333;34,3;4,77598;5,6;2,05913;9575,9;60,9614;6375,9;72,7715;4594,7;40,5932;
396,1;15,871;18,4;3,52704;33,7;4,77598;5,9;2,11896;9568,4;61,0642;6381,7;70,5295;4595,8;40,4742;
397,3;12,4824;18,5;3,93065;32,3;5,001;5,8;2,13542;9559,7;61,4899;6389;72,6154;4597,4;40,4381;
397,7;12,313;18,7;4,51774;32,6;6,43739;5,6;1,8;9551,6;62,0761;6394,9;73,518;4598,9;40,6656;
397,6;11,9013;20,5;4,10488;31;6,66333;6;1,89737;9543,7;62,4837;6400,8;72,5724;4600,4;40,5862;
398,2;12,3272;19,9;3,44819;30;5,32917;5,9;1,7;9536,3;60,09;6407,7;72,4073;4602;40,8485;
400,2;13,3776;19,2;2,92575;30,5;5,25833;5,8;2,82135;9529,4;57,5051;6411,5;71,8961;4603,4;40,277;
402,1;13,5311;18,6;3,52704;31;5,94979;6,2;2,78568;9521,7;58,4979;6415,8;70,5263;4604,6;39,8903;
403,4;12,5236;19,2;2,27156;32,2;6,67533;6,3;1,55242;9513,7;56,0679;6419,8;69,964;4605,4;40,1303;
404,7;14,0716;18,8;3,2187;33,2;5,74108;6,2;2,92575;9505,5;56,9689;6425,7;69,6233;4605,9;39,8433;
404,7;14,4226;20,3;3,16386;33,3;7,49733;4,8;2,35797;9495,9;55,3542;6433,3;69,5083;4607,7;39,7242;
406,2;15,4519;20,7;5,02096;32;6,54217;5,6;2,33238;9488,6;53,4139;6438,2;68,8125;4608,7;39,8473;
406,1;15,0429;21;3,25576;33,1;4,48219;5,3;2,14709;9480,6;53,8112;6444;69,6147;4609,9;39,6117;
407,2;15,6831;19,1;3,36006;33,7;5,08035;6,2;2,22711;9472,1;54,9735;6450,7;69,7984;4611;39,0999;
409,1;12,5972;19,9;3,75366;33,1;5,22398;5,9;1,81384;9463,2;54,0737;6456,1;69,7961;4612,7;39,9301;
410,6;13,5514;19,1;2,84429;32,5;6,46916;5,7;2,32594;9455,3;56,3366;6462,8;71,6977;4614;40,1597;
410,1;14,2439;18,5;3,00832;33,9;6,39453;5,7;2,49199;9446,4;54,1908;6470;69,1983;4615,4;40,1452;
408;15,3167;20,4;3,13688;33,6;6,68132;5,4;2,15407;9438;56,0357;6477,5;68,8001;4617,1;39,6546;
411;13,4387;17,8;4,53431;34,2;5,01597;5,1;2,38537;9431,1;55,4697;6481,9;70,3853;4618,9;40,6434;
409,9;15,0496;20;4,04969;33,7;5,31131;5,8;1,8868;9423,1;55,5454;6487,9;70,1291;4619,6;40,2497;
410,2;15,3935;18,8;4,0694;33,9;4,92849;5,5;1,9105;9416,8;53,8048;6493,9;68,2312;4620,9;39,9711;
410,5;15,7115;19,1;2,62488;34,3;5,83181;5,7;2,36854;9407,9;54,9917;6500,6;67,5488;4621,9;39,9185;
410;14,98;19,5;2,1095;34;8,72926;5,3;2,6096;9400,7;54,765;6507,2;67,5704;4623,3;40,0701;
409,2;17,2673;20;3,84708;35;6,84105;4,1;2,02237;9392,8;55,0178;6514;67,2726;4624,9;39,3051;
411,1;16,0153;21,3;3,66197;33,2;5,75847;4,3;2,0025;9386,4;54,1742;6518,2;69,1344;4625,5;39,2664;
410,1;13,7583;22,1;3,59026;34,8;6,5238;4,8;2,13542;9377,3;52,4882;6524,7;68,5974;4626,2;39,4507;
410,6;12,5634;21,7;5,71052;37,3;6,29365;4,6;1,68523;9368,1;52,4718;6530,6;69,966;4627,1;40,086;
412,9;11,9202;19,1;4,88774;37,9;6,02412;5,8;2,5219;9360,5;53,3503;6535,6;71,7735;4628,2;40,3554;
413;11,428;20,4;3,2;37;7,60263;6,1;3,2078;9352,9;53,1553;6541,4;70,4375;4629,2;40,7279;
413,9;13,1259;21,2;3,62767;36,2;6,22575;6,6;3,35261;9346,1;53,7261;6545,6;70,3238;4630,4;40,4208;
412,7;12,985;20,3;3,68917;37;6,46529;7,8;3,51568;9337,6;54,6392;6553,2;70,5065;4631,4;40,3787;
412,1;14,5839;19,9;5,16624;36,6;4,98397;8,3;2,57099;9329,8;54,7901;6560,9;70,102;4632,4;40,028;
410,8;12,8437;21,3;4,92037;36,6;5,004;9;3,03315;9322,3;58,2238;6566,3;73,9974;4633,7;39,915;
412,5;12,5479;19,8;5,07543;36,7;4,67012;7,7;2,45153;9316,6;58,2378;6571,3;73,6764;4635,4;39,983;
413,4;13,8795;19,2;4,85386;36;5,83095;8;2,28035;9310,1;56,5676;6576,7;72,8259;4636,6;40,0055;
414;13,5941;18,6;3,07246;35,8;4,9558;7,2;1,98997;9303;54,4537;6583,6;70,6544;4637,8;40,2984;
414,4;13,1469;19,5;2,61725;36,1;3,7;5,9;2,07123;9296,6;54,5659;6588,4;70,5269;4639,1;40,673;
413,8;14,4485;19,1;5,43047;35;2,64575;6,8;2,27156;9291,5;53,1041;6593,5;69,6452;4640,3;41,0732;
413,2;14,3234;19,7;5,02096;35,8;3,18748;7;2,09762;9282,7;52,0789;6600,3;71,2447;4641,3;41,1511;
415,2;12,6633;19,3;3,00167;35;4,3359;7;2,72029;9274,7;50,5016;6606,4;70,3807;4642,4;41,1125;
416,9;15,1423;19,9;3,08058;34,9;5,26213;6,7;2,2383;9266,7;51,3908;6610,9;71,831;4644;41,4536;
417,3;14,7652;19,3;3,37787;36,4;3,72022;6,5;2,01246;9258,4;51,0122;6617;71,822;4645,1;41,4691;
416,3;16,1991;20,7;3,97618;36,8;3,995;6;2,36643;9250,9;48,6979;6622,5;71,2632;4646,8;41,7416;
416,7;17,5502;20,4;4,60869;38,4;3,61109;6;2,14476;9242,3;50,325;6628,2;70,8714;4648;41,5668;
416;17,0294;21,4;4,96387;37,2;2,78568;6,2;1,77764;9235,2;50,8916;6634,4;71,761;4649,6;42,155;
416,7;18,8417;20,9;5,94054;38,3;4,53982;5,8;1,77764;9228,6;50,0504;6639,2;71,6307;4650,5;42,1171;
418,6;18,051;19,7;6,03407;39;2,56905;6,3;2,0025;9222,3;49,4834;6642,7;70,6782;4651,4;41,8574;
419,4;18,6075;20;5,2915;38,3;5,56866;6,2;2,03961;9217,5;48,3989;6645,9;71,3323;4652,7;42,5325;
417,7;18,3415;21,4;3,00666;37,3;7,93788;5,4;2,498;9211,5;47,2001;6652,1;71,4975;4654,6;42,01;
418,1;17,0379;20,3;3,43657;37,8;8,48292;6,4;2,10713;9202;48,2659;6659,7;72,3271;4655,7;42,3369;
416,7;17,5046;20;3,19374;37,9;8,51411;6,5;1,68819;9195,2;48,4021;6666,6;72,1376;4657,1;42,8263;
417,5;17,54;19,2;2,48193;38,9;9,55458;6,2;1,8868;9188,1;48,3145;6671,6;71,4817;4658,5;43,6377;
419;16,1555;17,6;5,14198;39,7;7,92528;6;1,54919;9180,5;46,676;6677,5;70,5681;4659,7;43,6281;
419,5;16,6328;18,7;4,58367;38,1;8,67698;5,2;2,18174;9172;46,4715;6685,1;70,8088;4661,4;43,2555;
421,9;17,7395;18,4;4,31741;37,1;9,14822;4,4;1,85472;9165,3;46,7633;6690,2;70,3773;4662,7;43,5707;
419,8;17,0165;20,6;3,35261;35,7;7,6818;4,2;1,4;9159,8;44,8705;6696;68,9594;4663,9;44,309;
420,7;17,8216;19,5;4,10488;37,5;6,36003;4,9;2,07123;9150,4;44,005;6702,8;68,2654;4664,2;44,3459;
422,7;19,2772;17,6;3,61109;37,9;6,12291;5,1;1,86815;9143,4;42,9795;6707,9;63,9413;4665,4;44,4527;
424,4;20,6359;17,6;3,46987;37,2;6,22575;4,7;2,5318;9137,3;43,6922;6712;63,3404;4666,8;44,2172;
423,9;21,9793;19,5;3,69459;35,9;5,00899;5,3;2,19317;9130,4;44,7821;6717,5;64,1596;4667,5;44,0664;
424,8;22,3105;19,3;5,1;34,6;4,27083;5,4;2,498;9125,9;47,8005;6721,7;64,3647;4668,3;44,4523;
424,2;22,9556;21,5;3,04138;34,3;4,24382;5,6;2,00998;9117,3;45,9174;6728,1;62,7446;4669;44,5803;
428,2;21,4513;20,9;4,59239;32,4;3,2619;5,6;2,33238;9110,7;44,9601;6732,1;64,522;4670,1;45,0166;
428,9;20,9783;21,1;5,26213;31,3;5,60446;5,5;2,06155;9104,5;44,7979;6737,1;65,0268;4671,6;44,4212;
431,3;20,5283;19,3;4,38292;32,5;6,13596;4,9;1,7;9096,2;44,9618;6742,6;65,7301;4673,2;44,2466;
430,7;21,4292;20,3;3,68917;33,9;6,72978;3,6;1,56205;9090,3;42,9652;6746,6;64,3089;4674,6;44,8781;
432,7;18,6067;18,1;3,61801;35;8,68332;4,3;2,28254;9083,5;42,4294;6751,4;63,1208;4675;44,8353;
434,9;18,7267;17,8;2,27156;34,6;9,2;4,9;2,3;9077,1;42,2976;6755,3;62,8364;4675,4;44,887;
434,8;17,2557;18,3;3,97618;34,7;8,9;6,1;3,01496;9068,5;43,3918;6761,4;64,1127;4676,2;44,9884;
436;17,0411;19,2;4,0694;33,9;8,43149;7,8;3,1241;9060,8;42,3268;6765,2;63,3621;4677,1;44,892;
435;14,8526;21;3,28634;33,6;9,49947;7,4;2,87054;9052,4;41,8693;6771,8;64,3223;4678,8;44,7634;
434;14,1067;20,3;2,64764;34,2;9,42125;7,8;2,67582;9044,1;41,724;6779,3;63,6444;4680,3;45,2019;
435,5;16,1756;19;2,93258;34,2;8,38809;7,4;2,76405;9036,7;40,6966;6785,2;61,0865;4682;45,257;
436,9;17,2305;20,2;4,79166;34,1;8,10494;6,4;2,45764;9030,4;38,3515;6788,6;59,9353;4683,4;45,3943;
437,8;17,5659;19,9;4,9689;34,3;7,02922;7,2;2,03961;9025,3;38,9257;6791,7;57,3412;4683,8;45,8864;
437,8;18,643;19,7;4,49555;35,1;6,74463;6,5;2,5;9018,7;40,6621;6797;60,349;4685,2;45,5429;
438,9;19,9321;19,2;3,34066;37,1;5,62939;6,2;2,31517;9011,5;40,2896;6801;59,3043;4686,1;45,8224;
439,7;21,1047;19,5;2,41868;37,2;4,46766;6,6;2,61534;9002,9;42,9126;6807,1;61,8845;4687;45,6026;
441,4;23,2474;19;3,09839;36,8;6,14492;6,6;3,2311;8996,9;42,9382;6810,7;62,2833;4688,6;46,174;
443;24,8757;19,1;2,73679;36,5;5,57225;6,7;3,71618;8990,5;43,1862;6814,4;65,0403;4689,8;45,6482;
445,2;25,1229;19,6;3,92938;35,2;4,72864;7,5;3,95601;8981,5;42,9796;6820,3;63,2314;4690,7;46,0826;
448,5;24,8445;18,4;4,2;35,3;3,46554;6,7;3,22645;8975,2;44,6695;6823,5;64,6239;4692,4;45,8764;
449,1;23,6493;20,9;3,7;33,5;4,73814;6,2;2,99333;8968,7;44,3397;6828;63,7056;4693,6;45,4493;
449,6;21,8321;20,8;4,37721;35,1;4,84665;6,3;2,28254;8961,9;45,2116;6831,4;65,0495;4694,9;45,5048;
449,3;21,8543;21,8;3,73631;34,8;5,94643;5,9;2,42693;8955,4;42,2237;6836,8;62,6064;4696;45,5148;
449;23,639;21,4;3,32265;34,5;4,17732;6,8;2,48193;8949,6;42,8654;6841,2;64,4016;4697,5;45,4846;
449,1;23,6324;19,8;3,81576;35,2;5,89576;6,8;3,57211;8942,9;41,0693;6847,6;64,2234;4698,6;45,1889;
449,9;24,2299;20,1;3,59026;33,6;4,24735;7,9;3,44819;8934,8;42,8481;6854,1;64,0772;4699,6;45,1114;
450,7;24,666;21;3,2249;34,4;3,82623;7,8;2,82135;8927,8;43,8789;6857,3;65,9652;4701;44,7817;
451,7;24,4665;20,8;3,57211;35,4;6,26418;6,9;2,80891;8921,6;44,2746;6861,1;66,739;4702,5;44,809;
452,3;21,3216;21,1;6,3;37,9;6,9347;6,3;2,28254;8913,6;43,7292;6865,2;65,5298;4703,6;45,1269;
454,1;21,6261;20,1;5,31883;37,7;6,1;6,6;1,28062;8907,9;44,4465;6868,9;67,4899;4704,7;45,2284;
454,1;19,7304;19,1;4,98899;40;5,47723;6,9;2,38537;8900,1;45,4609;6874,1;69,2798;4705,7;44,9045;
457,1;18,3109;17,7;4,755;39,6;6,39062;6,4;2,97321;8893,6;45,138;6878,3;68,542;4707,3;44,784;
458,4;17,6533;16,6;4,56508;41,5;4,47772;5,6;2,57682;8886,2;45,7008;6883,2;68,9388;4708,5;44,592;
460,4;19,1635;16,9;2,34307;40,2;5,03587;5,9;2,66271;8880,1;44,9521;6887,2;69,3423;4709,3;44,3532;
461,8;17,9154;19,4;3,13688;37,4;4,15211;6,3;1,95192;8873,6;46,4526;6890,9;69,8991;4710,6;44,0867;
460,6;18,2603;22,2;4,30813;36,6;2,76405;6,3;1,73494;8868,4;46,3577;6893,8;70,6637;4712,1;44,4375;
460,1;19,3621;22,7;5,53263;35,1;4,39204;6,7;2,75862;8862,1;48,4426;6900,2;70,8023;4713,1;44,478;
458,8;20,5027;22,4;5,23832;36,2;4,21426;6,7;2,86531;8854,6;48,4463;6907;70,4258;4714,3;43,9706;
459;21,5778;22,8;4,19047;37,1;3,2078;7,4;2,498;8848,5;48,5474;6909,9;69,5434;4715,3;44,5355;
457,5;20,699;22,1;4,74236;38,3;4,49555;7,4;2,33238;8843,8;46,5571;6914;68,2188;4716,9;44,6955;
458,9;20,4081;21,3;4,83839;37;5,5857;7,6;2,72764;8836,3;48,945;6920,4;69,6523;4718,5;44,5449;
459,8;19,6255;21,1;4,45982;37,6;4,88262;6,8;1,77764;8828,8;49,13;6926,1;68,8033;4719,8;45,0151;
460,6;19,0536;21,7;4,73392;37,3;4,58367;7;1,78885;8823,1;49,7201;6929,3;68,276;4721;44,8954;
461,3;18,9476;20,7;5,11957;37,2;5,70614;7,1;1,51327;8818,7;51,5908;6933;69,4219;4722;44,7079;
461,3;18,6336;21,8;5,86174;38,2;7,31847;6,6;2,15407;8813,7;52,4749;6935,2;69,9954;4723,2;44,6985;
462,1;19,5829;20,3;3,63456;40;5,09902;6,5;2,24722;8809;53,316;6938;68,971;4724,1;44,4172;
462,5;21,1766;20,8;4,28486;40;5,47723;6,4;1,95959;8802,2;54,7207;6942,6;69,4827;4725,5;43,727;
462,8;20,6097;22,5;4,05586;38,5;6,07042;6,3;3,28786;8794,6;53,7014;6948;68,897;4727,3;44,0864;
464,5;21,6067;22,5;5,5;38,7;5,45985;6,2;3,02655;8787,9;52,7417;6951,9;69,5032;4728,3;43,8202;
466,4;21,3551;22,5;3,72156;38,3;4,64866;7;2,64575;8781,7;53,1301;6954,5;68,4547;4729,6;43,7977;
468,2;22,2117;22;5,21536;37,9;6,39453;7,4;3,03974;8774,3;53,7718;6959,8;68,635;4730,4;43,4447;
469,4;23,6059;22,2;5,65332;36,9;6,26817;7;2,64575;8770,3;53,9927;6961,9;68,7975;4732,3;43,8339;
472,1;21,8881;20,4;4,29418;39;5,01996;6,2;2,48193;8765,1;54,959;6963,8;67,4193;4733,4;43,3341;
472,6;21,7265;19,5;4,86313;39,9;4,20595;6,4;2,45764;8757;53,9741;6969,7;66,5763;4734,9;42,6531;
475,8;20,039;19,4;5,10294;38,6;5,38888;6,8;3,57211;8749,1;54,5371;6974;67,3454;4736,3;43,1487;
475,8;22,2746;20,7;3,92556;37,1;5,52178;6,9;2,54755;8744,3;54,1997;6977,4;68,3392;4737,8;43,742;
477;20,7123;20;3,6606;37,8;6,63023;6,7;3,28786;8739,4;53,8743;6980,2;67,7345;4738,9;43,6175;
477,8;22,3911;21,2;3,51568;37,3;5,91692;6,2;3,28024;8732,9;54,0175;6984,1;69,9592;4740,5;43,251;
478,4;19,5407;20,2;3,51568;37,8;6,5238;5,5;2,41868;8728,6;54,9622;6987,9;70,2317;4741,6;42,8;
478,5;19,3249;20,7;3,55106;38;5,79655;5,2;1,83303;8722,2;55,4884;6992,7;71,9792;4742,7;43,3337;
481,3;20,1398;19,5;4,12916;38,4;5,8;5,4;3,00666;8716,1;57,7918;6995,5;73,2656;4743,8;43,4207;
480,2;19,1458;21,9;4,1821;37,5;5,29623;5,9;1,57797;8709,2;59,0031;7000;74,5131;4745,3;43,4788;
481,4;19,9309;20,7;5,08035;36,6;3,55528;6,2;2,27156;8703,9;57,5369;7004,9;73,7746;4746,3;43,4788;
482;20,6058;20,1;4,01123;37;4,14729;5,1;2,2561;8700,7;56,4182;7007,3;72,3672;4747,8;43,6183;
481,2;20,6533;20,3;3,97618;38,7;5,58659;5,9;2,77308;8693,3;56,8525;7012,1;72,6518;4748,5;43,3964;
481,2;22,7939;20,6;4,40908;38,1;6,20403;6,1;1,7;8686,7;54,5473;7017,5;72,8481;4749,8;43,0901;
483,2;24,4696;19,8;4,74974;36,7;6,3726;7,2;1,32665;8679,4;53,8687;7023;72,2122;4750,7;42,9419;
482,6;22,9399;21,8;4,14246;35,6;8,21219;6,4;1,90788;8672;53,3292;7029;72,6457;4752,6;42,898;
481,4;23,3118;23,7;4,42832;34,9;7,8543;7;2,09762;8665,3;51,5346;7034,2;71,2879;4753,5;42,4788;
482,9;23,0584;22,8;3,70945;34,8;4,91528;7,9;3,47707;8658,8;49,6181;7038,2;71,1643;4754,6;42,5446;
482,7;23,7405;24,5;3,61248;33,6;6,10246;7,9;4,25323;8653,4;47,7854;7042,3;67,3603;4755,6;42,1526;
482,6;25,3937;26,1;2,87924;34,2;3,96989;7,5;4,45533;8648,2;48,1992;7044;68,884;4757,4;42,5375;
482,8;24,5186;26,3;3,97618;36;4,28952;6,6;3,32265;8643;48,0749;7046,3;67,6743;4759;42,8789;
484;26,1419;24;5,74456;38,5;3,20156;6;2,75681;8637,6;48,9269;7049,8;67,6059;4760,1;42,7936;
485,1;26,6438;22,7;4,81768;41,2;4,19047;5,1;2,46779;8630,5;47,5063;7054,4;65,7118;4761;43,262;
486;27,6297;22,9;4,3;40,4;6,56049;5;1,48324;8621,2;48,9731;7062,4;65,2092;4762,1;43,3208;
486,8;25,9145;23;3,52136;40,2;8,08455;5,7;2,1;8615,4;47,6995;7065,9;64,4553;4763;43,7104;
485,9;24,8775;23,5;3,72156;40,9;8,03057;5,9;2,54755;8607,5;46,7338;7072,6;62,4471;4763,7;44,2042;
483,1;23,6958;24;4,73286;40,9;8,17863;5,3;2,14709;8601,7;46,5297;7079,6;62,1952;4765,4;44,3333;
484,1;24,5782;23,4;5,49909;41,8;7,15262;5,8;2,67582;8595;44,9311;7083,5;62,508;4766,4;44,5897;
484,4;24,8845;23,9;4,72123;40,6;6,28013;5,8;2,44131;8587,9;44,9832;7089,6;62,9733;4767,8;44,3977;
484,8;22,6088;23,8;5,50999;40,3;5,40463;5,8;2,4;8581,4;45,6469;7094,6;64,0316;4769,3;45,3719;
486,8;23,8235;23;4,64758;40,2;6,47765;6,6;2,05913;8576,6;44,0459;7096,8;61,0243;4770;45,3189;
486;24,996;21,9;5,55788;39,6;5,55338;7,4;2,2;8570,3;43,0327;7103,7;60,9542;4771,1;45,7219;
489,4;24,2949;20,9;4,63573;40,3;5,15849;6,8;2,44131;8563,7;44,5804;7106,2;61,8091;4772,7;45,2218;
489,8;23,4085;22,4;4,84149;38,6;5,1225;6,4;2,33238;8558,5;45,7236;7110,3;63,1238;4774;44,9377;
490,8;22,7851;20,6;3,85227;39,8;4,79166;6,7;2,32594;8552,8;44,7611;7114;61,4296;4775,3;45,5567;
490,3;22,1678;22,1;4,90816;39,1;5,73498;6,1;1,64012;8548,1;46,8432;7117,3;60,8376;4777;45,6727;
489,5;20,7714;23,7;5,21632;36,7;4,24382;7,4;2,69072;8541,7;48,5635;7123,2;59,1993;4777,8;45,5034;
489,8;21,414;23,8;4,81248;36,4;5,02394;6,7;2,19317;8538,6;49,336;7125,2;59,5782;4779,5;45,6098;
490,8;21,5165;23,4;4,22374;36,3;5,44151;7,4;2,33238;8532;50,022;7129,7;58,9814;4780,4;45,3546;
491,2;21,7246;22,9;5,3563;37,3;4,53982;7;2,23607;8528,1;49,458;7132;56,9842;4781,5;45,7171;
496;19,9249;20,2;5,15364;38,5;5,93717;7,1;2,80891;8522,7;48,0313;7133;57,6038;4782,5;45,2045;
496,5;19,8809;21,6;4,67333;36,9;7,71298;7,4;2,69072;8514,8;48,1016;7138,8;56,1797;4784;45,3122;
495,7;21,7672;22,8;3,65513;37,3;6,91448;6,7;2,9;8506,3;46,8317;7145,4;56,0218;4785,8;45,2941;
495,2;25,0192;23,3;2,2383;37,8;6,79412;6,5;1,80278;8497,8;47,4316;7152,1;56,541;4787,3;45,7341;
495;24,7184;23;2,23607;39,8;8,14616;6;1,73205;8491,7;47,4385;7155,5;57,2665;4789;46,258;
494,7;23,1735;23,8;4,4;40,3;8,53288;5,6;1,62481;8485,5;48,6359;7159,6;57,2734;4790,5;46,2261;
494,2;22,4223;23,3;4,19643;41,5;6,80074;6,2;2,03961;8478,8;49,2195;7164,5;56,9689;4791,5;46,661;
495,8;21,8989;23,1;5,20481;41,6;6,81469;5,5;2,45967;8473,8;50,9761;7167,8;57,5392;4792,4;47,1788;
494;22,7332;24,8;4,37721;41;5,21536;6,5;2,24722;8468;51,7571;7172,4;57,2961;4793,3;47,2611;
493,4;20,8432;24;5,42218;40;6,18061;7,4;1,90788;8463,4;51,8328;7177,4;58,4537;4794,4;47,5041;
494,3;20,1497;23,7;7,07177;40;6,75278;7,8;2,03961;8459,3;50,5886;7179,5;58,4538;4795,4;47,4894;
495,6;19,653;23,1;5,57584;39,7;5,96741;8,1;1,81384;8452,9;51,2708;7183,5;59,6142;4797,1;47,3275;
497,6;20,0759;20,2;3,57211;41,1;6,53376;8,1;2,11896;8446,1;52,6639;7188,5;60,5479;4798,4;47,3481;
496,8;21,0228;20,3;4,24382;41,1;7,10563;8,1;2,11896;8440,8;51,2948;7192,9;61,6011;4800;46,699;
497,8;20,566;20,8;4,26146;40,1;6,57951;7,8;2,03961;8435,5;52,7944;7196,7;62,4757;4801,3;46,2321;
499;20,7942;20,5;2,06155;39,8;6,11228;7,7;1,79165;8430,6;51,7826;7199,4;61,2506;4803;47,2589;
498,1;21,7552;21;3,03315;38,8;4,68615;7,7;2,49199;8426,7;49,7595;7203,5;62,2724;4804,2;47,7573;
500,3;19,7487;20,9;3,78021;37,7;5,29245;6,9;2,91376;8421,4;47,563;7206,6;65,1893;4806,2;47,3641;
499,9;21,6908;22,3;4,94065;37,4;5,69561;6;1,94936;8414,6;48,1772;7211,3;66,8507;4808,5;47,798;
499,6;20,848;22,6;3,46987;36,7;7,18401;6;1,78885;8409,1;46,5047;7216,4;64,3167;4809,6;47,3861;
501,7;21,4058;22,4;4,40908;36,3;7,11407;5,8;2,95973;8402,7;47,1424;7220,4;66,957;4810,7;46,7633;
502,7;20,0102;22,8;4,4;36,6;6,49923;5,6;2,57682;8396,7;46,804;7223,9;64,1318;4811,7;47,1361;
502,3;21,8954;24,5;6,21691;36;4,31277;6,1;2,34307;8389,4;47,147;7229,1;64,6629;4812,6;47,0855;
503,6;22,522;21,9;6,28411;35,7;5,4231;5,9;1,51327;8384,9;47,5467;7233,7;65,6568;4814,3;46,932;
504,2;20,6485;21,2;5,23068;38;5,44059;6,2;1,93907;8377,6;47,0068;7237,6;63,8611;4815,2;47,2436;
503,7;20,2388;22,4;4,8621;37,2;4,9558;6,7;2,0025;8372,1;46,7449;7241,7;63,0651;4816,2;47,0931;
503,4;21,6804;23;5,36656;38;5,11859;7,2;1,98997;8364,7;46,407;7246,5;61,5471;4817,2;46,844;
502,9;21,2812;24,3;4,79687;38,1;6,87677;6,9;1,13578;8359;46,394;7250,6;61,2914;4818,2;46,876;
504,5;19,9361;23,3;3,19531;38,2;6,0959;7;2,23607;8352,3;47,0299;7254,7;61,8935;4820;46,7204;
506,1;21,7874;22,7;3,55106;36,3;4,755;7,3;2,2383;8347,4;47,6512;7258,1;62,988;4822,1;46,8817;
