15;-nan(ind);1;0;0;0;0;0;0;0;0;0;0;0;
14,9981;0,0433182;0,96032;0,204121;0,04156;0,199581;0;0;0;0;0;0;0;0;
14,9948;0,0722037;0,92502;0,276474;0,07604;0,265062;0,00056;0,0236577;0,00354;0,0593925;0;0;0;0;
14,9898;0,10088;0,89384;0,323682;0,10456;0,306116;0,00132;0,0363078;0,01042;0,101545;0;0;2e-05;0,00447209;
14,9836;0,128889;0,86396;0,361017;0,12968;0,336605;0,0021;0,0457776;0,0206;0,142041;0;0;2e-05;0,00447209;
14,9766;0,154769;0,83672;0,390717;0,15162;0,359655;0,0033;0,0573508;0,03172;0,175254;0;0;2e-05;0,00447209;
14,9687;0,179437;0,81104;0,413974;0,16964;0,377283;0,00452;0,0670788;0,04612;0,209745;0;0;2e-05;0,00447209;
14,9601;0,203493;0,78606;0,434292;0,18622;0,392457;0,0062;0,0784956;0,06136;0,240323;0;0;4e-05;0,00632443;
14,9508;0,226268;0,76378;0,450267;0,19932;0,403722;0,00816;0,0899634;0,07788;0,26843;2e-05;0,00447209;6e-05;0,00774573;
14,9432;0,244205;0,73958;0,464846;0,2106;0,413386;0,01028;0,100868;0,09614;0,295731;2e-05;0,00447209;0,00016;0,0126481;
14,9341;0,264083;0,7203;0,476726;0,21746;0,419346;0,01248;0,111015;0,11544;0,321175;2e-05;0,00447209;0,00018;0,0134152;
14,9113;0,312179;0,7136;0,488237;0,22714;0,426834;0,01432;0,118806;0,13334;0,342287;2e-05;0,00447209;0,00026;0,0161224;
14,8891;0,353454;0,70814;0,498796;0,23234;0,43197;0,01688;0,128822;0,1532;0,363331;2e-05;0,00447209;0,00028;0,0167309;
14,8656;0,394667;0,70358;0,510681;0,23744;0,437152;0,01914;0,137017;0,17378;0,382754;4e-05;0,00632443;0,0004;0,019996;
14,8399;0,435095;0,7008;0,521881;0,2413;0,442351;0,02146;0,14505;0,19596;0,402144;4e-05;0,00632443;0,00054;0,0232316;
14,8151;0,47191;0,69852;0,534443;0,24404;0,445785;0,024;0,15331;0,21764;0,419801;6e-05;0,00774573;0,00062;0,0248921;
14,7879;0,511267;0,69776;0,547221;0,24808;0,451859;0,02668;0,161642;0,23874;0,435044;0,00012;0,0109538;0,00072;0,0268232;
14,7585;0,553712;0,69884;0,562763;0,25044;0,457034;0,02886;0,168247;0,26228;0,451674;0,00016;0,0126481;0,00088;0,0296517;
14,7286;0,592733;0,7013;0,575985;0,25436;0,462451;0,03102;0,174407;0,28348;0,465402;0,00022;0,0148308;0,001;0,031607;
14,6971;0,632;0,70466;0,590554;0,25704;0,466959;0,03376;0,181935;0,30612;0,479302;0,00024;0,0154901;0,00106;0,0325404;
14,6846;0,647094;0,68842;0,597141;0,26072;0,471747;0,03642;0,188822;0,32838;0,492368;0,00026;0,0161224;0,00122;0,0349072;
14,6718;0,663128;0,6753;0,603183;0,26092;0,472822;0,03874;0,195036;0,35154;0,505648;0,0003;0,0173179;0,00144;0,03792;
14,6273;0,716352;0,69172;0,622417;0,2623;0,476675;0,04136;0,201319;0,37544;0,519042;0,00032;0,0178857;0,00158;0,0397178;
14,5813;0,770632;0,71006;0,643797;0,26406;0,481095;0,04382;0,207026;0,39846;0,531385;0,0004;0,019996;0,00192;0,0437757;
14,5603;0,795161;0,70264;0,652639;0,26576;0,48445;0,04624;0,212466;0,42242;0,543416;0,0005;0,0223551;0,00212;0,0459946;
14,5405;0,816112;0,69416;0,657801;0,26914;0,490901;0,04856;0,217995;0,44474;0,554244;0,00052;0,0227976;0,00236;0,0485225;
14,5199;0,838285;0,68714;0,664604;0,26942;0,493673;0,05074;0,222453;0,46946;0,566557;0,00058;0,0240762;0,00272;0,0520826;
14,4978;0,860718;0,68232;0,669955;0,26912;0,494302;0,05268;0,227035;0,49442;0,577312;0,00066;0,025682;0,003;0,05469;
14,4758;0,883615;0,67652;0,676048;0,27082;0,497671;0,05474;0,231568;0,51802;0,588927;0,00076;0,0275576;0,0033;0,0576984;
14,4539;0,906705;0,6727;0,681362;0,26986;0,498513;0,05768;0,237641;0,54148;0,600266;0,00082;0,0286239;0,00356;0,0598943;
14,4317;0,927884;0,66794;0,686466;0,27038;0,500834;0,06;0,242734;0,56528;0,611342;0,00086;0,0293131;0,00388;0,0624896;
14,4088;0,951316;0,66468;0,692445;0,2706;0,501374;0,0624;0,247439;0,58842;0,621693;0,0009;0,0299865;0,0042;0,0652868;
14,3855;0,972877;0,66198;0,696823;0,27044;0,502655;0,0648;0,251954;0,6119;0,632928;0,00094;0,030645;0,00444;0,0670842;
14,3625;0,995655;0,6576;0,701429;0,2708;0,504884;0,06728;0,257047;0,63622;0,64396;0,00094;0,030645;0,00468;0,0688338;
14,3389;1,0177;0,65536;0,705311;0,2691;0,505376;0,0702;0,263651;0,66056;0,655149;0,00098;0,0312896;0,00494;0,0706795;
14,3158;1,0393;0,65182;0,709472;0,26884;0,506601;0,07262;0,268303;0,68452;0,666628;0,00108;0,0328456;0,00532;0,0732919;
14,293;1,0598;0,64938;0,713418;0,26792;0,507601;0,07512;0,272978;0,7079;0,677981;0,00112;0,0334477;0,0056;0,0751574;
14,2684;1,08276;0,64742;0,717682;0,26744;0,50927;0,07736;0,276506;0,73224;0,688669;0,00126;0,0354741;0,00584;0,0767196;
14,2443;1,10327;0,64558;0,720671;0,26614;0,506862;0,0796;0,280756;0,75686;0,700245;0,0013;0,0360321;0,00624;0,0795051;
14,2263;1,11982;0,63696;0,721084;0,26432;0,505821;0,08204;0,285358;0,78254;0,712412;0,00132;0,0363078;0,00648;0,0809815;
14,2075;1,13634;0,63124;0,721676;0,26294;0,504423;0,08436;0,289764;0,80566;0,723472;0,00142;0,0376561;0,0069;0,0835008;
14,1557;1,18539;0,65798;0,745387;0,26228;0,504549;0,08666;0,293922;0,82862;0,73605;0,00154;0,0392126;0,0072;0,0852535;
14,1053;1,23105;0,68156;0,765974;0,26346;0,507315;0,08874;0,297968;0,85152;0,747418;0,00162;0,0402166;0,00776;0,0884295;
14,0517;1,27964;0,708;0,792045;0,26508;0,509522;0,09142;0,30289;0,87404;0,758429;0,0017;0,041196;0,00806;0,0900835;
14,0001;1,32784;0,73196;0,816354;0,26614;0,513137;0,09368;0,30722;0,89794;0,770379;0,00176;0,0419154;0,00844;0,0921345;
13,9474;1,37463;0,75612;0,839239;0,26784;0,516664;0,0963;0,312004;0,92176;0,781485;0,00184;0,0428557;0,00872;0,093616;
13,894;1,42267;0,78058;0,863224;0,27046;0,520991;0,0983;0,31597;0,9455;0,793429;0,00188;0,0433182;0,00926;0,0966139;
13,8393;1,46926;0,80334;0,883417;0,27462;0,527905;0,1003;0,318685;0,97076;0,807382;0,00194;0,0440027;0,0097;0,0992266;
13,785;1,51499;0,82654;0,90371;0,27832;0,533008;0,10272;0,323371;0,99532;0,820426;0,002;0,0446766;0,01012;0,10128;
13,727;1,56399;0,85016;0,926104;0,28484;0,540986;0,10506;0,327387;1,02022;0,833169;0,00202;0,044899;0,01068;0,103952;
13,7048;1,58309;0,83784;0,924286;0,28998;0,549155;0,10736;0,331352;1,04662;0,847423;0,00206;0,0453404;0,01132;0,10692;
13,6834;1,60094;0,82592;0,92027;0,29482;0,553914;0,10962;0,335564;1,07208;0,862047;0,00224;0,0472756;0,01192;0,109626;
13,6078;1,66357;0,86706;0,952758;0,30016;0,560771;0,11182;0,339524;1,0982;0,877814;0,00244;0,0493361;0,01252;0,112442;
13,5309;1,7253;0,90968;0,98446;0,3047;0,567959;0,11394;0,343217;1,12506;0,893544;0,00246;0,0495373;0,01326;0,115776;
13,4998;1,74747;0,90432;0,983303;0,31048;0,575641;0,11664;0,348131;1,15236;0,908508;0,00254;0,0503344;0,01388;0,118521;
13,468;1,7703;0,89892;0,981521;0,31634;0,583669;0,11908;0,352789;1,18042;0,924418;0,0027;0,0518913;0,01452;0,121116;
13,4357;1,79478;0,8947;0,981495;0,32066;0,586069;0,12152;0,356641;1,2094;0,943924;0,0029;0,0537735;0,01512;0,123497;
13,404;1,81664;0,88972;0,980815;0,32514;0,592338;0,12426;0,360748;1,23832;0,962249;0,00298;0,054508;0,01562;0,125443;
13,3722;1,83931;0,88684;0,980242;0,32644;0,592315;0,12688;0,365597;1,2681;0,978459;0,00316;0,056125;0,01636;0,128734;
13,3402;1,86055;0,88252;0,975499;0,3308;0,596834;0,12978;0,370536;1,29648;0,996383;0,00332;0,0575237;0,01686;0,130598;
13,3077;1,88522;0,87932;0,975764;0,33438;0,597905;0,13222;0,374777;1,32538;1,01372;0,00356;0,0595594;0,01746;0,132797;
13,2736;1,90804;0,87808;0,97641;0,33604;0,598863;0,1349;0,378975;1,35556;1,03233;0,00366;0,0603871;0,01812;0,135321;
13,2424;1,92959;0,87568;0,974097;0,33638;0,601422;0,138;0,384286;1,38512;1,05199;0,00374;0,0610411;0,01872;0,137875;
13,2088;1,95443;0,87584;0,974384;0,33752;0,603424;0,14026;0,388159;1,41412;1,07247;0,00388;0,0621687;0,01958;0,141126;
13,1762;1,97696;0,87214;0,972888;0,33924;0,606594;0,14312;0,392628;1,44508;1,09235;0,00402;0,0632759;0,02022;0,143426;
13,1427;1,99925;0,872;0,973415;0,33858;0,606715;0,14564;0,39642;1,47624;1,11157;0,00414;0,0642095;0,02074;0,14543;
13,11;2,02061;0,86916;0,971103;0,33872;0,607741;0,14804;0,399955;1,50826;1,13316;0,0043;0,0654332;0,0215;0,148046;
13,076;2,04228;0,86846;0,972048;0,34056;0,609638;0,15028;0,403802;1,538;1,15289;0,00444;0,0664852;0,0223;0,150741;
13,0427;2,06449;0,86696;0,970825;0,3419;0,611853;0,15294;0,407958;1,56806;1,17276;0,00452;0,0670788;0,02292;0,152822;
13,016;2,08273;0,85892;0,964539;0,34254;0,613357;0,15592;0,412515;1,59836;1,19234;0,0047;0,0683952;0,02356;0,155064;
12,9876;2,10373;0,85336;0,964249;0,34308;0,613691;0,15816;0,415867;1,62842;1,2117;0,00488;0,0696863;0,02454;0,158044;
12,9121;2,15782;0,89492;0,995027;0,34218;0,613199;0,16086;0,420124;1,6597;1,23174;0,00496;0,0702524;0,02532;0,160496;
12,8333;2,21494;0,93716;1,02573;0,34348;0,61555;0,16354;0,423361;1,69112;1,25306;0,00524;0,0721979;0,02618;0,163262;
12,7569;2,27077;0,97592;1,05426;0,34884;0,620541;0,16636;0,427977;1,71966;1,27221;0,00542;0,0734209;0,02688;0,16528;
12,6823;2,32291;1,0125;1,07927;0,35314;0,625709;0,1693;0,432247;1,74962;1,29206;0,00566;0,0750198;0,02752;0,167101;
12,6037;2,37382;1,05066;1,10402;0,3585;0,631203;0,1719;0,435925;1,78134;1,31282;0,00578;0,0758063;0,02816;0,168899;
12,5257;2,42727;1,0863;1,12961;0,36466;0,636147;0,17452;0,438843;1,81394;1,33328;0,00604;0,0774824;0,02888;0,170897;
12,4464;2,47818;1,12248;1,15161;0,37172;0,643292;0,17728;0,44359;1,84606;1,35502;0,00626;0,0788721;0,02976;0,17365;
12,3682;2,52653;1,15494;1,17135;0,3806;0,653623;0,17958;0,446375;1,87956;1,37796;0,0064;0,0797436;0,03072;0,176341;
12,2896;2,57517;1,18814;1,19208;0,38632;0,660785;0,18248;0,450934;1,9152;1,40167;0,00672;0,0816997;0,03158;0,178837;
12,2603;2,59221;1,1705;1,18152;0,39506;0,668392;0,18528;0,455007;1,94954;1,4243;0,00694;0,0830171;0,0324;0,181081;
12,2305;2,61026;1,15296;1,17266;0,40212;0,671133;0,18778;0,458997;1,9859;1,44767;0,00714;0,0844335;0,03362;0,184417;
12,1234;2,67704;1,21264;1,21055;0,40874;0,678433;0,19062;0,463124;2,0228;1,47109;0,00738;0,0860554;0,03442;0,186642;
12,0175;2,74125;1,2697;1,24383;0,41564;0,684078;0,19354;0,467549;2,06036;1,49452;0,00764;0,0875307;0,03562;0,189819;
11,9779;2,76221;1,25842;1,23411;0,42424;0,693037;0,19682;0,472146;2,09804;1,51817;0,00804;0,0897516;0,03654;0,192262;
11,9384;2,78258;1,24716;1,2274;0,43304;0,70245;0,1998;0,477032;2,13554;1,54083;0,00844;0,0919172;0,03758;0,194956;
11,8999;2,80339;1,23502;1,21994;0,44072;0,707139;0,20322;0,481707;2,17382;1,56506;0,00868;0,0931915;0,0386;0,197459;
11,8606;2,82433;1,2232;1,2101;0,44842;0,71508;0,20686;0,487144;2,2125;1,59009;0,0089;0,094344;0,03956;0,200087;
11,8206;2,84516;1,21436;1,20282;0,45252;0,716761;0,20984;0,490191;2,25284;1,61549;0,00904;0,0950699;0,04078;0,203266;
11,7814;2,86577;1,20336;1,19514;0,45732;0,719707;0,21342;0,494684;2,29346;1,64289;0,00926;0,096199;0,04176;0,205952;
11,7407;2,88739;1,1962;1,18955;0,45778;0,718316;0,21682;0,499329;2,3361;1,66853;0,00936;0,0967078;0,043;0,209167;
11,7003;2,90775;1,1873;1,18194;0,46096;0,719302;0,22084;0,504886;2,37704;1,69574;0,0095;0,0974153;0,0441;0,211743;
11,659;2,92798;1,18178;1,17484;0,4612;0,718481;0,2246;0,509858;2,41852;1,72005;0,0098;0,0989139;0,04512;0,214393;
11,6172;2,94827;1,17656;1,16831;0,46352;0,717962;0,2286;0,514531;2,4581;1,74544;0,00996;0,0997036;0,04608;0,216695;
11,5754;2,96996;1,17076;1,16028;0,46598;0,724184;0,23192;0,518896;2,49822;1,77046;0,01016;0,10088;0,04758;0,220173;
11,533;2,99048;1,16654;1,1538;0,46598;0,722165;0,23506;0,523113;2,53996;1,79539;0,01054;0,102708;0,0489;0,223403;
11,4909;3,01168;1,15982;1,14914;0,46852;0,725265;0,23858;0,527806;2,58126;1,82068;0,01082;0,104033;0,0501;0,226075;
11,4491;3,03281;1,155;1,14597;0,46838;0,723105;0,2424;0,532055;2,62256;1,84601;0,01102;0,104969;0,0515;0,229189;
11,4085;3,05141;1,15064;1,14311;0,46684;0,721817;0,24604;0,536567;2,66388;1,87144;0,0112;0,105804;0,0529;0,232597;
11,3759;3,06859;1,13674;1,13407;0,46728;0,721255;0,24974;0,540638;2,70508;1,8972;0,0114;0,106724;0,05388;0,234983;
11,3423;3,08446;1,12528;1,12578;0,46682;0,720013;0,2533;0,544517;2,74546;1,9198;0,01164;0,107817;0,05518;0,237771;
11,2458;3,13171;1,17602;1,14976;0,46598;0,717247;0,25636;0,548343;2,78732;1,94476;0,012;0,109435;0,0565;0,240806;
11,1517;3,17918;1,22384;1,17678;0,46508;0,717872;0,26058;0,553568;2,82906;1,96974;0,01234;0,11094;0,05738;0,24275;
11,0564;3,22557;1,27112;1,20087;0,46682;0,7184;0,26482;0,559259;2,86972;1,99492;0,01276;0,11277;0,05836;0,245019;
10,9619;3,26985;1,31382;1,22133;0,47164;0,721717;0,26886;0,564211;2,9114;2,02047;0,01304;0,113973;0,05932;0,247227;
10,8672;3,31098;1,35624;1,24475;0,47624;0,728063;0,27238;0,567864;2,95408;2,04434;0,01342;0,115585;0,06042;0,249418;
10,7725;3,35091;1,39876;1,26195;0,4803;0,730214;0,276;0,572734;2,99692;2,06802;0,01374;0,116924;0,06178;0,252276;
10,6803;3,39242;1,43488;1,2793;0,48788;0,737491;0,27976;0,577628;3,04026;2,09362;0,01408;0,118329;0,06288;0,254335;
10,5832;3,43264;1,47394;1,29784;0,49826;0,748142;0,28366;0,581891;3,08234;2,11653;0,01434;0,119392;0,06424;0,25728;
10,4915;3,46941;1,50634;1,31205;0,506;0,75204;0,2879;0,587583;3,12794;2,1435;0,0146;0,120776;0,06574;0,260419;
10,4571;3,48396;1,48104;1,29854;0,51488;0,760906;0,2915;0,591276;3,17338;2,16965;0,01494;0,122134;0,06712;0,263239;
10,4219;3,49671;1,45666;1,28348;0,52386;0,764481;0,29464;0,594968;3,21892;2,1963;0,01526;0,123398;0,06878;0,266551;
10,2966;3,54386;1,52316;1,30834;0,5302;0,769992;0,29802;0,598334;3,26612;2,22293;0,01564;0,124882;0,07028;0,269482;
10,1707;3,59155;1,588;1,33564;0,53898;0,776608;0,30218;0,603048;3,31256;2,24642;0,01596;0,126116;0,07164;0,272154;
10,1264;3,60786;1,56722;1,32698;0,55012;0,785091;0,30596;0,607049;3,36086;2,27366;0,01628;0,127338;0,0732;0,274885;
10,0829;3,6231;1,54896;1,31659;0,55588;0,789226;0,30938;0,610331;3,4111;2,29965;0,01674;0,129073;0,075;0,27802;
10,0378;3,63865;1,53156;1,30449;0,56314;0,795848;0,31302;0,614328;3,46084;2,32552;0,01706;0,130418;0,0766;0,281376;
9,99254;3,65333;1,51614;1,2956;0,5679;0,79392;0,31692;0,618483;3,51118;2,35159;0,0173;0,131304;0,07802;0,284557;
9,94684;3,66836;1,50114;1,289;0,57004;0,794188;0,32078;0,621868;3,56378;2,37884;0,01768;0,132844;0,07974;0,287926;
9,9003;3,68217;1,48714;1,27714;0,57404;0,796767;0,32522;0,6263;3,6142;2,4039;0,01804;0,134144;0,08106;0,290188;
9,85604;3,69719;1,47216;1,26522;0,57586;0,795315;0,32964;0,631583;3,6653;2,43151;0,01834;0,135217;0,08266;0,292621;
9,8096;3,7115;1,45954;1,25762;0,57716;0,796195;0,33414;0,636719;3,71658;2,4588;0,0188;0,136845;0,08418;0,29559;
9,76412;3,72539;1,44694;1,24502;0,5778;0,794976;0,33912;0,641465;3,76734;2,48451;0,01934;0,138874;0,08534;0,297821;
9,72034;3,74011;1,43194;1,23537;0,57802;0,795256;0,34332;0,64564;3,81942;2,50989;0,0198;0,140741;0,08716;0,30107;
9,6749;3,75497;1,4182;1,22722;0,58048;0,797974;0,347;0,649393;3,8704;2,53595;0,02016;0,142104;0,08886;0,304637;
9,62638;3,7689;1,41026;1,21977;0,57878;0,799646;0,35124;0,653016;3,92258;2,55983;0,02046;0,143113;0,0903;0,307353;
9,5792;3,78405;1,40204;1,21588;0,57732;0,796531;0,35496;0,656569;3,9738;2,58431;0,02078;0,14432;0,0919;0,31012;
9,53406;3,79814;1,39026;1,20918;0,5772;0,794431;0,35886;0,660151;4,02478;2,608;0,02118;0,146053;0,09366;0,313254;
9,48944;3,81214;1,37872;1,20572;0,57634;0,790172;0,36176;0,66282;4,07644;2,63143;0,02166;0,147617;0,09564;0,317006;
9,4522;3,82363;1,36004;1,1953;0,57628;0,790962;0,36632;0,66709;4,12594;2,6547;0,02198;0,14865;0,09724;0,319538;
9,41394;3,83418;1,34348;1,18517;0,57238;0,788442;0,37008;0,671208;4,17878;2,67904;0,02222;0,14942;0,09912;0,322762;
9,30796;3,86544;1,3975;1,20849;0,56706;0,781116;0,37446;0,675899;4,22962;2,70032;0,0227;0,150946;0,1007;0,325207;
9,20382;3,89345;1,44456;1,22705;0,569;0,78146;0,37796;0,679784;4,27892;2,72061;0,02316;0,152393;0,10258;0,328051;
9,09982;3,91852;1,49134;1,24174;0,56824;0,780758;0,38256;0,683819;4,33032;2,74368;0,02356;0,153769;0,10416;0,330622;
8,9975;3,9449;1,53442;1,25442;0,57266;0,782867;0,386;0,687258;4,37932;2,76528;0,02398;0,155064;0,10612;0,334094;
8,89514;3,96934;1,57496;1,26803;0,57666;0,787708;0,38984;0,690901;4,43078;2,78556;0,02446;0,15653;0,10816;0,337434;
8,79516;3,99483;1,61108;1,28349;0,5839;0,790368;0,39312;0,693813;4,48146;2,80602;0,02502;0,158348;0,11026;0,34068;
8,69346;4,01563;1,64894;1,29578;0,59114;0,793532;0,39676;0,69764;4,53202;2,8277;0,02548;0,159721;0,1122;0,343993;
8,58974;4,0394;1,68824;1,31247;0,59562;0,797682;0,4009;0,702011;4,58542;2,8468;0,02594;0,161205;0,11414;0,34686;
8,49048;4,06049;1,72012;1,32304;0,60358;0,805327;0,40478;0,70502;4,63858;2,86894;0,0264;0,162552;0,11606;0,349614;
8,45376;4,06783;1,6874;1,30885;0,61328;0,810461;0,40906;0,708244;4,69146;2,88889;0,027;0,164289;0,11804;0,352685;
8,41748;4,0755;1,65682;1,29482;0,61914;0,813834;0,4125;0,71155;4,74624;2,90964;0,02744;0,165551;0,12038;0,356046;
8,2871;4,10037;1,72308;1,31865;0,622;0,817653;0,4171;0,716497;4,8003;2,92851;0,02798;0,167084;0,12244;0,359456;
8,15954;4,12313;1,78;1,33834;0,63046;0,821133;0,42106;0,719395;4,85606;2,95041;0,02836;0,168154;0,12452;0,362567;
8,1144;4,13171;1,75348;1,32842;0,63856;0,825301;0,42526;0,722671;4,91262;2,97285;0,02888;0,169723;0,1268;0,365899;
8,06754;4,13805;1,73164;1,31629;0,64338;0,829652;0,42918;0,725965;4,96992;2,99264;0,02944;0,171386;0,1289;0,369005;
8,01966;4,14634;1,70978;1,30522;0,65002;0,833651;0,43356;0,729401;5,02594;3,01349;0,03014;0,173412;0,1309;0,371867;
7,97258;4,15342;1,68954;1,29312;0,65216;0,833023;0,43772;0,73182;5,0841;3,0341;0,03056;0,17466;0,13334;0,376033;
7,92812;4,16058;1,66672;1,28376;0,6539;0,829937;0,44296;0,735518;5,14196;3,05521;0,0311;0,176218;0,13524;0,379091;
7,8826;4,16688;1,64544;1,27526;0,6576;0,833212;0,44668;0,738375;5,19852;3,07389;0,0315;0,177392;0,13766;0,382818;
7,83684;4,17215;1,62474;1,26499;0,65698;0,830781;0,4509;0,741397;5,25844;3,09334;0,03204;0,178811;0,14006;0,386734;
7,7903;4,17864;1,60512;1,25687;0,6578;0,827441;0,4547;0,744626;5,31674;3,11166;0,0327;0,18075;0,14264;0,390505;
7,74524;4,18403;1,58614;1,24745;0,65552;0,827631;0,45898;0,747982;5,37568;3,13139;0,03322;0,182309;0,14522;0,393867;
7,69922;4,19085;1,56864;1,23978;0,65208;0,82333;0,46352;0,751445;5,43504;3,15188;0,0339;0,184149;0,1476;0,397359;
7,65504;4,19725;1,54908;1,23178;0,65064;0,823254;0,468;0,755868;5,4928;3,17008;0,03448;0,18561;0,14996;0,400889;
7,6102;4,20327;1,53268;1,22454;0,64644;0,821021;0,47258;0,759031;5,55102;3,18751;0,03496;0,18681;0,15212;0,404301;
7,56446;4,20754;1,51774;1,21573;0,64338;0,816237;0,47698;0,761938;5,60768;3,20521;0,0355;0,188254;0,15426;0,407607;
7,5193;4,21244;1,50298;1,21007;0,64078;0,815096;0,48056;0,764737;5,6635;3,22135;0,03616;0,189875;0,15672;0,411192;
7,47322;4,21823;1,48832;1,20332;0,63692;0,814281;0,48478;0,768146;5,72088;3,23707;0,03668;0,191349;0,1592;0,414361;
7,43744;4,22154;1,46548;1,19287;0,63032;0,81096;0,48912;0,772037;5,7789;3,25467;0,03702;0,192171;0,16172;0,41786;
7,4013;4,22399;1,44294;1,1807;0,62698;0,806273;0,49254;0,77376;5,83464;3,27042;0,03764;0,193967;0,16396;0,420805;
7,29866;4,23265;1,48844;1,19537;0,62216;0,803017;0,4954;0,77662;5,89002;3,28659;0,03822;0,195344;0,1671;0,424991;
7,19886;4,23911;1,52926;1,20777;0,61932;0,801251;0,49842;0,779768;5,94566;3,30148;0,03878;0,196662;0,1697;0,428418;
7,1003;4,24634;1,56648;1,22501;0,61892;0,799411;0,50204;0,782634;6,00074;3,31616;0,03934;0,197971;0,17218;0,43134;
7,00172;4,25202;1,6016;1,23683;0,62062;0,801006;0,50572;0,78481;6,0556;3,329;0,0399;0,199269;0,17484;0,434363;
6,9054;4,25526;1,6316;1,24924;0,62466;0,802459;0,50938;0,787396;6,1114;3,3448;0,04044;0,20081;0,17712;0,437251;
6,80806;4,25907;1,66204;1,25987;0,63072;0,80488;0,51268;0,790139;6,1657;3,35856;0,04118;0,202791;0,17962;0,440496;
6,71152;4,26331;1,69098;1,27127;0,6344;0,811306;0,51574;0,792106;6,22328;3,37273;0,0416;0,203935;0,18248;0,444591;
6,61634;4,26412;1,71928;1,28017;0,63704;0,811825;0,5194;0,793942;6,28078;3,38691;0,04206;0,204966;0,1851;0,447792;
6,52194;4,26471;1,74472;1,28746;0,64312;0,814393;0,523;0,796361;6,33712;3,39866;0,04266;0,206301;0,18744;0,450806;
6,48772;4,2643;1,70644;1,27459;0,64974;0,820133;0,52746;0,799479;6,3954;3,41107;0,04342;0,20817;0,18982;0,453683;
6,4537;4,26466;1,6716;1,26155;0,65328;0,82403;0,5307;0,801859;6,4538;3,42345;0,04428;0,210426;0,19264;0,456826;
6,33436;4,2637;1,72458;1,27913;0,65558;0,823769;0,53386;0,803725;6,51128;3,43565;0,04482;0,211686;0,19552;0,460621;
6,21382;4,259;1,77704;1,29655;0,65842;0,821087;0,53776;0,805937;6,56878;3,44737;0,04566;0,213764;0,19852;0,464015;
6,17166;4,25813;1,7488;1,28484;0,66236;0,824305;0,54178;0,808514;6,62794;3,45877;0,0461;0,215069;0,20136;0,467904;
6,12846;4,25584;1,72456;1,27697;0,66262;0,824618;0,54624;0,811136;6,68724;3,46959;0,04682;0,216767;0,20406;0,471402;
6,08442;4,25473;1,69854;1,26596;0,66546;0,826718;0,55076;0,814041;6,74682;3,48105;0,04756;0,218307;0,20644;0,474197;
6,04396;4,25332;1,67202;1,25805;0,66752;0,826836;0,55456;0,816494;6,80442;3,49202;0,0483;0,220107;0,20922;0,477961;
6,00092;4,25285;1,64948;1,24921;0,66674;0,824353;0,5584;0,818358;6,8632;3,50233;0,04902;0,221579;0,21224;0,481533;
5,95768;4,25039;1,6267;1,24143;0,66914;0,825489;0,56218;0,820447;6,91948;3,50951;0,04964;0,222926;0,21518;0,484972;
5,91508;4,24912;1,60318;1,23275;0,66846;0,826112;0,56662;0,822753;6,9788;3,51794;0,05012;0,223982;0,21774;0,48778;
5,87386;4,24759;1,5811;1,22297;0,66672;0,823143;0,5702;0,824422;7,03674;3,52788;0,0509;0,225631;0,22048;0,490865;
5,83052;4,24529;1,55992;1,21708;0,66466;0,823995;0,57432;0,826872;7,096;3,53756;0,05154;0,2269;0,22304;0,493977;
5,78932;4,24299;1,53866;1,20888;0,66092;0,820649;0,57778;0,828463;7,15496;3,54644;0,05226;0,228405;0,2261;0,497573;
5,74754;4,24165;1,5175;1,20185;0,6562;0,81555;0,58148;0,831168;7,21492;3,55247;0,053;0,230024;0,22936;0,501512;
5,7078;4,23839;1,4955;1,19466;0,65244;0,812947;0,58538;0,832797;7,27316;3,55944;0,05374;0,231543;0,23198;0,504267;
5,66778;4,23641;1,47612;1,189;0,64662;0,809977;0,58932;0,835333;7,33102;3,56865;0,0547;0,233469;0,23444;0,507423;
5,62672;4,23357;1,45834;1,18175;0,63996;0,805637;0,593;0,836846;7,38966;3,57618;0,05528;0,234913;0,23704;0,510463;
5,58658;4,23051;1,43864;1,17335;0,63404;0,80102;0,59676;0,839189;7,44774;3,5823;0,05618;0,236778;0,24006;0,514073;
5,55514;4,22759;1,4128;1,16492;0,6287;0,796666;0,60068;0,840609;7,503;3,58933;0,05698;0,238355;0,2427;0,516795;
5,5225;4,224;1,38956;1,15525;0,62084;0,79211;0,60366;0,841246;7,55966;3,59536;0,05778;0,23992;0,246;0,520542;
5,43228;4,21357;1,42478;1,17031;0,61326;0,786316;0,60696;0,84335;7,61536;3,60256;0,0586;0,241673;0,24876;0,523831;
5,34258;4,20242;1,45634;1,18236;0,6112;0,786787;0,6103;0,845739;7,66866;3,60892;0,05936;0,243056;0,25156;0,527103;
5,25672;4,19111;1,48472;1,1926;0,60712;0,781975;0,6125;0,846418;7,7238;3,61445;0,0601;0,244638;0,25504;0,531258;
5,1707;4,17856;1,51038;1,20675;0,60618;0,780849;0,61502;0,847709;7,77802;3,61642;0,06106;0,246924;0,25864;0,53515;
5,08614;4,16571;1,53488;1,21732;0,60596;0,783487;0,61796;0,848814;7,83144;3,62104;0,06186;0,248583;0,26176;0,538221;
5,00314;4,15405;1,55492;1,22578;0,60606;0,783142;0,62056;0,849532;7,88808;3,62535;0,06254;0,250097;0,2647;0,541178;
4,9207;4,13913;1,57628;1,23624;0,60732;0,784272;0,6232;0,850824;7,94148;3,63037;0,0632;0,251328;0,26782;0,544621;
4,83982;4,12566;1,59454;1,24934;0,60776;0,784492;0,62654;0,85287;7,99706;3,63611;0,06384;0,252595;0,27044;0,547268;
4,75996;4,11085;1,61052;1,2574;0,61176;0,785716;0,62994;0,854608;8,05004;3,63846;0,06472;0,254581;0,27306;0,550289;
4,73082;4,10509;1,57472;1,24493;0,61506;0,787351;0,63334;0,855956;8,10394;3,64045;0,06564;0,256693;0,27648;0,553714;
4,70104;4,09956;1,53978;1,23138;0,6176;0,790044;0,63672;0,857641;8,15866;3,64305;0,06634;0,258107;0,27986;0,55708;
4,6015;4,07774;1,57762;1,24836;0,61936;0,791778;0,639;0,858067;8,21228;3,64398;0,06698;0,259179;0,28326;0,560806;
4,50112;4,05756;1,61582;1,26903;0,61868;0,794881;0,64284;0,860184;8,26806;3,64584;0,06774;0,260521;0,28574;0,563287;
4,46542;4,05007;1,58856;1,25762;0,62124;0,796254;0,64526;0,861382;8,32194;3,64714;0,06854;0,262149;0,28904;0,566371;
4,42994;4,04217;1,56212;1,2471;0,62086;0,794401;0,64882;0,863952;8,37654;3,64899;0,0694;0,263939;0,29232;0,569095;
4,39414;4,03579;1,53552;1,23746;0,62158;0,796755;0,65142;0,865073;8,43176;3,65043;0,07022;0,265573;0,29536;0,572156;
4,3579;4,02824;1,51032;1,22783;0,62082;0,794961;0,65474;0,867373;8,48714;3,65161;0,07084;0,266649;0,29824;0,574955;
4,32358;4,02113;1,48284;1,21752;0,61938;0,792962;0,6575;0,868282;8,54326;3,65191;0,07186;0,268656;0,30158;0,57823;
4,28928;4,01342;1,45914;1,21056;0,6141;0,79167;0,66006;0,86862;8,5998;3,6512;0,07268;0,270255;0,30494;0,581886;
4,2554;4,00602;1,43678;1,20208;0,60898;0,786463;0,6627;0,868912;8,65496;3,64991;0,07324;0,271433;0,30794;0,584631;
4,2213;3,99755;1,41212;1,19582;0,60818;0,789112;0,66482;0,869134;8,70802;3,64891;0,07424;0,273219;0,31132;0,587911;
4,18736;3,98973;1,38944;1,18662;0,60224;0,784313;0,66714;0,870209;8,7633;3,64934;0,07548;0,275505;0,31504;0,591024;
4,1533;3,98104;1,36788;1,17935;0,59824;0,780044;0,66978;0,8711;8,816;3,64842;0,0763;0,276836;0,3185;0,594288;
4,11828;3,97318;1,34888;1,17097;0,5914;0,776329;0,67182;0,871939;8,87004;3,64732;0,07706;0,278212;0,32252;0,597914;
4,08534;3,96589;1,32658;1,16248;0,587;0,774642;0,6747;0,872445;8,9229;3,64664;0,07796;0,279647;0,32552;0,601396;
4,05348;3,95831;1,30712;1,1541;0,58066;0,771631;0,67586;0,872326;8,9747;3,64423;0,07888;0,28103;0,3293;0,604501;
4,01998;3,95053;1,28816;1,1478;0,57612;0,769575;0,67826;0,872275;9,02528;3,64244;0,07972;0,282497;0,33248;0,607138;
3,98806;3,94324;1,27038;1,14112;0,5702;0,76725;0,6805;0,872548;9,074;3,64076;0,08096;0,284544;0,3359;0,61037;
3,9625;3,93563;1,24454;1,12839;0,564;0,765025;0,68252;0,873342;9,1248;3,6381;0,08206;0,286577;0,33958;0,613731;
3,93832;3,9285;1,21814;1,11567;0,55882;0,763819;0,68502;0,874601;9,17386;3,63618;0,08308;0,288405;0,34276;0,6166;
3,8685;3,90594;1,23834;1,13037;0,55316;0,759957;0,6877;0,875014;9,22228;3,63479;0,08388;0,289559;0,34614;0,619651;
3,7979;3,88298;1,25968;1,14539;0,54858;0,756413;0,68988;0,875297;9,26982;3,63137;0,08478;0,291054;0,34936;0,622533;
3,72678;3,85951;1,2817;1,16158;0,54338;0,751105;0,6918;0,875404;9,31792;3,62848;0,08568;0,29247;0,35274;0,625487;
3,6586;3,83838;1,29928;1,17379;0,53956;0,74985;0,69334;0,875408;9,36586;3,62451;0,08676;0,294538;0,3566;0,628996;
3,59122;3,81374;1,31416;1,18162;0,53864;0,749978;0,69488;0,875318;9,41342;3,62085;0,08792;0,296361;0,35976;0,631706;
3,52598;3,78878;1,32852;1,19271;0,53548;0,745373;0,69798;0,876518;9,4606;3,61746;0,0889;0,297921;0,36254;0,634149;
3,4623;3,76422;1,33908;1,20166;0,53368;0,742984;0,70018;0,877911;9,50866;3,61373;0,08982;0,299387;0,36628;0,637526;
3,39718;3,73833;1,34992;1,21118;0,5349;0,743816;0,70214;0,878419;9,55598;3,60919;0,09062;0,300679;0,36926;0,639552;
3,33512;3,71569;1,3591;1,22155;0,5342;0,743606;0,704;0,878603;9,60328;3,60414;0,0916;0,30234;0,3727;0,642242;
3,3107;3,70623;1,33044;1,21013;0,53308;0,746368;0,7054;0,878414;9,65148;3,59806;0,09268;0,304122;0,37622;0,645165;
3,2881;3,69727;1,29948;1,19606;0,53346;0,746191;0,7071;0,878516;9,69876;3,59259;0,09334;0,305332;0,37976;0,648246;
3,20724;3,66475;1,33106;1,21801;0,5303;0,742457;0,70898;0,878389;9,74496;3,58718;0,09444;0,307313;0,38302;0,651242;
3,13074;3,63281;1,35332;1,23617;0,53134;0,744566;0,7114;0,879972;9,79156;3,58204;0,09556;0,309174;0,38608;0,653745;
3,1024;3,62233;1,32756;1,22309;0,53136;0,744242;0,71328;0,879836;9,83934;3,57483;0,09668;0,311148;0,38938;0,656904;
3,07462;3,61134;1,30216;1,21088;0,5311;0,743877;0,71522;0,879818;9,88618;3,56773;0,09776;0,312799;0,39296;0,659653;
3,04732;3,60078;1,2776;1,20161;0,53108;0,74565;0,71582;0,879785;9,93252;3,56106;0,09852;0,314283;0,39714;0,662978;
3,02016;3,59012;1,25332;1,19276;0,52872;0,745959;0,71724;0,879708;9,98004;3,55336;0,09956;0,316114;0,40096;0,665696;
2,99244;3,57937;1,23072;1,18283;0,5264;0,746474;0,71932;0,880715;10,0264;3,54648;0,10058;0,317716;0,4041;0,668374;
2,96446;3,56729;1,20896;1,17282;0,52218;0,743685;0,7208;0,881253;10,0742;3,538;0,1018;0,319807;0,40756;0,671874;
2,93922;3,55768;1,18536;1,16048;0,51808;0,741534;0,72242;0,881232;10,1209;3,52993;0,10284;0,321347;0,41114;0,675384;
2,91226;3,54746;1,16442;1,15092;0,51532;0,741084;0,72394;0,881709;10,1657;3,52191;0,1039;0,32321;0,4145;0,678476;
2,88568;3,53565;1,14298;1,14004;0,51118;0,739104;0,7251;0,882275;10,2123;3,5142;0,10468;0,32441;0,41808;0,681153;
2,85834;3,5237;1,12466;1,1301;0,50494;0,732377;0,72618;0,882181;10,2584;3,50466;0,10556;0,325787;0,42188;0,684322;
2,83278;3,51256;1,10512;1,11908;0,49998;0,728835;0,72676;0,881828;10,3034;3,49511;0,10646;0,32724;0,42554;0,687412;
2,80632;3,50143;1,08694;1,10906;0,49456;0,723139;0,72922;0,882643;10,3472;3,48604;0,10728;0,328529;0,42844;0,689608;
2,7806;3,49024;1,06958;1,09984;0,48762;0,721032;0,7315;0,882977;10,3908;3,47762;0,1083;0,329987;0,43156;0,692153;
2,75498;3,4779;1,05172;1,09003;0,48198;0,720358;0,73252;0,883501;10,434;3,46938;0,1094;0,33165;0,43538;0,694999;
2,7301;3,46615;1,03508;1,08265;0,47758;0,714379;0,73356;0,88334;10,4738;3,46102;0,11064;0,333585;0,43924;0,699048;
2,71052;3,45746;1,0123;1,06989;0,47164;0,711362;0,73366;0,883404;10,5172;3,45211;0,11164;0,335166;0,44308;0,702282;
2,69014;3,44729;0,99152;1,05995;0,46584;0,70458;0,73442;0,882342;10,5585;3,44215;0,11258;0,336669;0,44696;0,704774;
2,63614;3,41725;1,00738;1,07399;0,45716;0,699089;0,73544;0,882161;10,5997;3,43292;0,11366;0,338203;0,45054;0,707611;
2,58466;3,39001;1,01942;1,08255;0,4486;0,691085;0,73616;0,881492;10,6417;3,42112;0,11492;0,339873;0,45454;0,710587;
2,53188;3,36193;1,03254;1,09607;0,4439;0,689386;0,73746;0,882164;10,6805;3,41228;0,11574;0,340975;0,45796;0,713297;
2,48012;3,33424;1,04312;1,10906;0,44026;0,686929;0,7385;0,88245;10,7199;3,4027;0,11674;0,342216;0,4614;0,715898;
2,43118;3,30741;1,05086;1,11826;0,4364;0,685066;0,7384;0,881161;10,7595;3,39293;0,11778;0,343668;0,46584;0,719273;
2,38332;3,27909;1,05546;1,12466;0,43554;0,684489;0,73862;0,880852;10,7984;3,38293;0,11894;0,345244;0,4697;0,72258;
2,33426;3,25167;1,06284;1,13471;0,43592;0,686334;0,73868;0,880541;10,8352;3,37492;0,11998;0,346561;0,47316;0,725479;
2,2866;3,22429;1,06732;1,14395;0,43372;0,684841;0,73952;0,880153;10,875;3,36639;0,1211;0,34836;0,4767;0,72805;
2,24186;3,20019;1,06816;1,14828;0,43342;0,684403;0,74034;0,879271;10,9139;3,35724;0,12198;0,349773;0,48034;0,730434;
2,22534;3,19064;1,04306;1,13326;0,4313;0,683081;0,74014;0,878278;10,9524;3,3448;0,1233;0,351763;0,48446;0,733075;
2,20832;3,17946;1,0191;1,11931;0,43022;0,684376;0,74034;0,878292;10,9894;3,33387;0,12436;0,353517;0,48828;0,735841;
2,15168;3,1463;1,03498;1,13654;0,42704;0,682376;0,74072;0,877094;11,028;3,32261;0,12566;0,355401;0,4919;0,738522;
2,09576;3,11046;1,04912;1,15186;0,42494;0,68118;0,74182;0,876997;11,0665;3,31121;0,12678;0,356913;0,49512;0,74074;
2,07642;3,09859;1,02652;1,13844;0,42392;0,682064;0,74204;0,876229;11,1045;3,29922;0,12782;0,358109;0,49882;0,74337;
2,05666;3,08741;1,00326;1,12458;0,42404;0,684975;0,74262;0,87584;11,1422;3,2864;0,12886;0,359688;0,50238;0,745838;
2,03594;3,07434;0,98406;1,11201;0,421;0,681292;0,74288;0,875151;11,1796;3,27395;0,13048;0,36196;0,50606;0,748093;
2,01518;3,06158;0,96698;1,10217;0,41588;0,677734;0,74316;0,874753;11,2172;3,26173;0,13176;0,363977;0,50986;0,750748;
1,99604;3,05111;0,94708;1,09122;0,41412;0,67648;0,7427;0,873943;11,2532;3,24944;0,13282;0,365375;0,51402;0,754031;
1,97706;3,03975;0,92754;1,0801;0,41032;0,67311;0,74334;0,873216;11,2901;3,23789;0,134;0,366775;0,51766;0,756471;
1,9577;3,02712;0,91046;1,07126;0,40488;0,666237;0,74406;0,873152;11,3266;3,22485;0,1353;0,368502;0,52096;0,758578;
1,93876;3,01587;0,892;1,05937;0,40342;0,667317;0,74392;0,872435;11,3607;3,21326;0,1365;0,370281;0,52474;0,76086;
1,92028;3,0055;0,8744;1,04789;0,39762;0,663203;0,74346;0,87222;11,3978;3,19948;0,13776;0,372051;0,52866;0,763635;
1,90208;2,99435;0,85778;1,03665;0,39258;0,660591;0,74424;0,87301;11,4322;3,18798;0,13868;0,373159;0,5324;0,765918;
1,88434;2,98319;0,84088;1,02622;0,39014;0,657397;0,74464;0,873104;11,4645;3,17578;0,13992;0,374623;0,53558;0,767967;
1,86742;2,97195;0,82338;1,01681;0,38496;0,651771;0,7447;0,872652;11,4996;3,16336;0,14082;0,375965;0,5391;0,770189;
1,84942;2,96099;0,80872;1,00879;0,37964;0,648655;0,74442;0,870781;11,5326;3,15175;0,14198;0,377494;0,54318;0,773289;
1,83158;2,94917;0,79322;0,998069;0,37598;0,64515;0,74414;0,869825;11,5651;3,14031;0,14308;0,378851;0,5469;0,775732;
1,814;2,93811;0,77848;0,986838;0,37084;0,639904;0,74368;0,868873;11,5979;3,12852;0,144;0,380242;0,5511;0,778889;
1,79962;2,92883;0,76252;0,974065;0,364;0,633707;0,74392;0,868368;11,6305;3,11497;0,1451;0,381584;0,55434;0,78103;
1,78482;2,91818;0,7475;0,964004;0,35596;0,628405;0,74452;0,868153;11,6632;3,10371;0,146;0,382732;0,55798;0,783887;
1,74624;2,88906;0,75596;0,974948;0,34994;0,62495;0,74476;0,867694;11,6945;3,09206;0,14716;0,384062;0,56144;0,785891;
1,71024;2,86108;0,76148;0,984778;0,34426;0,619084;0,74444;0,866792;11,7257;3,07981;0,14858;0,385984;0,56532;0,788272;
1,67482;2,83417;0,766;0,991042;0,34054;0,616484;0,74496;0,865999;11,7556;3,06913;0,14966;0,387275;0,5684;0,79009;
1,6395;2,80586;0,77206;1,00195;0,33436;0,611395;0,74478;0,865357;11,7864;3,0571;0,15084;0,388751;0,57208;0,792392;
1,60452;2,78016;0,77584;1,01005;0,3322;0,611493;0,74436;0,864782;11,8158;3,04452;0,15182;0,390091;0,57542;0,79518;
1,5693;2,75261;0,78056;1,01936;0,32964;0,608521;0,7438;0,864501;11,8444;3,03204;0,15294;0,391394;0,57934;0,797587;
1,5369;2,72647;0,78224;1,02543;0,3257;0,605029;0,74316;0,863894;11,8753;3,01922;0,15382;0,392733;0,58292;0,799703;
1,50402;2,69989;0,78332;1,03108;0,32664;0,607574;0,74256;0,863044;11,9017;3,00922;0,1551;0,394213;0,58668;0,802226;
1,47068;2,67347;0,78614;1,03679;0,3248;0,606914;0,74144;0,862152;11,93;2,99786;0,15614;0,395626;0,59082;0,804408;
1,45988;2,66508;0,76436;1,02086;0,32596;0,610008;0,74054;0,861522;11,9572;2,98798;0,15734;0,397372;0,59472;0,806293;
1,44768;2,65543;0,74686;1,0083;0,32312;0,606987;0,74006;0,860727;11,9855;2,97651;0,15834;0,398683;0,59848;0,808568;
1,4077;2,62211;0,75626;1,02296;0,32114;0,605648;0,73966;0,860072;12,0136;2,96287;0,15946;0,399891;0,60216;0,810977;
1,3682;2,58751;0,76536;1,03566;0,32006;0,605129;0,73868;0,859088;12,0411;2,94825;0,16072;0,401509;0,60586;0,812966;
1,35406;2,5773;0,74964;1,02448;0,31754;0,602485;0,73868;0,858273;12,0691;2,93465;0,16194;0,402834;0,60902;0,814687;
1,33908;2,56463;0,73208;1,00986;0,3189;0,603459;0,73822;0,858191;12,0961;2,92315;0,16306;0,404118;0,61254;0,816685;
1,32544;2,55334;0,7168;0,999058;0,31504;0,600391;0,73822;0,857515;12,1245;2,9098;0,1641;0,40523;0,61592;0,818512;
1,3115;2,54204;0,7025;0,989461;0,31004;0,597993;0,73726;0,856264;12,1534;2,89705;0,16528;0,406795;0,61998;0,821222;
1,29814;2,53139;0,68672;0,976348;0,30796;0,597294;0,73628;0,855507;12,1807;2,88241;0,16654;0,408417;0,6237;0,823516;
1,28468;2,52185;0,67194;0,964944;0,30684;0,596866;0,73566;0,855444;12,2062;2,86992;0,16756;0,409687;0,62708;0,825331;
