16;0;0;0;0;0;0;0;0;0;0;0;0;0;
15;0;1;0;0;0;0;0;0;0;0;0;0;0;
15;0;1;0;0;0;0;0;0;0;0;0;0;0;
15;0;1;0;0;0;0;0;0;0;0;0;0;0;
15;0;1;0;0;0;0;0;0;0;0;0;0;0;
15;0;1;0;0;0;0;0;0;0;0;0;0;0;
15;0;1;0;0;0;0;0;0;0;0;0;0;0;
15;0;1;0;0;0;0;0;0;0;0;0;0;0;
15;0;1;0;0;0;0;0;0;0;0;0;0;0;
15;0;1;0;0;0;0;0;0;0;0;0;0;0;
15;0;1;0;0;0;0;0;0;0;0;0;0;0;
15;0;1;0;0;0;0;0;0;0;0;0;0;0;
15;0;1;0;0;0;0;0;0;0;0;0;0;0;
15;0;1;0;0;0;0;0;0;0;0;0;0;0;
15;0;1;0;0;0;0;0;0;0;0;0;0;0;
15;0;1;0;0;0;0;0;0;0;0;0;0;0;
15;0;0,975;0,156125;0,025;0,156125;0;0;0;0;0;0;0;0;
15;0;0,975;0,156125;0,025;0,156125;0;0;0;0;0;0;0;0;
15;0;0,975;0,156125;0,025;0,156125;0;0;0;0;0;0;0;0;
15;0;0,975;0,156125;0,025;0,156125;0;0;0;0;0;0;0;0;
15;0;0,95;0,217945;0,05;0,217945;0;0;0;0;0;0;0;0;
15;0;0,95;0,217945;0,05;0,217945;0;0;0;0;0;0;0;0;
15;0;0,925;0,263391;0,075;0,263391;0;0;0;0;0;0;0;0;
15;0;0,925;0,263391;0,075;0,263391;0;0;0;0;0;0;0;0;
15;0;0,925;0,263391;0,075;0,263391;0;0;0;0;0;0;0;0;
15;0;0,925;0,263391;0,075;0,263391;0;0;0;0;0;0;0;0;
15;0;0,925;0,263391;0,05;0,217945;0,025;0,156125;0;0;0;0;0;0;
15;0;0,925;0,263391;0,025;0,156125;0,025;0,156125;0,025;0,156125;0;0;0;0;
15;0;0,925;0,263391;0;0;0,025;0,156125;0,05;0,217945;0;0;0;0;
15;0;0,925;0,263391;0;0;0;0;0,075;0,263391;0;0;0;0;
15;0;0,925;0,263391;0;0;0;0;0,075;0,263391;0;0;0;0;
15;0;0,925;0,263391;0;0;0;0;0,075;0,263391;0;0;0;0;
15;0;0,925;0,263391;0;0;0;0;0,075;0,263391;0;0;0;0;
15;0;0,925;0,263391;0;0;0;0;0,075;0,263391;0;0;0;0;
15;0;0,925;0,263391;0;0;0;0;0,075;0,263391;0;0;0;0;
14,975;0,156125;0,95;0,217945;0;0;0;0;0,075;0,263391;0;0;0;0;
14,975;0,156125;0,95;0,217945;0;0;0;0;0,05;0,217945;0,025;0,156125;0;0;
14,975;0,156125;0,95;0,217945;0;0;0;0;0,05;0,217945;0,025;0,156125;0;0;
14,975;0,156125;0,95;0,217945;0;0;0;0;0,05;0,217945;0,025;0,156125;0;0;
14,975;0,156125;0,95;0,217945;0;0;0;0;0,05;0,217945;0,025;0,156125;0;0;
14,975;0,156125;0,95;0,217945;0;0;0;0;0,05;0,217945;0,025;0,156125;0;0;
14,975;0,156125;0,95;0,217945;0;0;0;0;0,05;0,217945;0,025;0,156125;0;0;
14,975;0,156125;0,95;0,217945;0;0;0;0;0,05;0,217945;0,025;0,156125;0;0;
14,975;0,156125;0,925;0,263391;0,025;0,156125;0;0;0,05;0,217945;0,025;0,156125;0;0;
14,975;0,156125;0,925;0,263391;0,025;0,156125;0;0;0,05;0,217945;0,025;0,156125;0;0;
14,975;0,156125;0,925;0,263391;0,025;0,156125;0;0;0,05;0,217945;0,025;0,156125;0;0;
14,975;0,156125;0,925;0,263391;0,025;0,156125;0;0;0,05;0,217945;0,025;0,156125;0;0;
14,95;0,217945;0,95;0,217945;0,025;0,156125;0;0;0,05;0,217945;0,025;0,156125;0;0;
14,925;0,345507;0,975;0,272718;0,025;0,156125;0;0;0,05;0,217945;0,025;0,156125;0;0;
14,925;0,345507;0,975;0,272718;0,025;0,156125;0;0;0,05;0,217945;0,025;0,156125;0;0;
14,925;0,345507;0,975;0,272718;0,025;0,156125;0;0;0,05;0,217945;0,025;0,156125;0;0;
14,925;0,345507;0,95;0,31225;0,05;0,217945;0;0;0,05;0,217945;0,025;0,156125;0;0;
14,925;0,345507;0,95;0,31225;0,05;0,217945;0;0;0,05;0,217945;0,025;0,156125;0;0;
14,925;0,345507;0,95;0,31225;0,05;0,217945;0;0;0,05;0,217945;0,025;0,156125;0;0;
14,9;0,374166;0,975;0,272718;0,05;0,217945;0;0;0,05;0,217945;0,025;0,156125;0;0;
14,9;0,374166;0,975;0,272718;0,05;0,217945;0;0;0,05;0,217945;0,025;0,156125;0;0;
14,9;0,374166;0,975;0,272718;0,05;0,217945;0;0;0,05;0,217945;0,025;0,156125;0;0;
14,9;0,374166;0,975;0,272718;0,05;0,217945;0;0;0,05;0,217945;0,025;0,156125;0;0;
14,9;0,374166;0,975;0,272718;0,05;0,217945;0;0;0,05;0,217945;0,025;0,156125;0;0;
14,9;0,374166;0,975;0,272718;0,025;0,156125;0,025;0,156125;0,05;0,217945;0,025;0,156125;0;0;
14,9;0,374166;0,975;0,272718;0,025;0,156125;0;0;0,075;0,263391;0,025;0,156125;0;0;
14,9;0,374166;0,975;0,272718;0;0;0,025;0,156125;0,075;0,263391;0,025;0,156125;0;0;
14,875;0,509289;1;0,387298;0;0;0;0;0,1;0,3;0,025;0,156125;0;0;
14,875;0,509289;1;0,387298;0;0;0;0;0,1;0,3;0,025;0,156125;0;0;
14,875;0,509289;1;0,387298;0;0;0;0;0,1;0,3;0,025;0,156125;0;0;
14,875;0,509289;1;0,387298;0;0;0;0;0,1;0,3;0,025;0,156125;0;0;
14,875;0,509289;1;0,387298;0;0;0;0;0,1;0,3;0,025;0,156125;0;0;
14,875;0,509289;1;0,387298;0;0;0;0;0,1;0,3;0,025;0,156125;0;0;
14,85;0,572276;1,025;0,417582;0;0;0;0;0,1;0,3;0,025;0,156125;0;0;
14,85;0,572276;1,025;0,417582;0;0;0;0;0,1;0,3;0,025;0,156125;0;0;
14,85;0,572276;1;0,447214;0,025;0,156125;0;0;0,1;0,3;0,025;0,156125;0;0;
14,85;0,572276;1;0,447214;0,025;0,156125;0;0;0,1;0,3;0,025;0,156125;0;0;
14,85;0,572276;1;0,447214;0,025;0,156125;0;0;0,1;0,3;0,025;0,156125;0;0;
14,825;0,586835;1,025;0,417582;0;0;0,025;0,156125;0,1;0,3;0,025;0,156125;0;0;
14,825;0,586835;1;0,387298;0,025;0,156125;0;0;0,125;0,330719;0,025;0,156125;0;0;
14,825;0,586835;1;0,387298;0,025;0,156125;0;0;0,125;0,330719;0,025;0,156125;0;0;
14,825;0,586835;1;0,387298;0,025;0,156125;0;0;0,125;0,330719;0,025;0,156125;0;0;
14,825;0,586835;1;0,387298;0,025;0,156125;0;0;0,125;0,330719;0,025;0,156125;0;0;
14,825;0,586835;1;0,387298;0,025;0,156125;0;0;0,125;0,330719;0,025;0,156125;0;0;
14,825;0,586835;1;0,387298;0;0;0,025;0,156125;0,125;0,330719;0,025;0,156125;0;0;
14,8;0,678233;1,025;0,417582;0;0;0;0;0,15;0,421307;0,025;0,156125;0;0;
14,8;0,678233;1;0,447214;0,025;0,156125;0;0;0,15;0,421307;0,025;0,156125;0;0;
14,8;0,678233;0,975;0,473682;0,05;0,217945;0;0;0,15;0,421307;0,025;0,156125;0;0;
14,8;0,678233;0,975;0,473682;0,05;0,217945;0;0;0,15;0,421307;0,025;0,156125;0;0;
14,8;0,678233;0,975;0,473682;0,025;0,156125;0,025;0,156125;0,15;0,421307;0,025;0,156125;0;0;
14,8;0,678233;0,975;0,473682;0,025;0,156125;0;0;0,175;0,44088;0,025;0,156125;0;0;
14,8;0,678233;0,975;0,473682;0,025;0,156125;0;0;0,175;0,44088;0,025;0,156125;0;0;
14,8;0,678233;0,975;0,473682;0,025;0,156125;0;0;0,175;0,44088;0,025;0,156125;0;0;
14,8;0,678233;0,975;0,473682;0,025;0,156125;0;0;0,175;0,44088;0,025;0,156125;0;0;
14,8;0,678233;0,975;0,473682;0,025;0,156125;0;0;0,175;0,44088;0,025;0,156125;0;0;
14,8;0,678233;0,975;0,473682;0,025;0,156125;0;0;0,175;0,44088;0,025;0,156125;0;0;
14,8;0,678233;0,975;0,473682;0,025;0,156125;0;0;0,175;0,44088;0,025;0,156125;0;0;
14,8;0,678233;0,975;0,473682;0,025;0,156125;0;0;0,175;0,44088;0,025;0,156125;0;0;
14,8;0,678233;0,975;0,473682;0,025;0,156125;0;0;0,175;0,44088;0,025;0,156125;0;0;
14,8;0,678233;0,975;0,473682;0,025;0,156125;0;0;0,175;0,44088;0,025;0,156125;0;0;
14,8;0,678233;0,975;0,473682;0,025;0,156125;0;0;0,175;0,44088;0,025;0,156125;0;0;
14,8;0,678233;0,95;0,497494;0,05;0,217945;0;0;0,175;0,44088;0,025;0,156125;0;0;
14,8;0,678233;0,95;0,497494;0,05;0,217945;0;0;0,175;0,44088;0,025;0,156125;0;0;
14,8;0,678233;0,95;0,497494;0,05;0,217945;0;0;0,175;0,44088;0,025;0,156125;0;0;
14,8;0,678233;0,95;0,497494;0,025;0,156125;0,025;0,156125;0,175;0,44088;0,025;0,156125;0;0;
14,8;0,678233;0,95;0,497494;0,025;0,156125;0;0;0,2;0,458258;0,025;0,156125;0;0;
14,8;0,678233;0,95;0,497494;0,025;0,156125;0;0;0,2;0,458258;0,025;0,156125;0;0;
14,8;0,678233;0,95;0,497494;0,025;0,156125;0;0;0,2;0,458258;0,025;0,156125;0;0;
14,775;0,790174;0,975;0,569539;0,025;0,156125;0;0;0,2;0,458258;0,025;0,156125;0;0;
14,775;0,790174;0,95;0,589491;0,05;0,217945;0;0;0,2;0,458258;0,025;0,156125;0;0;
14,775;0,790174;0,95;0,589491;0,05;0,217945;0;0;0,2;0,458258;0,025;0,156125;0;0;
14,775;0,790174;0,95;0,589491;0,05;0,217945;0;0;0,2;0,458258;0,025;0,156125;0;0;
14,775;0,790174;0,95;0,589491;0,05;0,217945;0;0;0,2;0,458258;0,025;0,156125;0;0;
14,775;0,790174;0,95;0,589491;0,05;0,217945;0;0;0,2;0,458258;0,025;0,156125;0;0;
14,775;0,790174;0,95;0,589491;0,05;0,217945;0;0;0,2;0,458258;0,025;0,156125;0;0;
14,775;0,790174;0,95;0,589491;0,05;0,217945;0;0;0,2;0,458258;0,025;0,156125;0;0;
14,75;0,798436;0,975;0,569539;0,05;0,217945;0;0;0,2;0,458258;0,025;0,156125;0;0;
14,75;0,798436;0,95;0,589491;0,05;0,217945;0,025;0,156125;0,2;0,458258;0,025;0,156125;0;0;
14,725;0,805838;0,975;0,569539;0,025;0,156125;0,025;0,156125;0,225;0,473682;0,025;0,156125;0;0;
14,725;0,805838;0,975;0,569539;0,025;0,156125;0;0;0,25;0,48734;0,025;0,156125;0;0;
14,725;0,805838;0,975;0,569539;0,025;0,156125;0;0;0,25;0,48734;0,025;0,156125;0;0;
14,725;0,805838;0,975;0,569539;0,025;0,156125;0;0;0,25;0,48734;0,025;0,156125;0;0;
14,725;0,805838;0,975;0,569539;0,025;0,156125;0;0;0,25;0,48734;0,025;0,156125;0;0;
14,725;0,805838;0,975;0,569539;0,025;0,156125;0;0;0,25;0,48734;0,025;0,156125;0;0;
14,725;0,805838;0,975;0,569539;0,025;0,156125;0;0;0,25;0,48734;0,025;0,156125;0;0;
14,725;0,805838;0,975;0,569539;0,025;0,156125;0;0;0,225;0,473682;0,05;0,217945;0;0;
14,7;0,927362;1;0,67082;0,025;0,156125;0;0;0,225;0,473682;0,05;0,217945;0;0;
14,675;0,932403;1,025;0,651441;0,025;0,156125;0;0;0,225;0,473682;0,05;0,217945;0;0;
14,675;0,932403;1,025;0,651441;0,025;0,156125;0;0;0,225;0,473682;0,05;0,217945;0;0;
14,675;0,932403;1,025;0,651441;0,025;0,156125;0;0;0,225;0,473682;0,05;0,217945;0;0;
14,675;0,932403;1,025;0,651441;0,025;0,156125;0;0;0,225;0,473682;0,05;0,217945;0;0;
14,675;0,932403;1,025;0,651441;0,025;0,156125;0;0;0,2;0,458258;0,075;0,263391;0;0;
14,675;0,932403;1,025;0,651441;0,025;0,156125;0;0;0,2;0,458258;0,075;0,263391;0;0;
14,675;0,932403;1,025;0,651441;0,025;0,156125;0;0;0,2;0,458258;0,075;0,263391;0;0;
14,675;0,932403;1,025;0,651441;0,025;0,156125;0;0;0,2;0,458258;0,075;0,263391;0;0;
14,675;0,932403;1,025;0,651441;0,025;0,156125;0;0;0,2;0,458258;0,075;0,263391;0;0;
14,675;0,932403;1,025;0,651441;0,025;0,156125;0;0;0,2;0,458258;0,075;0,263391;0;0;
14,675;0,932403;1,025;0,651441;0,025;0,156125;0;0;0,175;0,44088;0,1;0,3;0;0;
14,675;0,932403;1,025;0,651441;0,025;0,156125;0;0;0,15;0,421307;0,125;0,330719;0;0;
14,675;0,932403;1;0,67082;0,05;0,217945;0;0;0,15;0,421307;0,125;0,330719;0;0;
14,675;0,932403;1;0,67082;0,05;0,217945;0;0;0,15;0,421307;0,125;0,330719;0;0;
14,675;0,932403;0,975;0,688749;0,075;0,345507;0;0;0,15;0,421307;0,125;0,330719;0;0;
14,675;0,932403;0,95;0,705337;0,1;0,374166;0;0;0,15;0,421307;0,125;0,330719;0;0;
14,675;0,932403;0,95;0,705337;0,1;0,374166;0;0;0,15;0,421307;0,125;0,330719;0;0;
14,675;0,932403;0,95;0,705337;0,1;0,374166;0;0;0,15;0,421307;0,125;0,330719;0;0;
14,675;0,932403;0,95;0,705337;0,1;0,374166;0;0;0,15;0,421307;0,125;0,330719;0;0;
14,65;0,963068;0,975;0,688749;0,1;0,374166;0;0;0,15;0,421307;0,125;0,330719;0;0;
14,65;0,963068;0,975;0,688749;0,1;0,374166;0;0;0,15;0,421307;0,125;0,330719;0;0;
14,65;0,963068;0,975;0,688749;0,075;0,263391;0,025;0,156125;0,15;0,421307;0,125;0,330719;0;0;
14,65;0,963068;0,975;0,688749;0,075;0,263391;0;0;0,175;0,44088;0,125;0,330719;0;0;
14,65;0,963068;0,975;0,688749;0,05;0,217945;0,025;0,156125;0,175;0,44088;0,125;0,330719;0;0;
14,65;0,963068;0,95;0,705337;0,075;0,263391;0;0;0,2;0,509902;0,125;0,330719;0;0;
14,65;0,963068;0,95;0,705337;0,05;0,217945;0,025;0,156125;0,2;0,509902;0,125;0,330719;0;0;
14,65;0,963068;0,95;0,705337;0,05;0,217945;0;0;0,225;0,523808;0,125;0,330719;0;0;
14,65;0,963068;0,95;0,705337;0,05;0,217945;0;0;0,225;0,523808;0,125;0,330719;0;0;
14,65;0,963068;0,95;0,705337;0,025;0,156125;0,025;0,156125;0,225;0,523808;0,125;0,330719;0;0;
14,65;0,963068;0,95;0,705337;0,025;0,156125;0;0;0,25;0,53619;0,125;0,330719;0;0;
14,65;0,963068;0,95;0,705337;0,025;0,156125;0;0;0,25;0,53619;0,125;0,330719;0;0;
14,65;0,963068;0,95;0,705337;0,025;0,156125;0;0;0,25;0,53619;0,125;0,330719;0;0;
14,65;0,963068;0,95;0,705337;0,025;0,156125;0;0;0,25;0,53619;0,125;0,330719;0;0;
14,65;0,963068;0,95;0,705337;0,025;0,156125;0;0;0,25;0,53619;0,125;0,330719;0;0;
14,65;0,963068;0,95;0,705337;0,025;0,156125;0;0;0,225;0,523808;0,15;0,357071;0;0;
14,65;0,963068;0,95;0,705337;0,025;0,156125;0;0;0,225;0,523808;0,15;0,357071;0;0;
14,65;0,963068;0,95;0,705337;0,025;0,156125;0;0;0,2;0,509902;0,175;0,379967;0;0;
14,65;0,963068;0,95;0,705337;0,025;0,156125;0;0;0,2;0,509902;0,175;0,379967;0;0;
14,65;0,963068;0,95;0,705337;0,025;0,156125;0;0;0,2;0,509902;0,175;0,379967;0;0;
14,65;0,963068;0,95;0,705337;0,025;0,156125;0;0;0,2;0,509902;0,175;0,379967;0;0;
14,65;0,963068;0,95;0,705337;0,025;0,156125;0;0;0,2;0,509902;0,175;0,379967;0;0;
14,65;0,963068;0,95;0,705337;0,025;0,156125;0;0;0,2;0,509902;0,175;0,379967;0;0;
14,65;0,963068;0,95;0,705337;0,025;0,156125;0;0;0,2;0,509902;0,175;0,379967;0;0;
14,65;0,963068;0,95;0,705337;0,025;0,156125;0;0;0,2;0,509902;0,175;0,379967;0;0;
14,65;0,963068;0,95;0,705337;0,025;0,156125;0;0;0,2;0,509902;0,175;0,379967;0;0;
14,65;0,963068;0,95;0,705337;0,025;0,156125;0;0;0,2;0,509902;0,175;0,379967;0;0;
14,65;0,963068;0,95;0,705337;0,025;0,156125;0;0;0,2;0,509902;0,175;0,379967;0;0;
14,6;0,994987;1;0,67082;0,025;0,156125;0;0;0,2;0,509902;0,175;0,379967;0;0;
14,6;0,994987;1;0,67082;0,025;0,156125;0;0;0,2;0,509902;0,175;0,379967;0;0;
14,6;0,994987;1;0,67082;0,025;0,156125;0;0;0,2;0,509902;0,175;0,379967;0;0;
14,6;0,994987;1;0,67082;0,025;0,156125;0;0;0,2;0,509902;0,175;0,379967;0;0;
14,575;1,02195;1,025;0,651441;0,025;0,156125;0;0;0,175;0,44088;0,2;0,4;0;0;
14,575;1,02195;1,025;0,651441;0,025;0,156125;0;0;0,175;0,44088;0,2;0,4;0;0;
14,575;1,02195;1,025;0,651441;0,025;0,156125;0;0;0,175;0,44088;0,2;0,4;0;0;
14,575;1,02195;1,025;0,651441;0,025;0,156125;0;0;0,175;0,44088;0,2;0,4;0;0;
14,575;1,02195;1;0,547723;0,05;0,217945;0;0;0,175;0,44088;0,2;0,4;0;0;
14,575;1,02195;1;0,547723;0,025;0,156125;0,025;0,156125;0,175;0,44088;0,2;0,4;0;0;
14,575;1,02195;1;0,547723;0,025;0,156125;0;0;0,2;0,458258;0,2;0,4;0;0;
14,575;1,02195;1;0,547723;0,025;0,156125;0;0;0,2;0,458258;0,2;0,4;0;0;
14,575;1,02195;1;0,547723;0,025;0,156125;0;0;0,2;0,458258;0,2;0,4;0;0;
14,575;1,02195;1;0,547723;0,025;0,156125;0;0;0,2;0,458258;0,2;0,4;0;0;
14,575;1,02195;1;0,547723;0,025;0,156125;0;0;0,2;0,458258;0,2;0,4;0;0;
14,575;1,02195;1;0,547723;0,025;0,156125;0;0;0,2;0,458258;0,2;0,4;0;0;
14,575;1,02195;1;0,547723;0,025;0,156125;0;0;0,2;0,458258;0,2;0,4;0;0;
14,575;1,02195;1;0,547723;0,025;0,156125;0;0;0,2;0,458258;0,2;0,4;0;0;
14,575;1,02195;1;0,547723;0,025;0,156125;0;0;0,2;0,458258;0,2;0,4;0;0;
14,575;1,02195;1;0,547723;0,025;0,156125;0;0;0,2;0,458258;0,2;0,4;0;0;
14,575;1,02195;1;0,547723;0,025;0,156125;0;0;0,2;0,458258;0,2;0,4;0;0;
14,575;1,02195;1;0,547723;0;0;0,025;0,156125;0,2;0,458258;0,2;0,4;0;0;
14,575;1,02195;1;0,547723;0;0;0;0;0,225;0,523808;0,2;0,4;0;0;
14,55;1,07121;1,025;0,569539;0;0;0;0;0,225;0,523808;0,2;0,4;0;0;
14,55;1,07121;1,025;0,569539;0;0;0;0;0,225;0,523808;0,2;0,4;0;0;
14,55;1,07121;1,025;0,569539;0;0;0;0;0,225;0,523808;0,2;0,4;0;0;
14,525;1,1399;1,05;0,630476;0;0;0;0;0,225;0,523808;0,2;0,4;0;0;
14,475;1,26466;1,1;0,734847;0;0;0;0;0,225;0,523808;0,2;0,4;0;0;
14,475;1,26466;1,1;0,734847;0;0;0;0;0,225;0,523808;0,2;0,4;0;0;
14,475;1,26466;1,1;0,734847;0;0;0;0;0,225;0,523808;0,2;0,4;0;0;
14,475;1,26466;1,1;0,734847;0;0;0;0;0,225;0,523808;0,2;0,4;0;0;
14,475;1,26466;1,1;0,734847;0;0;0;0;0,225;0,523808;0,2;0,4;0;0;
14,475;1,26466;1,1;0,734847;0;0;0;0;0,225;0,523808;0,2;0,4;0;0;
14,475;1,26466;1,1;0,734847;0;0;0;0;0,225;0,523808;0,2;0,4;0;0;
14,475;1,26466;1,1;0,734847;0;0;0;0;0,225;0,523808;0,2;0,4;0;0;
14,475;1,26466;1,1;0,734847;0;0;0;0;0,225;0,523808;0,2;0,4;0;0;
14,475;1,26466;1,1;0,734847;0;0;0;0;0,225;0,523808;0,2;0,4;0;0;
14,45;1,26392;1,125;0,713705;0;0;0;0;0,225;0,523808;0,2;0,4;0;0;
14,45;1,26392;1,125;0,713705;0;0;0;0;0,225;0,523808;0,2;0,4;0;0;
14,45;1,26392;1,1;0,734847;0,025;0,156125;0;0;0,225;0,523808;0,2;0,4;0;0;
14,45;1,26392;1,1;0,734847;0,025;0,156125;0;0;0,225;0,523808;0,2;0,4;0;0;
14,45;1,26392;1,1;0,734847;0,025;0,156125;0;0;0,225;0,523808;0,2;0,4;0;0;
14,45;1,26392;1,1;0,734847;0,025;0,156125;0;0;0,225;0,523808;0,2;0,4;0;0;
14,45;1,26392;1,1;0,734847;0,025;0,156125;0;0;0,225;0,523808;0,2;0,4;0;0;
14,45;1,26392;1,1;0,734847;0,025;0,156125;0;0;0,225;0,523808;0,2;0,4;0;0;
14,45;1,26392;1,1;0,734847;0;0;0,025;0,156125;0,225;0,523808;0,2;0,4;0;0;
14,45;1,26392;1,1;0,734847;0;0;0;0;0,25;0,53619;0,2;0,4;0;0;
14,45;1,26392;1,075;0,754569;0,025;0,156125;0;0;0,25;0,53619;0,2;0,4;0;0;
14,45;1,26392;1,075;0,754569;0,025;0,156125;0;0;0,25;0,53619;0,2;0,4;0;0;
14,45;1,26392;1,075;0,754569;0,025;0,156125;0;0;0,25;0,53619;0,2;0,4;0;0;
14,45;1,26392;1,075;0,754569;0,025;0,156125;0;0;0,25;0,53619;0,2;0,4;0;0;
14,425;1,26269;1,1;0,734847;0,025;0,156125;0;0;0,225;0,523808;0,225;0,417582;0;0;
14,425;1,26269;1,1;0,734847;0,025;0,156125;0;0;0,225;0,523808;0,225;0,417582;0;0;
14,4;1,3;1,125;0,747914;0,025;0,156125;0;0;0,225;0,523808;0,225;0,417582;0;0;
14,4;1,3;1,125;0,747914;0,025;0,156125;0;0;0,225;0,523808;0,225;0,417582;0;0;
14,4;1,3;1,125;0,747914;0,025;0,156125;0;0;0,225;0,523808;0,225;0,417582;0;0;
14,4;1,3;1,1;0,734847;0,05;0,217945;0;0;0,225;0,523808;0,225;0,417582;0;0;
14,4;1,3;1,1;0,734847;0,05;0,217945;0;0;0,225;0,523808;0,225;0,417582;0;0;
14,4;1,3;1,1;0,734847;0,05;0,217945;0;0;0,225;0,523808;0,225;0,417582;0;0;
14,375;1,29783;1,125;0,713705;0,05;0,217945;0;0;0,225;0,523808;0,225;0,417582;0;0;
14,375;1,29783;1,125;0,713705;0,025;0,156125;0,025;0,156125;0,2;0,509902;0,25;0,48734;0;0;
14,375;1,29783;1,125;0,713705;0,025;0,156125;0;0;0,225;0,523808;0,25;0,48734;0;0;
14,375;1,29783;1,125;0,713705;0,025;0,156125;0;0;0,225;0,523808;0,25;0,48734;0;0;
14,35;1,29518;1,15;0,691014;0,025;0,156125;0;0;0,225;0,523808;0,25;0,48734;0;0;
14,35;1,29518;1,15;0,691014;0,025;0,156125;0;0;0,225;0,523808;0,25;0,48734;0;0;
14,35;1,29518;1,15;0,691014;0;0;0,025;0,156125;0,225;0,523808;0,25;0,48734;0;0;
14,35;1,29518;1,15;0,691014;0;0;0;0;0,25;0,580948;0,25;0,48734;0;0;
14,35;1,29518;1,15;0,691014;0;0;0;0;0,25;0,580948;0,25;0,48734;0;0;
14,35;1,29518;1,125;0,677772;0,025;0,156125;0;0;0,25;0,580948;0,25;0,48734;0;0;
14,35;1,29518;1,1;0,6245;0,05;0,217945;0;0;0,25;0,580948;0,25;0,48734;0;0;
14,325;1,36725;1,125;0,677772;0,05;0,217945;0;0;0,225;0,523808;0,275;0,547152;0;0;
14,325;1,36725;1,125;0,677772;0,05;0,217945;0;0;0,225;0,523808;0,275;0,547152;0;0;
14,325;1,36725;1,125;0,677772;0,05;0,217945;0;0;0,225;0,523808;0,275;0,547152;0;0;
14,325;1,36725;1,125;0,677772;0,05;0,217945;0;0;0,225;0,523808;0,275;0,547152;0;0;
14,3;1,38203;1,125;0,713705;0,075;0,263391;0;0;0,225;0,523808;0,275;0,547152;0;0;
14,3;1,38203;1,125;0,713705;0,075;0,263391;0;0;0,225;0,523808;0,275;0,547152;0;0;
14,3;1,38203;1,125;0,713705;0,075;0,263391;0;0;0,225;0,523808;0,275;0,547152;0;0;
14,3;1,38203;1,125;0,713705;0,05;0,217945;0,025;0,156125;0,225;0,523808;0,275;0,547152;0;0;
14,3;1,38203;1,125;0,713705;0,05;0,217945;0;0;0,25;0,622495;0,275;0,547152;0;0;
14,3;1,38203;1,125;0,713705;0,05;0,217945;0;0;0,25;0,622495;0,275;0,547152;0;0;
14,3;1,38203;1,125;0,713705;0,05;0,217945;0;0;0,25;0,622495;0,275;0,547152;0;0;
14,3;1,38203;1,125;0,713705;0,05;0,217945;0;0;0,25;0,622495;0,275;0,547152;0;0;
14,3;1,38203;1,125;0,713705;0,05;0,217945;0;0;0,25;0,622495;0,275;0,547152;0;0;
14,3;1,38203;1,125;0,713705;0,05;0,217945;0;0;0,25;0,622495;0,275;0,547152;0;0;
14,3;1,38203;1,1;0,734847;0,075;0,263391;0;0;0,25;0,622495;0,275;0,547152;0;0;
14,3;1,38203;1,1;0,734847;0,075;0,263391;0;0;0,25;0,622495;0,275;0,547152;0;0;
14,3;1,38203;1,1;0,734847;0,075;0,263391;0;0;0,25;0,622495;0,275;0,547152;0;0;
14,3;1,38203;1,1;0,734847;0,075;0,263391;0;0;0,25;0,622495;0,275;0,547152;0;0;
14,3;1,38203;1,1;0,734847;0,05;0,217945;0,025;0,156125;0,225;0,611862;0,3;0,556776;0;0;
14,275;1,43156;1,125;0,747914;0,05;0,217945;0;0;0,25;0,622495;0,3;0,556776;0;0;
14,275;1,43156;1,125;0,747914;0,05;0,217945;0;0;0,25;0,622495;0,3;0,556776;0;0;
14,275;1,43156;1,125;0,747914;0,05;0,217945;0;0;0,25;0,622495;0,3;0,556776;0;0;
14,275;1,43156;1,125;0,747914;0,05;0,217945;0;0;0,25;0,622495;0,3;0,556776;0;0;
14,25;1,51245;1,125;0,747914;0,075;0,263391;0;0;0,25;0,622495;0,3;0,556776;0;0;
14,25;1,51245;1,125;0,747914;0,05;0,217945;0,025;0,156125;0,25;0,622495;0,3;0,556776;0;0;
14,225;1,60449;1,15;0,823104;0,05;0,217945;0;0;0,275;0,670354;0,3;0,556776;0;0;
14,225;1,60449;1,125;0,842244;0,075;0,263391;0;0;0,275;0,670354;0,3;0,556776;0;0;
14,2;1,63095;1,15;0,88176;0,05;0,217945;0,025;0,156125;0,275;0,670354;0,3;0,556776;0;0;
14,175;1,65662;1,175;0,891277;0,05;0,217945;0;0;0,275;0,706665;0,325;0,565133;0;0;
14,175;1,65662;1,175;0,891277;0,05;0,217945;0;0;0,275;0,706665;0,325;0,565133;0;0;
14,175;1,65662;1,175;0,891277;0,05;0,217945;0;0;0,275;0,706665;0,325;0,565133;0;0;
14,175;1,65662;1,175;0,891277;0,025;0,156125;0,025;0,156125;0,275;0,706665;0,325;0,565133;0;0;
14,175;1,65662;1,175;0,891277;0,025;0,156125;0;0;0,3;0,714143;0,325;0,565133;0;0;
14,175;1,65662;1,175;0,891277;0,025;0,156125;0;0;0,3;0,714143;0,325;0,565133;0;0;
14,175;1,65662;1,175;0,891277;0,025;0,156125;0;0;0,3;0,714143;0,325;0,565133;0;0;
14,175;1,65662;1,175;0,891277;0,025;0,156125;0;0;0,3;0,714143;0,325;0,565133;0;0;
14,175;1,65662;1,15;0,823104;0,05;0,217945;0;0;0,3;0,714143;0,325;0,565133;0;0;
14,175;1,65662;1,125;0,812019;0,075;0,263391;0;0;0,3;0,714143;0,325;0,565133;0;0;
14,15;1,75428;1,15;0,90967;0,075;0,263391;0;0;0,3;0,714143;0,325;0,565133;0;0;
14,15;1,75428;1,125;0,812019;0,075;0,263391;0,025;0,156125;0,3;0,714143;0,325;0,565133;0;0;
14,15;1,75428;1,1;0,768115;0,075;0,263391;0,025;0,156125;0,325;0,720677;0,325;0,565133;0;0;
14,15;1,75428;1,1;0,768115;0,075;0,263391;0;0;0,35;0,792149;0,325;0,565133;0;0;
14,15;1,75428;1,1;0,768115;0,075;0,263391;0;0;0,325;0,754569;0,35;0,572276;0;0;
14,15;1,75428;1,1;0,768115;0,075;0,263391;0;0;0,325;0,754569;0,35;0,572276;0;0;
14,15;1,75428;1,1;0,768115;0,075;0,263391;0;0;0,325;0,754569;0,35;0,572276;0;0;
14,15;1,75428;1,1;0,768115;0,075;0,263391;0;0;0,325;0,754569;0,35;0,572276;0;0;
14,15;1,75428;1,1;0,768115;0,075;0,263391;0;0;0,325;0,754569;0,35;0,572276;0;0;
14,15;1,75428;1,1;0,768115;0,075;0,263391;0;0;0,325;0,754569;0,35;0,572276;0;0;
14,125;1,80537;1,1;0,734847;0,1;0,3;0;0;0,325;0,754569;0,35;0,572276;0;0;
14,125;1,80537;1,1;0,734847;0,1;0,3;0;0;0,325;0,754569;0,35;0,572276;0;0;
14,125;1,80537;1,075;0,720677;0,1;0,3;0,025;0,156125;0,325;0,754569;0,35;0,572276;0;0;
14,1;1,90788;1,1;0,830662;0,075;0,263391;0,025;0,156125;0,35;0,823104;0,35;0,572276;0;0;
14,075;1,94149;1,125;0,871421;0,075;0,263391;0;0;0,35;0,759934;0,375;0,578252;0;0;
14,075;1,94149;1,125;0,871421;0,075;0,263391;0;0;0,35;0,759934;0,375;0,578252;0;0;
14,075;1,94149;1,125;0,871421;0,075;0,263391;0;0;0,35;0,759934;0,375;0,578252;0;0;
14,025;1,96834;1,175;0,862772;0,075;0,263391;0;0;0,35;0,759934;0,375;0,578252;0;0;
14,025;1,96834;1,15;0,88176;0,1;0,3;0;0;0,35;0,759934;0,375;0,578252;0;0;
14;2,03715;1,175;0,945714;0,1;0,3;0;0;0,35;0,759934;0,375;0,578252;0;0;
13,975;2,03086;1,2;0,927362;0,1;0,3;0;0;0,35;0,759934;0,375;0,578252;0;0;
13,95;2,03654;1,225;0,93508;0,1;0,3;0;0;0,325;0,685109;0,4;0,6245;0;0;
13,95;2,03654;1,225;0,93508;0,1;0,3;0;0;0,325;0,685109;0,4;0,6245;0;0;
13,95;2,03654;1,225;0,93508;0,1;0,3;0;0;0,325;0,685109;0,4;0,6245;0;0;
13,95;2,03654;1,225;0,93508;0,1;0,3;0;0;0,3;0,678233;0,425;0,666615;0;0;
13,95;2,03654;1,225;0,93508;0,1;0,3;0;0;0,275;0,59108;0,45;0,739932;0;0;
13,95;2,03654;1,225;0,93508;0,1;0,3;0;0;0,275;0,59108;0,45;0,739932;0;0;
13,925;2,0419;1,25;0,91515;0,1;0,3;0;0;0,275;0,59108;0,45;0,739932;0;0;
13,925;2,0419;1,25;0,91515;0,1;0,3;0;0;0,275;0,59108;0,45;0,739932;0;0;
13,925;2,0419;1,25;0,91515;0,075;0,263391;0,025;0,156125;0,275;0,59108;0,45;0,739932;0;0;
13,925;2,0419;1,225;0,93508;0,1;0,3;0;0;0,3;0,640312;0,45;0,739932;0;0;
13,925;2,0419;1,225;0,93508;0,1;0,3;0;0;0,3;0,640312;0,45;0,739932;0;0;
13,925;2,0419;1,225;0,93508;0,075;0,263391;0,025;0,156125;0,3;0,640312;0,45;0,739932;0;0;
13,925;2,0419;1,225;0,93508;0,075;0,263391;0;0;0,325;0,720677;0,45;0,739932;0;0;
13,925;2,0419;1,225;0,93508;0,075;0,263391;0;0;0,3;0,640312;0,475;0,774193;0;0;
13,925;2,0419;1,225;0,93508;0,075;0,263391;0;0;0,3;0,640312;0,475;0,774193;0;0;
13,925;2,0419;1,225;0,93508;0,075;0,263391;0;0;0,275;0,631961;0,5;0,806226;0;0;
13,925;2,0419;1,225;0,93508;0,075;0,263391;0;0;0,275;0,631961;0,5;0,806226;0;0;
13,925;2,0419;1,225;0,93508;0,075;0,263391;0;0;0,275;0,631961;0,5;0,806226;0;0;
13,925;2,0419;1,225;0,93508;0,05;0,217945;0,025;0,156125;0,275;0,631961;0,5;0,806226;0;0;
13,925;2,0419;1,225;0,93508;0,05;0,217945;0;0;0,3;0,640312;0,5;0,806226;0;0;
13,925;2,0419;1,2;0,953939;0,075;0,345507;0;0;0,275;0,59108;0,525;0,865664;0;0;
13,925;2,0419;1,2;0,953939;0,075;0,345507;0;0;0,275;0,59108;0,525;0,865664;0;0;
13,925;2,0419;1,2;0,953939;0,075;0,345507;0;0;0,275;0,59108;0,525;0,865664;0;0;
13,925;2,0419;1,175;0,945714;0,1;0,374166;0;0;0,275;0,59108;0,525;0,865664;0;0;
13,925;2,0419;1,15;0,852936;0,1;0,374166;0,025;0,156125;0,275;0,59108;0,525;0,865664;0;0;
13,9;2,04695;1,175;0,833292;0,1;0,374166;0;0;0,3;0,6;0,525;0,865664;0;0;
13,9;2,04695;1,175;0,833292;0,1;0,374166;0;0;0,3;0,6;0,525;0,865664;0;0;
13,9;2,04695;1,175;0,833292;0,075;0,345507;0,025;0,156125;0,3;0,6;0,525;0,865664;0;0;
13,9;2,04695;1,175;0,833292;0,05;0,217945;0,025;0,156125;0,325;0,685109;0,525;0,865664;0;0;
13,9;2,04695;1,175;0,833292;0,05;0,217945;0;0;0,35;0,691014;0,525;0,865664;0;0;
13,9;2,04695;1,175;0,833292;0,05;0,217945;0;0;0,35;0,691014;0,525;0,865664;0;0;
13,9;2,04695;1,175;0,833292;0,05;0,217945;0;0;0,35;0,691014;0,525;0,865664;0;0;
13,9;2,04695;1,175;0,833292;0,05;0,217945;0;0;0,35;0,691014;0,525;0,865664;0;0;
13,9;2,04695;1,175;0,833292;0,05;0,217945;0;0;0,35;0,691014;0,525;0,865664;0;0;
13,9;2,04695;1,175;0,833292;0,025;0,156125;0,025;0,156125;0,35;0,691014;0,525;0,865664;0;0;
13,9;2,04695;1,175;0,833292;0,025;0,156125;0;0;0,375;0,73101;0,525;0,865664;0;0;
13,875;2,06383;1,2;0,842615;0,025;0,156125;0;0;0,375;0,73101;0,525;0,865664;0;0;
13,85;2,13951;1,225;0,93508;0,025;0,156125;0;0;0,375;0,73101;0,525;0,865664;0;0;
13,85;2,13951;1,225;0,93508;0,025;0,156125;0;0;0,375;0,73101;0,525;0,865664;0;0;
13,85;2,13951;1,225;0,93508;0,025;0,156125;0;0;0,375;0,73101;0,525;0,865664;0;0;
13,85;2,13951;1,225;0,93508;0,025;0,156125;0;0;0,35;0,691014;0,55;0,864581;0;0;
13,85;2,13951;1,225;0,93508;0,025;0,156125;0;0;0,35;0,691014;0,55;0,864581;0;0;
13,85;2,13951;1,225;0,93508;0,025;0,156125;0;0;0,35;0,691014;0,55;0,864581;0;0;
13,85;2,13951;1,225;0,93508;0;0;0,025;0,156125;0,35;0,691014;0,55;0,864581;0;0;
13,85;2,13951;1,225;0,93508;0;0;0;0;0,375;0,73101;0,55;0,864581;0;0;
13,85;2,13951;1,225;0,93508;0;0;0;0;0,375;0,73101;0,55;0,864581;0;0;
13,85;2,13951;1,225;0,93508;0;0;0;0;0,35;0,726292;0,575;0,891277;0;0;
13,85;2,13951;1,225;0,93508;0;0;0;0;0,35;0,726292;0,575;0,891277;0;0;
13,85;2,13951;1,225;0,93508;0;0;0;0;0,35;0,726292;0,575;0,891277;0;0;
13,85;2,13951;1,225;0,93508;0;0;0;0;0,35;0,726292;0,575;0,891277;0;0;
13,85;2,13951;1,225;0,93508;0;0;0;0;0,325;0,685109;0,6;0,969536;0;0;
13,85;2,13951;1,225;0,93508;0;0;0;0;0,3;0,678233;0,625;0,966631;0;0;
13,85;2,13951;1,2;0,953939;0,025;0,156125;0;0;0,3;0,678233;0,625;0,966631;0;0;
13,85;2,13951;1,15;0,988686;0,075;0,263391;0;0;0,3;0,678233;0,625;0,966631;0;0;
13,85;2,13951;1,15;0,988686;0,05;0,217945;0,025;0,156125;0,275;0,631961;0,65;1,01366;0;0;
13,8;2,13542;1,2;0,953939;0,05;0,217945;0;0;0,3;0,640312;0,65;1,01366;0;0;
13,8;2,13542;1,2;0,953939;0,05;0,217945;0;0;0,3;0,640312;0,65;1,01366;0;0;
13,775;2,15044;1,225;0,961444;0,05;0,217945;0;0;0,3;0,640312;0,65;1,01366;0;0;
13,775;2,15044;1,225;0,961444;0,05;0,217945;0;0;0,3;0,640312;0,65;1,01366;0;0;
13,775;2,15044;1,225;0,961444;0,05;0,217945;0;0;0,3;0,640312;0,65;1,01366;0;0;
13,775;2,15044;1,225;0,961444;0,05;0,217945;0;0;0,3;0,640312;0,65;1,01366;0;0;
13,775;2,15044;1,225;0,961444;0,05;0,217945;0;0;0,3;0,640312;0,65;1,01366;0;0;
13,775;2,15044;1,225;0,961444;0,05;0,217945;0;0;0,3;0,640312;0,65;1,01366;0;0;
13,775;2,15044;1,225;0,961444;0,05;0,217945;0;0;0,3;0,640312;0,65;1,01366;0;0;
13,775;2,15044;1,2;0,87178;0,075;0,263391;0;0;0,3;0,640312;0,65;1,01366;0;0;
13,775;2,15044;1,175;0,891277;0,1;0,3;0;0;0,3;0,640312;0,65;1,01366;0;0;
13,775;2,15044;1,175;0,891277;0,1;0,3;0;0;0,3;0,640312;0,65;1,01366;0;0;
13,775;2,15044;1,175;0,891277;0,1;0,3;0;0;0,3;0,640312;0,65;1,01366;0;0;
13,775;2,15044;1,175;0,891277;0,1;0,3;0;0;0,3;0,640312;0,65;1,01366;0;0;
13,775;2,15044;1,15;0,90967;0,125;0,330719;0;0;0,3;0,640312;0,65;1,01366;0;0;
13,775;2,15044;1,125;0,842244;0,125;0,399218;0,025;0,156125;0,3;0,640312;0,65;1,01366;0;0;
13,75;2,19943;1,15;0,852936;0,125;0,399218;0;0;0,325;0,685109;0,65;1,01366;0;0;
13,725;2,19075;1,175;0,833292;0,125;0,399218;0;0;0,325;0,685109;0,65;1,01366;0;0;
13,725;2,19075;1,175;0,833292;0,125;0,399218;0;0;0,325;0,685109;0,65;1,01366;0;0;
13,725;2,19075;1,175;0,833292;0,125;0,399218;0;0;0,325;0,685109;0,65;1,01366;0;0;
13,725;2,19075;1,15;0,852936;0,15;0,421307;0;0;0,325;0,685109;0,65;1,01366;0;0;
13,725;2,19075;1,15;0,852936;0,15;0,421307;0;0;0,325;0,685109;0,65;1,01366;0;0;
13,725;2,19075;1,15;0,852936;0,125;0,399218;0,025;0,156125;0,325;0,685109;0,65;1,01366;0;0;
13,725;2,19075;1,125;0,812019;0,15;0,421307;0;0;0,35;0,691014;0,65;1,01366;0;0;
13,725;2,19075;1,075;0,818153;0,2;0,509902;0;0;0,35;0,691014;0,65;1,01366;0;0;
13,725;2,19075;1,075;0,818153;0,2;0,509902;0;0;0,325;0,685109;0,675;1,08138;0;0;
13,725;2,19075;1,075;0,818153;0,2;0,509902;0;0;0,325;0,685109;0,675;1,08138;0;0;
13,7;2,20454;1,1;0,860233;0,175;0,44088;0,025;0,156125;0,325;0,685109;0,675;1,08138;0;0;
13,7;2,20454;1,1;0,860233;0,15;0,421307;0,025;0,156125;0,35;0,691014;0,675;1,08138;0;0;
13,65;2,28637;1,125;0,953612;0,15;0,357071;0,025;0,156125;0,375;0,695971;0,675;1,08138;0;0;
13,65;2,28637;1,125;0,953612;0,15;0,357071;0;0;0,4;0,7;0,675;1,08138;0;0;
13,65;2,28637;1,125;0,953612;0,15;0,357071;0;0;0,4;0,7;0,675;1,08138;0;0;
13,65;2,28637;1,125;0,953612;0,15;0,357071;0;0;0,4;0,7;0,675;1,08138;0;0;
13,65;2,28637;1,125;0,953612;0,125;0,330719;0,025;0,156125;0,4;0,7;0,675;1,08138;0;0;
13,65;2,28637;1,125;0,953612;0,1;0,3;0,025;0,156125;0,425;0,737818;0,675;1,08138;0;0;
13,625;2,27692;1,125;0,899653;0,125;0,330719;0;0;0,45;0,739932;0,675;1,08138;0;0;
13,625;2,27692;1,125;0,899653;0,125;0,330719;0;0;0,425;0,703118;0,7;1,07703;0;0;
13,6;2,26716;1,15;0,88176;0,125;0,330719;0;0;0,425;0,703118;0,7;1,07703;0;0;
13,6;2,26716;1,15;0,88176;0,125;0,330719;0;0;0,425;0,703118;0,7;1,07703;0;0;
13,6;2,26716;1,15;0,88176;0,125;0,330719;0;0;0,425;0,703118;0,7;1,07703;0;0;
13,6;2,26716;1,15;0,88176;0,075;0,263391;0,05;0,217945;0,425;0,703118;0,7;1,07703;0;0;
13,575;2,34401;1,175;0,918899;0,075;0,263391;0;0;0,475;0,774193;0,7;1,07703;0;0;
13,575;2,34401;1,175;0,918899;0,075;0,263391;0;0;0,425;0,703118;0,75;1,19896;0;0;
13,575;2,34401;1,175;0,918899;0,075;0,263391;0;0;0,425;0,703118;0,75;1,19896;0;0;
13,575;2,34401;1,175;0,918899;0,075;0,263391;0;0;0,425;0,703118;0,75;1,19896;0;0;
13,575;2,34401;1,175;0,918899;0,075;0,263391;0;0;0,425;0,703118;0,75;1,19896;0;0;
13,575;2,34401;1,175;0,918899;0,075;0,263391;0;0;0,425;0,703118;0,75;1,19896;0;0;
13,575;2,34401;1,175;0,918899;0,075;0,263391;0;0;0,425;0,703118;0,75;1,19896;0;0;
13,575;2,34401;1,15;0,93675;0,075;0,263391;0,025;0,156125;0,425;0,703118;0,75;1,19896;0;0;
13,525;2,3663;1,175;0,97179;0,1;0,374166;0;0;0,45;0,705337;0,75;1,19896;0;0;
13,525;2,3663;1,125;0,899653;0,15;0,421307;0;0;0,425;0,703118;0,775;1,21424;0;0;
13,525;2,3663;1,125;0,899653;0,125;0,399218;0,025;0,156125;0,425;0,703118;0,775;1,21424;0;0;
13,525;2,3663;1,125;0,899653;0,125;0,399218;0;0;0,45;0,804674;0,775;1,21424;0;0;
13,525;2,3663;1,125;0,899653;0,125;0,399218;0;0;0,45;0,804674;0,775;1,21424;0;0;
13,5;2,39792;1,15;0,963068;0,125;0,399218;0;0;0,45;0,804674;0,775;1,21424;0;0;
13,5;2,39792;1,15;0,963068;0,125;0,399218;0;0;0,425;0,770957;0,8;1,30767;0;0;
13,5;2,39792;1,15;0,963068;0,125;0,399218;0;0;0,4;0,768115;0,825;1,30168;0;0;
13,5;2,39792;1,15;0,963068;0,125;0,399218;0;0;0,4;0,768115;0,825;1,30168;0;0;
13,5;2,39792;1,15;0,963068;0,125;0,399218;0;0;0,4;0,768115;0,825;1,30168;0;0;
13,5;2,39792;1,15;0,963068;0,125;0,399218;0;0;0,4;0,768115;0,825;1,30168;0;0;
13,5;2,39792;1,15;0,963068;0,125;0,399218;0;0;0,4;0,768115;0,825;1,30168;0;0;
13,5;2,39792;1,15;0,963068;0,125;0,399218;0;0;0,4;0,768115;0,825;1,30168;0;0;
13,5;2,39792;1,15;0,963068;0,125;0,399218;0;0;0,4;0,768115;0,825;1,30168;0;0;
13,475;2,48985;1,175;1,04612;0,125;0,399218;0;0;0,4;0,768115;0,825;1,30168;0;0;
13,475;2,48985;1,175;1,04612;0,125;0,399218;0;0;0,4;0,768115;0,825;1,30168;0;0;
13,475;2,48985;1,175;1,04612;0,125;0,399218;0;0;0,4;0,768115;0,825;1,30168;0;0;
13,45;2,50948;1,2;1,07703;0,125;0,399218;0;0;0,4;0,768115;0,825;1,30168;0;0;
13,45;2,50948;1,2;1,07703;0,1;0,3;0,025;0,156125;0,4;0,768115;0,825;1,30168;0;0;
13,45;2,50948;1,2;1,07703;0,075;0,263391;0,025;0,156125;0,425;0,80273;0,825;1,30168;0;0;
13,45;2,50948;1,2;1,07703;0,075;0,263391;0;0;0,45;0,804674;0,825;1,30168;0;0;
13,425;2,50886;1,225;1,08369;0,075;0,263391;0;0;0,45;0,804674;0,825;1,30168;0;0;
13,4;2,498;1,25;1,06654;0,075;0,263391;0;0;0,45;0,804674;0,825;1,30168;0;0;
13,4;2,498;1,25;1,06654;0,075;0,263391;0;0;0,4;0,768115;0,875;1,28817;0;0;
13,4;2,498;1,25;1,06654;0,075;0,263391;0;0;0,4;0,768115;0,875;1,28817;0;0;
13,4;2,498;1,25;1,06654;0,075;0,263391;0;0;0,4;0,768115;0,875;1,28817;0;0;
13,4;2,498;1,225;1,08369;0,075;0,263391;0,025;0,156125;0,4;0,768115;0,875;1,28817;0;0;
13,4;2,498;1,225;1,08369;0,075;0,263391;0;0;0,425;0,770957;0,875;1,28817;0;0;
13,375;2,53661;1,225;1,17234;0,1;0,3;0;0;0,425;0,770957;0,875;1,28817;0;0;
13,375;2,53661;1,2;1,14455;0,1;0,3;0,025;0,156125;0,425;0,770957;0,875;1,28817;0;0;
13,35;2,52537;1,225;1,12888;0,075;0,263391;0,025;0,156125;0,45;0,772981;0,875;1,28817;0;0;
13,35;2,52537;1,225;1,12888;0,05;0,217945;0,025;0,156125;0,45;0,668954;0,9;1,33791;0;0;
13,35;2,52537;1,225;1,12888;0,05;0,217945;0;0;0,45;0,668954;0,925;1,36725;0;0;
13,35;2,52537;1,225;1,12888;0,05;0,217945;0;0;0,45;0,668954;0,925;1,36725;0;0;
13,35;2,52537;1,225;1,12888;0,05;0,217945;0;0;0,45;0,668954;0,925;1,36725;0;0;
13,325;2,55331;1,25;1,11243;0,05;0,217945;0;0;0,45;0,668954;0,925;1,36725;0;0;
13,3;2,55147;1,25;1,13468;0,075;0,263391;0;0;0,425;0,666615;0,95;1,35923;0;0;
13,3;2,55147;1,25;1,13468;0,075;0,263391;0;0;0,425;0,666615;0,95;1,35923;0;0;
13,3;2,55147;1,25;1,13468;0,075;0,263391;0;0;0,425;0,666615;0,95;1,35923;0;0;
13,3;2,55147;1,225;1,06037;0,1;0,3;0;0;0,425;0,666615;0,95;1,35923;0;0;
13,3;2,55147;1,225;1,06037;0,1;0,3;0;0;0,425;0,666615;0,95;1,35923;0;0;
13,3;2,55147;1,2;1,00499;0,1;0,374166;0,025;0,156125;0,4;0,6245;0,975;1,45752;0;0;
13,3;2,55147;1,2;1,00499;0,1;0,374166;0;0;0,425;0,627993;0,975;1,45752;0;0;
13,3;2,55147;1,2;1,00499;0,075;0,263391;0,025;0,156125;0,425;0,627993;0,975;1,45752;0;0;
13,275;2,59796;1,225;1,06037;0,075;0,263391;0;0;0,425;0,666615;1;1,46629;0;0;
13,25;2,60528;1,225;1,01211;0,1;0,374166;0;0;0,4;0,663325;1,025;1,45752;0;0;
13,25;2,60528;1,225;1,01211;0,1;0,374166;0;0;0,4;0,663325;1,025;1,45752;0;0;
13,25;2,60528;1,225;1,01211;0,1;0,374166;0;0;0,375;0,659071;1,05;1,44827;0;0;
13,25;2,60528;1,2;1,00499;0,125;0,399218;0;0;0,375;0,659071;1,05;1,44827;0;0;
13,25;2,60528;1,2;1,00499;0,125;0,399218;0;0;0,375;0,659071;1,05;1,44827;0;0;
13,25;2,60528;1,2;1,00499;0,125;0,399218;0;0;0,375;0,659071;1,05;1,44827;0;0;
13,25;2,60528;1,2;1,00499;0,1;0,3;0,025;0,156125;0,375;0,659071;1,05;1,44827;0;0;
13,25;2,60528;1,2;1,00499;0,1;0,3;0;0;0,4;0,734847;1,05;1,44827;0;0;
13,25;2,60528;1,2;1,00499;0,1;0,3;0;0;0,4;0,734847;1,05;1,44827;0;0;
13,25;2,60528;1,2;1,00499;0,1;0,3;0;0;0,4;0,734847;1,05;1,44827;0;0;
13,25;2,60528;1,2;1,00499;0,1;0,3;0;0;0,375;0,73101;1,075;1,43853;0;0;
13,25;2,60528;1,2;1,00499;0,075;0,263391;0,025;0,156125;0,375;0,73101;1,075;1,43853;0;0;
13,225;2,65977;1,225;1,06037;0,075;0,263391;0;0;0,4;0,768115;1,075;1,43853;0;0;
13,225;2,65977;1,225;1,06037;0,075;0,263391;0;0;0,4;0,768115;1,075;1,43853;0;0;
13,2;2,72213;1,25;1,13468;0,075;0,263391;0;0;0,4;0,768115;1,075;1,43853;0;0;
13,2;2,72213;1,25;1,13468;0,075;0,263391;0;0;0,4;0,768115;1,075;1,43853;0;0;
13,2;2,72213;1,25;1,13468;0,075;0,263391;0;0;0,4;0,768115;1,075;1,43853;0;0;
13,175;2,79184;1,275;1,22449;0,075;0,263391;0;0;0,4;0,768115;1,075;1,43853;0;0;
13,175;2,79184;1,25;1,13468;0,1;0,374166;0;0;0,375;0,695971;1,1;1,44568;0;0;
13,175;2,79184;1,225;1,15081;0,125;0,399218;0;0;0,375;0,695971;1,1;1,44568;0;0;
13,15;2,86836;1,25;1,23996;0,1;0,3;0,025;0,156125;0,375;0,695971;1,1;1,44568;0;0;
13,1;2,98161;1,3;1,34536;0,1;0,3;0;0;0,4;0,768115;1,1;1,44568;0;0;
13,1;2,98161;1,3;1,34536;0,1;0,3;0;0;0,4;0,768115;1,1;1,44568;0;0;
13,1;2,98161;1,275;1,32264;0,125;0,330719;0;0;0,375;0,764444;1,125;1,43505;0;0;
13,1;2,98161;1,275;1,32264;0,125;0,330719;0;0;0,375;0,764444;1,125;1,43505;0;0;
13,1;2,98161;1,275;1,32264;0,125;0,330719;0;0;0,375;0,764444;1,125;1,43505;0;0;
13,075;3,0691;1,3;1,43527;0,125;0,330719;0;0;0,375;0,764444;1,125;1,43505;0;0;
13,075;3,0691;1,3;1,43527;0,125;0,330719;0;0;0,375;0,764444;1,125;1,43505;0;0;
13,075;3,0691;1,3;1,43527;0,125;0,330719;0;0;0,35;0,759934;1,15;1,44135;0;0;
13,075;3,0691;1,3;1,43527;0,125;0,330719;0;0;0,35;0,759934;1,15;1,44135;0;0;
13,075;3,0691;1,3;1,43527;0,1;0,3;0,025;0,156125;0,35;0,759934;1,15;1,44135;0;0;
13,075;3,0691;1,3;1,43527;0,1;0,3;0;0;0,35;0,759934;1,175;1,42982;0;0;
13,05;3,1301;1,325;1,45581;0,1;0,3;0;0;0,325;0,754569;1,2;1,43527;0;0;
13,05;3,1301;1,325;1,45581;0,1;0,3;0;0;0,325;0,754569;1,2;1,43527;0;0;
13,05;3,1301;1,325;1,45581;0,1;0,3;0;0;0,325;0,754569;1,2;1,43527;0;0;
13,05;3,1301;1,325;1,45581;0,1;0,3;0;0;0,325;0,754569;1,2;1,43527;0;0;
13,05;3,1301;1,325;1,45581;0,1;0,3;0;0;0,325;0,754569;1,2;1,43527;0;0;
13,05;3,1301;1,325;1,45581;0,1;0,3;0;0;0,325;0,754569;1,2;1,43527;0;0;
13,05;3,1301;1,325;1,45581;0,1;0,3;0;0;0,325;0,754569;1,2;1,43527;0;0;
13,05;3,1301;1,325;1,45581;0,1;0,3;0;0;0,325;0,754569;1,2;1,43527;0;0;
13,05;3,1301;1,325;1,45581;0,1;0,3;0;0;0,325;0,754569;1,2;1,43527;0;0;
13,05;3,1301;1,325;1,45581;0,075;0,263391;0,025;0,156125;0,325;0,754569;1,2;1,43527;0;0;
13,025;3,11839;1,35;1,44135;0,05;0,217945;0,025;0,156125;0,35;0,759934;1,2;1,43527;0;0;
13,025;3,11839;1,35;1,44135;0,05;0,217945;0;0;0,375;0,764444;1,2;1,43527;0;0;
13,025;3,11839;1,35;1,44135;0,05;0,217945;0;0;0,375;0,764444;1,2;1,43527;0;0;
13,025;3,11839;1,35;1,44135;0,05;0,217945;0;0;0,375;0,764444;1,2;1,43527;0;0;
13,025;3,11839;1,325;1,33018;0,075;0,345507;0;0;0,375;0,764444;1,2;1,43527;0;0;
13,025;3,11839;1,325;1,33018;0,075;0,345507;0;0;0,35;0,691014;1,225;1,45752;0;0;
13,025;3,11839;1,325;1,33018;0,075;0,345507;0;0;0,35;0,691014;1,225;1,45752;0;0;
13;3,19374;1,35;1,40624;0,075;0,345507;0;0;0,35;0,691014;1,225;1,45752;0;0;
13;3,19374;1,35;1,40624;0,075;0,345507;0;0;0,35;0,691014;1,225;1,45752;0;0;
12,975;3,19756;1,375;1,42632;0,075;0,345507;0;0;0,35;0,691014;1,225;1,45752;0;0;
12,975;3,19756;1,375;1,42632;0,075;0,345507;0;0;0,35;0,691014;1,225;1,45752;0;0;
12,975;3,19756;1,375;1,42632;0,05;0,217945;0,025;0,156125;0,35;0,691014;1,225;1,45752;0;0;
12,975;3,19756;1,375;1,42632;0,05;0,217945;0;0;0,375;0,764444;1,225;1,45752;0;0;
12,975;3,19756;1,325;1,40334;0,1;0,3;0;0;0,35;0,691014;1,25;1,51245;0;0;
12,975;3,19756;1,275;1,43156;0,15;0,357071;0;0;0,35;0,691014;1,25;1,51245;0;0;
12,975;3,19756;1,275;1,43156;0,125;0,330719;0,025;0,156125;0,35;0,691014;1,25;1,51245;0;0;
12,975;3,19756;1,275;1,43156;0,125;0,330719;0;0;0,35;0,726292;1,275;1,56505;0;0;
12,975;3,19756;1,275;1,43156;0,125;0,330719;0;0;0,35;0,726292;1,275;1,56505;0;0;
12,975;3,19756;1,275;1,43156;0,125;0,330719;0;0;0,35;0,726292;1,275;1,56505;0;0;
12,975;3,19756;1,275;1,43156;0,075;0,263391;0,05;0,217945;0,35;0,726292;1,275;1,56505;0;0;
12,95;3,19335;1,3;1,41774;0,075;0,263391;0;0;0,4;0,8;1,275;1,56505;0;0;
12,925;3,19678;1,3;1,41774;0,1;0,374166;0;0;0,4;0,8;1,275;1,56505;0;0;
12,925;3,19678;1,3;1,41774;0,1;0,374166;0;0;0,4;0,8;1,275;1,56505;0;0;
12,925;3,19678;1,3;1,41774;0,1;0,374166;0;0;0,375;0,764444;1,3;1,6;0;0;
12,925;3,19678;1,3;1,41774;0,1;0,374166;0;0;0,375;0,764444;1,3;1,6;0;0;
12,925;3,19678;1,3;1,41774;0,05;0,217945;0,05;0,217945;0,375;0,764444;1,3;1,6;0;0;
12,925;3,19678;1,3;1,41774;0,05;0,217945;0;0;0,425;0,891277;1,3;1,6;0;0;
12,925;3,19678;1,3;1,41774;0,05;0,217945;0;0;0,4;0,860233;1,325;1,58725;0;0;
12,925;3,19678;1,275;1,43156;0,075;0,263391;0;0;0,4;0,860233;1,325;1,58725;0;0;
12,925;3,19678;1,275;1,43156;0,075;0,263391;0;0;0,4;0,860233;1,325;1,58725;0;0;
12,9;3,2;1,3;1,41774;0,075;0,263391;0;0;0,375;0,82727;1,35;1,65151;0;0;
12,9;3,2;1,3;1,41774;0,075;0,263391;0;0;0,375;0,82727;1,35;1,65151;0;0;
12,9;3,2;1,275;1,43156;0,1;0,374166;0;0;0,35;0,792149;1,375;1,63841;0;0;
12,9;3,2;1,275;1,43156;0,1;0,374166;0;0;0,35;0,792149;1,375;1,63841;0;0;
12,875;3,21082;1,3;1,43527;0,1;0,374166;0;0;0,35;0,792149;1,375;1,63841;0;0;
12,875;3,21082;1,3;1,43527;0,1;0,374166;0;0;0,35;0,792149;1,375;1,63841;0;0;
12,875;3,21082;1,3;1,43527;0,1;0,374166;0;0;0,35;0,792149;1,375;1,63841;0;0;
12,875;3,21082;1,275;1,34141;0,1;0,3;0,025;0,156125;0,35;0,792149;1,375;1,63841;0;0;
12,85;3,22916;1,3;1,32665;0,1;0,3;0;0;0,375;0,796477;1,375;1,63841;0;0;
12,85;3,22916;1,3;1,32665;0,1;0,3;0;0;0,375;0,796477;1,375;1,63841;0;0;
12,85;3,22916;1,3;1,32665;0,1;0,3;0;0;0,375;0,796477;1,375;1,63841;0;0;
12,85;3,22916;1,3;1,32665;0,1;0,3;0;0;0,375;0,796477;1,375;1,63841;0;0;
12,85;3,22916;1,3;1,32665;0,1;0,3;0;0;0,375;0,796477;1,375;1,63841;0;0;
12,85;3,22916;1,3;1,32665;0,075;0,263391;0,025;0,156125;0,375;0,796477;1,375;1,63841;0;0;
12,85;3,22916;1,3;1,32665;0,075;0,263391;0;0;0,4;0,916515;1,375;1,63841;0;0;
12,85;3,22916;1,275;1,34141;0,075;0,345507;0,025;0,156125;0,4;0,916515;1,375;1,63841;0;0;
12,85;3,22916;1,275;1,34141;0,075;0,345507;0;0;0,425;0,945714;1,375;1,63841;0;0;
12,8;3,31059;1,325;1,40334;0,075;0,345507;0;0;0,425;0,945714;1,375;1,63841;0;0;
12,8;3,31059;1,3;1,32665;0,075;0,263391;0,025;0,156125;0,425;0,945714;1,375;1,63841;0;0;
12,8;3,31059;1,3;1,32665;0,075;0,263391;0;0;0,425;0,997184;1,4;1,64012;0;0;
12,8;3,31059;1,3;1,32665;0,075;0,263391;0;0;0,4;0,943398;1,425;1,62615;0;0;
12,8;3,31059;1,275;1,34141;0,1;0,3;0;0;0,4;0,943398;1,425;1,62615;0;0;
12,8;3,31059;1,225;1,27451;0,125;0,330719;0,025;0,156125;0,4;0,943398;1,425;1,62615;0;0;
12,775;3,29763;1,25;1,25996;0,075;0,263391;0,05;0,217945;0,425;0,945714;1,425;1,62615;0;0;
12,775;3,29763;1,25;1,25996;0,05;0,217945;0,025;0,156125;0,475;0,999687;1,425;1,62615;0;0;
12,775;3,29763;1,25;1,25996;0,05;0,217945;0;0;0,475;1,11775;1,45;1,71683;0;0;
12,775;3,29763;1,25;1,25996;0,05;0,217945;0;0;0,475;1,11775;1,45;1,71683;0;0;
12,775;3,29763;1,225;1,19347;0,05;0,31225;0,025;0,156125;0,475;1,11775;1,45;1,71683;0;0;
12,75;3,28443;1,25;1,17792;0,05;0,31225;0;0;0,5;1,11803;1,45;1,71683;0;0;
12,75;3,28443;1,225;1,12888;0,05;0,217945;0,025;0,156125;0,475;0,999687;1,475;1,74625;0;0;
12,75;3,28443;1,225;1,12888;0,05;0,217945;0;0;0,5;1,0247;1,475;1,74625;0;0;
12,75;3,28443;1,225;1,12888;0,05;0,217945;0;0;0,5;1,0247;1,475;1,74625;0;0;
12,75;3,28443;1,225;1,12888;0,025;0,156125;0,025;0,156125;0,5;1,0247;1,475;1,74625;0;0;
12,75;3,28443;1,225;1,12888;0,025;0,156125;0;0;0,525;1,02439;1,475;1,74625;0;0;
12,725;3,29384;1,25;1,11243;0,025;0,156125;0;0;0,525;1,02439;1,475;1,74625;0;0;
12,725;3,29384;1,25;1,11243;0,025;0,156125;0;0;0,525;1,02439;1,475;1,74625;0;0;
12,725;3,29384;1,25;1,11243;0,025;0,156125;0;0;0,525;1,02439;1,475;1,74625;0;0;
12,725;3,29384;1,25;1,11243;0,025;0,156125;0;0;0,525;1,02439;1,475;1,74625;0;0;
12,725;3,29384;1,225;1,03652;0,05;0,217945;0;0;0,525;1,02439;1,475;1,74625;0;0;
12,725;3,29384;1,225;1,03652;0;0;0,05;0,217945;0,5;1;1,5;1,81659;0;0;
12,7;3,37787;1,25;1,11243;0;0;0;0;0,55;1,13908;1,5;1,81659;0;0;
12,7;3,37787;1,25;1,11243;0;0;0;0;0,55;1,13908;1,5;1,81659;0;0;
12,7;3,37787;1,25;1,11243;0;0;0;0;0,55;1,13908;1,5;1,81659;0;0;
12,7;3,37787;1,25;1,11243;0;0;0;0;0,55;1,13908;1,5;1,81659;0;0;
12,7;3,37787;1,25;1,11243;0;0;0;0;0,55;1,13908;1,5;1,81659;0;0;
12,7;3,37787;1,25;1,11243;0;0;0;0;0,55;1,13908;1,5;1,81659;0;0;
12,675;3,39402;1,275;1,11775;0;0;0;0;0,55;1,13908;1,5;1,81659;0;0;
12,675;3,39402;1,275;1,11775;0;0;0;0;0,55;1,13908;1,5;1,81659;0;0;
12,675;3,39402;1,275;1,11775;0;0;0;0;0,55;1,13908;1,5;1,81659;0;0;
12,675;3,39402;1,25;1,11243;0,025;0,156125;0;0;0,55;1,13908;1,5;1,81659;0;0;
12,675;3,39402;1,25;1,11243;0,025;0,156125;0;0;0,55;1,13908;1,5;1,81659;0;0;
12,675;3,39402;1,25;1,11243;0,025;0,156125;0;0;0,55;1,13908;1,5;1,81659;0;0;
12,675;3,39402;1,25;1,11243;0,025;0,156125;0;0;0,55;1,13908;1,5;1,81659;0;0;
12,675;3,39402;1,2;1,14455;0,075;0,263391;0;0;0,55;1,13908;1,5;1,81659;0;0;
12,65;3,38785;1,225;1,12888;0,075;0,263391;0;0;0,55;1,13908;1,5;1,81659;0;0;
12,65;3,38785;1,225;1,12888;0,05;0,217945;0,025;0,156125;0,55;1,13908;1,5;1,81659;0;0;
12,625;3,38148;1,25;1,13468;0,05;0,217945;0;0;0,575;1,13771;1,5;1,81659;0;0;
12,625;3,38148;1,25;1,13468;0,05;0,217945;0;0;0,575;1,13771;1,5;1,81659;0;0;
12,625;3,38148;1,25;1,13468;0,025;0,156125;0,025;0,156125;0,55;1,11692;1,525;1,81642;0;0;
12,6;3,38231;1,275;1,16163;0,025;0,156125;0;0;0,575;1,11552;1,525;1,81642;0;0;
12,6;3,38231;1,275;1,16163;0,025;0,156125;0;0;0,525;1,04851;1,575;1,84238;0;0;
12,6;3,38231;1,275;1,16163;0,025;0,156125;0;0;0,5;1,04881;1,6;1,8412;0;0;
12,6;3,38231;1,275;1,16163;0,025;0,156125;0;0;0,5;1,04881;1,6;1,8412;0;0;
12,6;3,38231;1,275;1,16163;0,025;0,156125;0;0;0,5;1,04881;1,6;1,8412;0;0;
12,55;3,47095;1,325;1,25275;0,025;0,156125;0;0;0,5;1,04881;1,6;1,8412;0;0;
12,55;3,47095;1,325;1,25275;0,025;0,156125;0;0;0,5;1,04881;1,6;1,8412;0;0;
12,525;3,49276;1,35;1,27574;0,025;0,156125;0;0;0,5;1,04881;1,6;1,8412;0;0;
12,5;3,47851;1,325;1,21218;0,075;0,263391;0;0;0,5;1,04881;1,6;1,8412;0;0;
12,5;3,47851;1,3;1,22882;0,1;0,374166;0;0;0,5;1,04881;1,6;1,8412;0;0;
12,5;3,47851;1,3;1,22882;0,075;0,345507;0,025;0,156125;0,5;1,04881;1,6;1,8412;0;0;
12,475;3,47842;1,325;1,23263;0,075;0,345507;0;0;0,525;1,09516;1,6;1,8412;0;0;
12,475;3,47842;1,325;1,23263;0,075;0,345507;0;0;0,5;1,07238;1,625;1,85321;0;0;
12,475;3,47842;1,325;1,23263;0,075;0,345507;0;0;0,5;1,07238;1,625;1,85321;0;0;
12,45;3,50678;1,35;1,27574;0,075;0,345507;0;0;0,475;1,07209;1,65;1,85135;0;0;
12,45;3,50678;1,35;1,27574;0,075;0,345507;0;0;0,475;1,07209;1,65;1,85135;0;0;
12,45;3,50678;1,35;1,27574;0,075;0,345507;0;0;0,475;1,07209;1,65;1,85135;0;0;
12,425;3,59087;1,375;1,35439;0,075;0,345507;0;0;0,475;1,07209;1,65;1,85135;0;0;
12,425;3,59087;1,375;1,35439;0,075;0,345507;0;0;0,475;1,07209;1,65;1,85135;0;0;
12,425;3,59087;1,375;1,35439;0,05;0,217945;0,025;0,156125;0,475;1,07209;1,65;1,85135;0;0;
12,425;3,59087;1,375;1,35439;0,05;0,217945;0;0;0,5;1,07238;1,65;1,85135;0;0;
12,425;3,59087;1,375;1,35439;0,025;0,156125;0,025;0,156125;0,5;1,07238;1,65;1,85135;0;0;
12,4;3,65923;1,4;1,39284;0,025;0,156125;0;0;0,525;1,07209;1,65;1,85135;0;0;
12,4;3,65923;1,4;1,39284;0,025;0,156125;0;0;0,525;1,07209;1,65;1,85135;0;0;
12,4;3,65923;1,4;1,39284;0,025;0,156125;0;0;0,5;1,07238;1,675;1,86263;0;0;
12,4;3,65923;1,4;1,39284;0,025;0,156125;0;0;0,475;0,948354;1,7;1,9;0;0;
12,4;3,65923;1,4;1,39284;0,025;0,156125;0;0;0,475;0,948354;1,7;1,9;0;0;
12,4;3,65923;1,4;1,39284;0,025;0,156125;0;0;0,475;0,948354;1,7;1,9;0;0;
12,4;3,65923;1,4;1,39284;0,025;0,156125;0;0;0,475;0,948354;1,7;1,9;0;0;
12,4;3,65923;1,4;1,39284;0,025;0,156125;0;0;0,475;0,948354;1,7;1,9;0;0;
12,4;3,65923;1,4;1,39284;0,025;0,156125;0;0;0,475;0,948354;1,7;1,9;0;0;
12,4;3,65923;1,4;1,39284;0,025;0,156125;0;0;0,475;0,948354;1,7;1,9;0;0;
12,4;3,65923;1,4;1,39284;0,025;0,156125;0;0;0,475;0,948354;1,7;1,9;0;0;
12,4;3,65923;1,4;1,39284;0,025;0,156125;0;0;0,45;0,947365;1,725;1,93633;0;0;
12,4;3,65923;1,4;1,39284;0,025;0,156125;0;0;0,45;0,947365;1,725;1,93633;0;0;
12,4;3,65923;1,4;1,39284;0,025;0,156125;0;0;0,425;0,945714;1,75;1,92029;0;0;
12,375;3,69248;1,4;1,46287;0,05;0,217945;0;0;0,4;0,943398;1,775;1,91687;0;0;
12,375;3,69248;1,4;1,46287;0,05;0,217945;0;0;0,4;0,943398;1,775;1,91687;0;0;
12,375;3,69248;1,4;1,46287;0,05;0,217945;0;0;0,4;0,943398;1,775;1,91687;0;0;
12,375;3,69248;1,4;1,46287;0,05;0,217945;0;0;0,4;0,943398;1,775;1,91687;0;0;
12,375;3,69248;1,4;1,46287;0,025;0,156125;0,025;0,156125;0,4;0,943398;1,775;1,91687;0;0;
12,35;3,68477;1,4;1,46287;0,05;0,217945;0;0;0,425;0,97179;1,775;1,91687;0;0;
12,35;3,68477;1,4;1,46287;0,05;0,217945;0;0;0,425;0,97179;1,775;1,91687;0;0;
12,35;3,68477;1,4;1,46287;0,05;0,217945;0;0;0,425;0,97179;1,775;1,91687;0;0;
12,35;3,68477;1,4;1,46287;0,05;0,217945;0;0;0,425;0,97179;1,775;1,91687;0;0;
12,325;3,67006;1,425;1,4472;0,05;0,217945;0;0;0,4;0,969536;1,8;1,93907;0;0;
12,325;3,67006;1,425;1,4472;0,05;0,217945;0;0;0,4;0,969536;1,8;1,93907;0;0;
12,325;3,67006;1,425;1,4472;0,05;0,217945;0;0;0,4;0,969536;1,8;1,93907;0;0;
12,325;3,67006;1,425;1,4472;0,05;0,217945;0;0;0,4;0,969536;1,8;1,93907;0;0;
12,325;3,67006;1,425;1,4472;0,05;0,217945;0;0;0,375;0,966631;1,825;1,97342;0;0;
12,325;3,67006;1,425;1,4472;0,05;0,217945;0;0;0,375;0,966631;1,825;1,97342;0;0;
12,325;3,67006;1,425;1,4472;0,05;0,217945;0;0;0,375;0,966631;1,825;1,97342;0;0;
12,325;3,67006;1,425;1,4472;0,05;0,217945;0;0;0,375;0,966631;1,825;1,97342;0;0;
12,325;3,67006;1,425;1,4472;0,05;0,217945;0;0;0,375;0,966631;1,825;1,97342;0;0;
12,325;3,67006;1,4;1,44568;0,075;0,263391;0;0;0,375;0,966631;1,825;1,97342;0;0;
12,325;3,67006;1,4;1,44568;0,075;0,263391;0;0;0,375;0,966631;1,825;1,97342;0;0;
12,325;3,67006;1,4;1,44568;0,075;0,263391;0;0;0,375;0,966631;1,825;1,97342;0;0;
12,325;3,67006;1,4;1,44568;0,075;0,263391;0;0;0,375;0,966631;1,825;1,97342;0;0;
12,325;3,67006;1,375;1,40868;0,1;0,3;0;0;0,375;0,966631;1,825;1,97342;0;0;
12,325;3,67006;1,35;1,4239;0,125;0,330719;0;0;0,375;0,966631;1,825;1,97342;0;0;
12,325;3,67006;1,35;1,4239;0,125;0,330719;0;0;0,375;0,966631;1,825;1,97342;0;0;
12,325;3,67006;1,35;1,4239;0,1;0,3;0,025;0,156125;0,375;0,966631;1,825;1,97342;0;0;
12,325;3,67006;1,35;1,4239;0,1;0,3;0;0;0,375;0,966631;1,85;1,96914;0;0;
12,325;3,67006;1,35;1,4239;0,075;0,263391;0,025;0,156125;0,375;0,966631;1,85;1,96914;0;0;
12,325;3,67006;1,35;1,4239;0,075;0,263391;0;0;0,4;0,969536;1,85;1,96914;0;0;
12,325;3,67006;1,325;1,34884;0,1;0,3;0;0;0,4;0,969536;1,85;1,96914;0;0;
12,275;3,74157;1,35;1,38834;0,1;0,3;0,025;0,156125;0,4;0,969536;1,85;1,96914;0;0;
12,25;3,74667;1,375;1,37273;0,1;0,3;0;0;0,425;1,04612;1,85;1,96914;0;0;
12,25;3,74667;1,375;1,37273;0,1;0,3;0;0;0,425;1,04612;1,85;1,96914;0;0;
12,225;3,76489;1,4;1,35647;0,1;0,3;0;0;0,425;1,04612;1,85;1,96914;0;0;
12,225;3,76489;1,4;1,35647;0,1;0,3;0;0;0,425;1,04612;1,85;1,96914;0;0;
12,225;3,76489;1,375;1,37273;0,125;0,330719;0;0;0,425;1,04612;1,85;1,96914;0;0;
12,225;3,76489;1,375;1,37273;0,1;0,3;0,025;0,156125;0,4;0,969536;1,875;2,03945;0;0;
12,225;3,76489;1,375;1,37273;0,1;0,3;0;0;0,425;0,997184;1,875;2,03945;0;0;
12,225;3,76489;1,375;1,37273;0,1;0,3;0;0;0,425;0,997184;1,875;2,03945;0;0;
12,225;3,76489;1,35;1,31434;0,1;0,374166;0,025;0,156125;0,425;0,997184;1,875;2,03945;0;0;
12,225;3,76489;1,325;1,33018;0,125;0,399218;0;0;0,45;0,998749;1,875;2,03945;0;0;
12,225;3,76489;1,325;1,33018;0,125;0,399218;0;0;0,45;0,998749;1,875;2,03945;0;0;
12,225;3,76489;1,325;1,33018;0,125;0,399218;0;0;0,45;0,998749;1,875;2,03945;0;0;
12,225;3,76489;1,325;1,33018;0,125;0,399218;0;0;0,45;0,998749;1,875;2,03945;0;0;
12,225;3,76489;1,325;1,33018;0,125;0,399218;0;0;0,45;0,998749;1,875;2,03945;0;0;
12,225;3,76489;1,3;1,32665;0,15;0,421307;0;0;0,45;0,998749;1,875;2,03945;0;0;
12,225;3,76489;1,3;1,32665;0,1;0,374166;0,05;0,217945;0,45;0,998749;1,875;2,03945;0;0;
12,2;3,74967;1,3;1,32665;0,125;0,399218;0;0;0,5;1;1,875;2,03945;0;0;
12,2;3,74967;1,275;1,34141;0,1;0,374166;0,05;0,217945;0,5;1;1,875;2,03945;0;0;
12,175;3,73422;1,3;1,32665;0,1;0,374166;0;0;0,55;0,998749;1,875;2,03945;0;0;
12,15;3,75866;1,325;1,33018;0,1;0,374166;0;0;0,525;0,999687;1,9;2,02237;0;0;
12,15;3,75866;1,325;1,33018;0,075;0,345507;0,025;0,156125;0,475;0,865664;1,95;2,04878;0;0;
12,15;3,75866;1,325;1,33018;0,075;0,345507;0;0;0,5;0,866025;1,95;2,04878;0;0;
12,15;3,75866;1,325;1,33018;0,075;0,345507;0;0;0,45;0,864581;2;2,07364;0;0;
12,15;3,75866;1,325;1,33018;0,075;0,345507;0;0;0,425;0,770957;2,025;2,12706;0;0;
12,15;3,75866;1,3;1,30767;0,1;0,374166;0;0;0,425;0,770957;2,025;2,12706;0;0;
12,125;3,78277;1,325;1,31125;0,1;0,374166;0;0;0,425;0,770957;2,025;2,12706;0;0;
12,125;3,78277;1,325;1,31125;0,1;0,374166;0;0;0,425;0,770957;2,025;2,12706;0;0;
12,125;3,78277;1,3;1,30767;0,125;0,399218;0;0;0,425;0,770957;2,025;2,12706;0;0;
12,125;3,78277;1,3;1,30767;0,125;0,399218;0;0;0,425;0,770957;2,025;2,12706;0;0;
12,125;3,78277;1,3;1,30767;0,125;0,399218;0;0;0,425;0,770957;2,025;2,12706;0;0;
12,125;3,78277;1,3;1,30767;0,125;0,399218;0;0;0,425;0,770957;2,025;2,12706;0;0;
12,125;3,78277;1,3;1,30767;0,125;0,399218;0;0;0,4;0,768115;2,05;2,13249;0;0;
12,125;3,78277;1,3;1,30767;0,125;0,399218;0;0;0,4;0,768115;2,05;2,13249;0;0;
12,125;3,78277;1,3;1,30767;0,1;0,374166;0,025;0,156125;0,4;0,768115;2,05;2,13249;0;0;
12,125;3,78277;1,3;1,30767;0,1;0,374166;0;0;0,425;0,80273;2,05;2,13249;0;0;
12,125;3,78277;1,3;1,30767;0,1;0,374166;0;0;0,425;0,80273;2,05;2,13249;0;0;
12,125;3,78277;1,3;1,30767;0,1;0,374166;0;0;0,425;0,80273;2,05;2,13249;0;0;
12,125;3,78277;1,3;1,30767;0,1;0,374166;0;0;0,425;0,80273;2,05;2,13249;0;0;
12,1;3,81314;1,325;1,33018;0,1;0,374166;0;0;0,425;0,80273;2,05;2,13249;0;0;
12,1;3,81314;1,325;1,33018;0,1;0,374166;0;0;0,425;0,80273;2,05;2,13249;0;0;
12,1;3,81314;1,3;1,32665;0,125;0,399218;0;0;0,425;0,80273;2,05;2,13249;0;0;
12,1;3,81314;1,3;1,32665;0,125;0,399218;0;0;0,425;0,80273;2,05;2,13249;0;0;
12,1;3,81314;1,3;1,32665;0,125;0,399218;0;0;0,425;0,80273;2,05;2,13249;0;0;
12,1;3,81314;1,3;1,32665;0,125;0,399218;0;0;0,425;0,80273;2,05;2,13249;0;0;
12,1;3,81314;1,3;1,32665;0,1;0,374166;0,025;0,156125;0,425;0,80273;2,05;2,13249;0;0;
12,1;3,81314;1,3;1,32665;0,075;0,345507;0,025;0,156125;0,45;0,804674;2,05;2,13249;0;0;
12,1;3,81314;1,3;1,32665;0,075;0,345507;0;0;0,45;0,835165;2,075;2,20667;0;0;
12,1;3,81314;1,3;1,32665;0,075;0,345507;0;0;0,425;0,833292;2,1;2,2;0;0;
12,1;3,81314;1,275;1,3036;0,1;0,374166;0;0;0,425;0,833292;2,1;2,2;0;0;
12,1;3,81314;1,275;1,3036;0,1;0,374166;0;0;0,425;0,833292;2,1;2,2;0;0;
12,1;3,81314;1,275;1,3036;0,075;0,263391;0,025;0,156125;0,425;0,833292;2,1;2,2;0;0;
12,1;3,81314;1,275;1,3036;0,075;0,263391;0;0;0,45;0,920598;2,1;2,2;0;0;
12,1;3,81314;1,275;1,3036;0,05;0,217945;0,025;0,156125;0,45;0,920598;2,1;2,2;0;0;
12,075;3,81699;1,3;1,28841;0,05;0,217945;0;0;0,475;0,948354;2,1;2,2;0;0;
12,075;3,81699;1,3;1,28841;0,05;0,217945;0;0;0,475;0,948354;2,1;2,2;0;0;
12,075;3,81699;1,3;1,28841;0,05;0,217945;0;0;0,475;0,948354;2,1;2,2;0;0;
12,075;3,81699;1,3;1,28841;0,05;0,217945;0;0;0,475;0,948354;2,1;2,2;0;0;
12,075;3,81699;1,3;1,28841;0;0;0,05;0,217945;0,475;0,948354;2,1;2,2;0;0;
12,075;3,81699;1,3;1,28841;0;0;0;0;0,525;1,04851;2,1;2,2;0;0;
12,075;3,81699;1,3;1,28841;0;0;0;0;0,525;1,04851;2,1;2,2;0;0;
12,025;3,81109;1,35;1,31434;0;0;0;0;0,475;0,921615;2,15;2,29728;0;0;
12,025;3,81109;1,35;1,31434;0;0;0;0;0,45;0,893029;2,175;2,30095;0;0;
12,025;3,81109;1,35;1,31434;0;0;0;0;0,45;0,893029;2,175;2,30095;0;0;
12,025;3,81109;1,35;1,31434;0;0;0;0;0,45;0,893029;2,175;2,30095;0;0;
12,025;3,81109;1,35;1,31434;0;0;0;0;0,45;0,893029;2,175;2,30095;0;0;
12,025;3,81109;1,35;1,31434;0;0;0;0;0,45;0,893029;2,175;2,30095;0;0;
12,025;3,81109;1,35;1,31434;0;0;0;0;0,45;0,893029;2,175;2,30095;0;0;
12,025;3,81109;1,35;1,31434;0;0;0;0;0,425;0,891277;2,2;2,30434;0;0;
12,025;3,81109;1,35;1,31434;0;0;0;0;0,4;0,830662;2,225;2,37158;0;0;
12,025;3,81109;1,35;1,31434;0;0;0;0;0,4;0,830662;2,225;2,37158;0;0;
12,025;3,81109;1,35;1,31434;0;0;0;0;0,4;0,830662;2,225;2,37158;0;0;
12,025;3,81109;1,35;1,31434;0;0;0;0;0,4;0,830662;2,225;2,37158;0;0;
12,025;3,81109;1,35;1,31434;0;0;0;0;0,375;0,82727;2,25;2,35319;0;0;
12,025;3,81109;1,35;1,31434;0;0;0;0;0,375;0,82727;2,25;2,35319;0;0;
12,025;3,81109;1,35;1,31434;0;0;0;0;0,325;0,787004;2,3;2,33666;0;0;
12,025;3,81109;1,35;1,31434;0;0;0;0;0,325;0,787004;2,3;2,33666;0;0;
12,025;3,81109;1,35;1,31434;0;0;0;0;0,325;0,787004;2,3;2,33666;0;0;
12,025;3,81109;1,325;1,33018;0,025;0,156125;0;0;0,325;0,787004;2,3;2,33666;0;0;
12,025;3,81109;1,325;1,33018;0,025;0,156125;0;0;0,325;0,787004;2,3;2,33666;0;0;
12,025;3,81109;1,325;1,33018;0,025;0,156125;0;0;0,325;0,787004;2,3;2,33666;0;0;
12,025;3,81109;1,325;1,33018;0,025;0,156125;0;0;0,325;0,787004;2,3;2,33666;0;0;
12,025;3,81109;1,325;1,33018;0,025;0,156125;0;0;0,325;0,787004;2,3;2,33666;0;0;
12,025;3,81109;1,325;1,33018;0,025;0,156125;0;0;0,325;0,787004;2,3;2,33666;0;0;
12,025;3,81109;1,325;1,33018;0,025;0,156125;0;0;0,325;0,787004;2,3;2,33666;0;0;
12,025;3,81109;1,325;1,33018;0,025;0,156125;0;0;0,325;0,787004;2,3;2,33666;0;0;
12,025;3,81109;1,325;1,33018;0,025;0,156125;0;0;0,325;0,787004;2,3;2,33666;0;0;
12,025;3,81109;1,325;1,33018;0,025;0,156125;0;0;0,325;0,787004;2,3;2,33666;0;0;
12,025;3,81109;1,325;1,33018;0,025;0,156125;0;0;0,325;0,787004;2,3;2,33666;0;0;
12,025;3,81109;1,325;1,33018;0,025;0,156125;0;0;0,325;0,787004;2,3;2,33666;0;0;
12;3,81445;1,35;1,33323;0,025;0,156125;0;0;0,325;0,787004;2,3;2,33666;0;0;
12;3,81445;1,35;1,33323;0,025;0,156125;0;0;0,325;0,787004;2,3;2,33666;0;0;
12;3,81445;1,35;1,33323;0,025;0,156125;0;0;0,325;0,787004;2,3;2,33666;0;0;
12;3,81445;1,35;1,33323;0,025;0,156125;0;0;0,3;0,748331;2,325;2,33867;0;0;
11,975;3,85024;1,375;1,35439;0,025;0,156125;0;0;0,3;0,748331;2,325;2,33867;0;0;
11,975;3,85024;1,35;1,29518;0,05;0,217945;0;0;0,3;0,748331;2,325;2,33867;0;0;
11,95;3,88555;1,375;1,35439;0,05;0,217945;0;0;0,3;0,748331;2,325;2,33867;0;0;
11,95;3,88555;1,375;1,35439;0,05;0,217945;0;0;0,275;0,631961;2,35;2,40364;0;0;
11,925;3,87548;1,4;1,33791;0,05;0,217945;0;0;0,275;0,631961;2,35;2,40364;0;0;
11,925;3,87548;1,4;1,33791;0,025;0,156125;0,025;0,156125;0,275;0,631961;2,35;2,40364;0;0;
11,925;3,87548;1,4;1,33791;0,025;0,156125;0;0;0,3;0,640312;2,35;2,40364;0;0;
11,925;3,87548;1,4;1,33791;0,025;0,156125;0;0;0,3;0,640312;2,35;2,40364;0;0;
11,925;3,87548;1,4;1,33791;0,025;0,156125;0;0;0,3;0,640312;2,35;2,40364;0;0;
11,925;3,87548;1,375;1,35439;0,05;0,217945;0;0;0,3;0,640312;2,35;2,40364;0;0;
11,925;3,87548;1,375;1,35439;0,05;0,217945;0;0;0,3;0,640312;2,35;2,40364;0;0;
11,925;3,87548;1,375;1,35439;0,05;0,217945;0;0;0,3;0,640312;2,35;2,40364;0;0;
11,925;3,87548;1,375;1,35439;0,05;0,217945;0;0;0,275;0,631961;2,375;2,4463;0;0;
11,925;3,87548;1,375;1,35439;0,05;0,217945;0;0;0,275;0,631961;2,375;2,4463;0;0;
11,925;3,87548;1,35;1,33323;0,075;0,263391;0;0;0,275;0,631961;2,375;2,4463;0;0;
11,925;3,87548;1,35;1,33323;0,05;0,217945;0,025;0,156125;0,275;0,631961;2,375;2,4463;0;0;
11,925;3,87548;1,35;1,33323;0,05;0,217945;0;0;0,3;0,678233;2,375;2,4463;0;0;
11,925;3,87548;1,35;1,33323;0,05;0,217945;0;0;0,275;0,59108;2,4;2,51794;0;0;
11,925;3,87548;1,35;1,33323;0,05;0,217945;0;0;0,275;0,59108;2,4;2,51794;0;0;
11,925;3,87548;1,35;1,33323;0,05;0,217945;0;0;0,25;0,580948;2,425;2,52871;0;0;
11,925;3,87548;1,35;1,33323;0,05;0,217945;0;0;0,25;0,580948;2,425;2,52871;0;0;
11,925;3,87548;1,35;1,33323;0,05;0,217945;0;0;0,25;0,580948;2,425;2,52871;0;0;
11,925;3,87548;1,35;1,33323;0,025;0,156125;0,025;0,156125;0,25;0,580948;2,425;2,52871;0;0;
11,925;3,87548;1,35;1,33323;0,025;0,156125;0;0;0,275;0,631961;2,425;2,52871;0;0;
11,925;3,87548;1,35;1,33323;0,025;0,156125;0;0;0,275;0,631961;2,425;2,52871;0;0;
11,925;3,87548;1,35;1,33323;0,025;0,156125;0;0;0,275;0,631961;2,425;2,52871;0;0;
11,925;3,87548;1,35;1,33323;0,025;0,156125;0;0;0,275;0,631961;2,425;2,52871;0;0;
11,925;3,87548;1,35;1,33323;0,025;0,156125;0;0;0,275;0,631961;2,425;2,52871;0;0;
11,925;3,87548;1,35;1,33323;0,025;0,156125;0;0;0,275;0,631961;2,425;2,52871;0;0;
11,925;3,87548;1,35;1,33323;0,025;0,156125;0;0;0,275;0,631961;2,425;2,52871;0;0;
11,9;3,88458;1,375;1,35439;0,025;0,156125;0;0;0,275;0,631961;2,425;2,52871;0;0;
11,9;3,88458;1,375;1,35439;0,025;0,156125;0;0;0,275;0,631961;2,425;2,52871;0;0;
11,9;3,88458;1,375;1,35439;0,025;0,156125;0;0;0,275;0,631961;2,425;2,52871;0;0;
11,9;3,88458;1,375;1,35439;0,025;0,156125;0;0;0,275;0,631961;2,425;2,52871;0;0;
11,9;3,88458;1,375;1,35439;0,025;0,156125;0;0;0,25;0,580948;2,45;2,53919;0;0;
11,9;3,88458;1,375;1,35439;0;0;0,025;0,156125;0,25;0,580948;2,45;2,53919;0;0;
11,9;3,88458;1,375;1,35439;0;0;0;0;0,275;0,59108;2,45;2,53919;0;0;
11,9;3,88458;1,375;1,35439;0;0;0;0;0,275;0,59108;2,45;2,53919;0;0;
11,9;3,88458;1,375;1,35439;0;0;0;0;0,275;0,59108;2,45;2,53919;0;0;
11,9;3,88458;1,375;1,35439;0;0;0;0;0,275;0,59108;2,45;2,53919;0;0;
11,9;3,88458;1,375;1,35439;0;0;0;0;0,25;0,53619;2,475;2,61713;0;0;
11,9;3,88458;1,375;1,35439;0;0;0;0;0,25;0,53619;2,475;2,61713;0;0;
11,9;3,88458;1,375;1,35439;0;0;0;0;0,25;0,53619;2,475;2,61713;0;0;
11,9;3,88458;1,375;1,35439;0;0;0;0;0,225;0,523808;2,5;2,70185;0;0;
11,9;3,88458;1,375;1,35439;0;0;0;0;0,225;0,523808;2,5;2,70185;0;0;
11,9;3,88458;1,375;1,35439;0;0;0;0;0,225;0,523808;2,5;2,70185;0;0;
11,9;3,88458;1,375;1,35439;0;0;0;0;0,225;0,523808;2,5;2,70185;0;0;
11,9;3,88458;1,375;1,35439;0;0;0;0;0,225;0,523808;2,5;2,70185;0;0;
11,9;3,88458;1,375;1,35439;0;0;0;0;0,225;0,523808;2,5;2,70185;0;0;
11,9;3,88458;1,375;1,35439;0;0;0;0;0,225;0,523808;2,5;2,70185;0;0;
11,9;3,88458;1,375;1,35439;0;0;0;0;0,225;0,523808;2,5;2,70185;0;0;
11,9;3,88458;1,35;1,35185;0,025;0,156125;0;0;0,225;0,523808;2,5;2,70185;0;0;
11,9;3,88458;1,35;1,35185;0,025;0,156125;0;0;0,225;0,523808;2,5;2,70185;0;0;
11,9;3,88458;1,35;1,35185;0,025;0,156125;0;0;0,225;0,523808;2,5;2,70185;0;0;
11,9;3,88458;1,35;1,35185;0,025;0,156125;0;0;0,225;0,523808;2,5;2,70185;0;0;
11,9;3,88458;1,35;1,35185;0;0;0,025;0,156125;0,225;0,523808;2,5;2,70185;0;0;
11,875;3,8935;1,375;1,35439;0;0;0;0;0,25;0,580948;2,5;2,70185;0;0;
11,875;3,8935;1,375;1,35439;0;0;0;0;0,25;0,580948;2,5;2,70185;0;0;
11,875;3,8935;1,375;1,35439;0;0;0;0;0,25;0,580948;2,5;2,70185;0;0;
11,85;3,93415;1,4;1,39284;0;0;0;0;0,25;0,580948;2,5;2,70185;0;0;
11,85;3,93415;1,4;1,39284;0;0;0;0;0,25;0,580948;2,5;2,70185;0;0;
11,85;3,93415;1,4;1,39284;0;0;0;0;0,25;0,580948;2,5;2,70185;0;0;
11,85;3,93415;1,4;1,39284;0;0;0;0;0,25;0,580948;2,5;2,70185;0;0;
11,85;3,93415;1,4;1,39284;0;0;0;0;0,25;0,580948;2,5;2,70185;0;0;
11,85;3,93415;1,4;1,39284;0;0;0;0;0,25;0,580948;2,5;2,70185;0;0;
11,85;3,93415;1,4;1,39284;0;0;0;0;0,25;0,580948;2,5;2,70185;0;0;
11,85;3,93415;1,375;1,35439;0,025;0,156125;0;0;0,25;0,580948;2,5;2,70185;0;0;
11,85;3,93415;1,375;1,35439;0,025;0,156125;0;0;0,25;0,580948;2,5;2,70185;0;0;
11,85;3,93415;1,375;1,35439;0,025;0,156125;0;0;0,25;0,580948;2,5;2,70185;0;0;
11,825;3,97421;1,375;1,40868;0,05;0,217945;0;0;0,25;0,580948;2,5;2,70185;0;0;
11,825;3,97421;1,35;1,33323;0,075;0,263391;0;0;0,25;0,580948;2,5;2,70185;0;0;
11,825;3,97421;1,35;1,33323;0,075;0,263391;0;0;0,25;0,580948;2,5;2,70185;0;0;
11,825;3,97421;1,35;1,33323;0,075;0,263391;0;0;0,25;0,580948;2,5;2,70185;0;0;
11,825;3,97421;1,35;1,33323;0,075;0,263391;0;0;0,25;0,580948;2,5;2,70185;0;0;
11,825;3,97421;1,325;1,34884;0,1;0,3;0;0;0,25;0,580948;2,5;2,70185;0;0;
11,825;3,97421;1,325;1,34884;0,1;0,3;0;0;0,25;0,580948;2,5;2,70185;0;0;
11,825;3,97421;1,325;1,34884;0,075;0,263391;0,025;0,156125;0,225;0,569539;2,525;2,69247;0;0;
11,825;3,97421;1,325;1,34884;0,075;0,263391;0;0;0,25;0,580948;2,525;2,69247;0;0;
11,825;3,97421;1,3;1,28841;0,05;0,217945;0,05;0,217945;0,25;0,580948;2,525;2,69247;0;0;
11,825;3,97421;1,3;1,28841;0,05;0,217945;0;0;0,3;0,640312;2,525;2,69247;0;0;
11,825;3,97421;1,275;1,24474;0,075;0,263391;0;0;0,3;0,640312;2,525;2,69247;0;0;
11,825;3,97421;1,275;1,24474;0,075;0,263391;0;0;0,3;0,640312;2,525;2,69247;0;0;
11,825;3,97421;1,275;1,24474;0,075;0,263391;0;0;0,3;0,640312;2,525;2,69247;0;0;
11,825;3,97421;1,275;1,24474;0,075;0,263391;0;0;0,3;0,640312;2,525;2,69247;0;0;
11,825;3,97421;1,275;1,24474;0,075;0,263391;0;0;0,3;0,640312;2,525;2,69247;0;0;
11,825;3,97421;1,275;1,24474;0,075;0,263391;0;0;0,3;0,640312;2,525;2,69247;0;0;
11,825;3,97421;1,275;1,24474;0,075;0,263391;0;0;0,275;0,59108;2,55;2,69212;0;0;
11,825;3,97421;1,275;1,24474;0,075;0,263391;0;0;0,275;0,59108;2,55;2,69212;0;0;
11,825;3,97421;1,275;1,24474;0,075;0,263391;0;0;0,275;0,59108;2,55;2,69212;0;0;
11,825;3,97421;1,25;1,21963;0,1;0,374166;0;0;0,275;0,59108;2,55;2,69212;0;0;
11,825;3,97421;1,25;1,21963;0,1;0,374166;0;0;0,25;0,53619;2,575;2,75579;0;0;
11,8;3,98246;1,25;1,23996;0,125;0,509289;0;0;0,25;0,53619;2,575;2,75579;0;0;
11,775;3,9968;1,275;1,28428;0,1;0,489898;0,025;0,156125;0,25;0,53619;2,575;2,75579;0;0;
11,775;3,9968;1,275;1,28428;0,1;0,489898;0;0;0,275;0,547152;2,575;2,75579;0;0;
11,775;3,9968;1,275;1,28428;0,1;0,489898;0;0;0,275;0,547152;2,575;2,75579;0;0;
11,775;3,9968;1,275;1,28428;0,1;0,489898;0;0;0,275;0,547152;2,575;2,75579;0;0;
11,775;3,9968;1,275;1,28428;0,1;0,489898;0;0;0,25;0,53619;2,6;2,755;0;0;
11,775;3,9968;1,275;1,28428;0,1;0,489898;0;0;0,25;0,53619;2,6;2,755;0;0;
11,775;3,9968;1,25;1,23996;0,125;0,509289;0;0;0,25;0,53619;2,6;2,755;0;0;
11,775;3,9968;1,25;1,23996;0,125;0,509289;0;0;0,25;0,53619;2,6;2,755;0;0;
11,775;3,9968;1,225;1,23466;0,15;0,526783;0;0;0,25;0,53619;2,6;2,755;0;0;
11,775;3,9968;1,225;1,23466;0,15;0,526783;0;0;0,25;0,53619;2,6;2,755;0;0;
11,775;3,9968;1,225;1,23466;0,15;0,526783;0;0;0,25;0,53619;2,6;2,755;0;0;
11,775;3,9968;1,225;1,23466;0,15;0,526783;0;0;0,25;0,53619;2,6;2,755;0;0;
11,775;3,9968;1,225;1,23466;0,15;0,526783;0;0;0,25;0,53619;2,6;2,755;0;0;
11,775;3,9968;1,225;1,23466;0,1;0,3;0,05;0,31225;0,25;0,53619;2,6;2,755;0;0;
11,75;3,99218;1,25;1,23996;0,1;0,3;0;0;0,3;0,6;2,6;2,755;0;0;
11,725;3,98113;1,275;1,22449;0,1;0,3;0;0;0,3;0,6;2,6;2,755;0;0;
11,725;3,98113;1,275;1,22449;0,1;0,3;0;0;0,3;0,6;2,6;2,755;0;0;
11,725;3,98113;1,275;1,22449;0,1;0,3;0;0;0,3;0,6;2,6;2,755;0;0;
11,725;3,98113;1,25;1,21963;0,1;0,3;0,025;0,156125;0,3;0,6;2,6;2,755;0;0;
11,725;3,98113;1,25;1,21963;0,05;0,217945;0,05;0,217945;0,325;0,685109;2,6;2,755;0;0;
11,725;3,98113;1,25;1,21963;0,05;0,217945;0;0;0,375;0,764444;2,6;2,755;0;0;
11,725;3,98113;1,25;1,21963;0,05;0,217945;0;0;0,35;0,691014;2,625;2,77207;0;0;
11,7;3,995;1,275;1,24474;0,05;0,217945;0;0;0,35;0,691014;2,625;2,77207;0;0;
11,7;3,995;1,275;1,24474;0,05;0,217945;0;0;0,35;0,691014;2,625;2,77207;0;0;
11,7;3,995;1,275;1,24474;0,05;0,217945;0;0;0,35;0,691014;2,625;2,77207;0;0;
11,7;3,995;1,275;1,24474;0,025;0,156125;0,025;0,156125;0,35;0,691014;2,625;2,77207;0;0;
11,7;3,995;1,25;1,19896;0,05;0,217945;0;0;0,375;0,73101;2,625;2,77207;0;0;
11,7;3,995;1,25;1,19896;0,05;0,217945;0;0;0,375;0,73101;2,625;2,77207;0;0;
11,7;3,995;1,225;1,17234;0,075;0,263391;0;0;0,375;0,73101;2,625;2,77207;0;0;
11,7;3,995;1,225;1,17234;0,075;0,263391;0;0;0,375;0,73101;2,625;2,77207;0;0;
11,7;3,995;1,225;1,17234;0,075;0,263391;0;0;0,375;0,73101;2,625;2,77207;0;0;
11,7;3,995;1,225;1,17234;0,075;0,263391;0;0;0,375;0,73101;2,625;2,77207;0;0;
11,7;3,995;1,225;1,17234;0,075;0,263391;0;0;0,375;0,73101;2,625;2,77207;0;0;
11,7;3,995;1,225;1,17234;0,075;0,263391;0;0;0,35;0,653835;2,65;2,83328;0;0;
11,7;3,995;1,225;1,17234;0,075;0,263391;0;0;0,35;0,653835;2,65;2,83328;0;0;
11,7;3,995;1,225;1,17234;0,075;0,263391;0;0;0,35;0,653835;2,65;2,83328;0;0;
11,7;3,995;1,225;1,17234;0,075;0,263391;0;0;0,35;0,653835;2,65;2,83328;0;0;
11,7;3,995;1,225;1,17234;0,075;0,263391;0;0;0,35;0,653835;2,65;2,83328;0;0;
11,7;3,995;1,2;1,18743;0,1;0,3;0;0;0,325;0,607762;2,675;2,85821;0;0;
11,7;3,995;1,2;1,18743;0,075;0,263391;0,025;0,156125;0,325;0,607762;2,675;2,85821;0;0;
11,7;3,995;1,2;1,18743;0,075;0,263391;0;0;0,35;0,691014;2,675;2,85821;0;0;
11,7;3,995;1,2;1,18743;0,075;0,263391;0;0;0,275;0,547152;2,75;2,94746;0;0;
11,7;3,995;1,15;1,17367;0,125;0,330719;0;0;0,275;0,547152;2,75;2,94746;0;0;
11,675;3,99617;1,175;1,18084;0,1;0,3;0,025;0,156125;0,275;0,547152;2,75;2,94746;0;0;
11,675;3,99617;1,175;1,18084;0,1;0,3;0;0;0,3;0,556776;2,75;2,94746;0;0;
11,675;3,99617;1,175;1,18084;0,075;0,263391;0,025;0,156125;0,3;0,556776;2,75;2,94746;0;0;
11,675;3,99617;1,175;1,18084;0,075;0,263391;0;0;0,325;0,607762;2,75;2,94746;0;0;
11,675;3,99617;1,175;1,18084;0,075;0,263391;0;0;0,325;0,607762;2,75;2,94746;0;0;
11,675;3,99617;1,175;1,18084;0,075;0,263391;0;0;0,325;0,607762;2,75;2,94746;0;0;
11,675;3,99617;1,15;1,13027;0,1;0,3;0;0;0,325;0,607762;2,75;2,94746;0;0;
11,65;4,00344;1,175;1,15947;0,1;0,3;0;0;0,325;0,607762;2,75;2,94746;0;0;
11,65;4,00344;1,175;1,15947;0,1;0,3;0;0;0,3;0,6;2,775;2,95371;0;0;
11,65;4,00344;1,175;1,15947;0,1;0,3;0;0;0,3;0,6;2,775;2,95371;0;0;
11,65;4,00344;1,175;1,15947;0,1;0,3;0;0;0,3;0,6;2,775;2,95371;0;0;
11,65;4,00344;1,175;1,15947;0,1;0,3;0;0;0,3;0,6;2,775;2,95371;0;0;
11,65;4,00344;1,175;1,15947;0,1;0,3;0;0;0,3;0,6;2,775;2,95371;0;0;
11,65;4,00344;1,175;1,15947;0,1;0,3;0;0;0,3;0,6;2,775;2,95371;0;0;
11,65;4,00344;1,175;1,15947;0,1;0,3;0;0;0,3;0,6;2,775;2,95371;0;0;
11,65;4,00344;1,175;1,15947;0,1;0,3;0;0;0,3;0,6;2,775;2,95371;0;0;
11,625;4,02298;1,2;1,2083;0,075;0,263391;0,025;0,156125;0,3;0,6;2,775;2,95371;0;0;
11,625;4,02298;1,2;1,2083;0,075;0,263391;0;0;0,325;0,607762;2,775;2,95371;0;0;
11,625;4,02298;1,2;1,2083;0,075;0,263391;0;0;0,325;0,607762;2,775;2,95371;0;0;
11,6;4,02989;1,175;1,11552;0,125;0,330719;0;0;0,325;0,607762;2,775;2,95371;0;0;
11,6;4,02989;1,175;1,11552;0,125;0,330719;0;0;0,325;0,607762;2,775;2,95371;0;0;
11,6;4,02989;1,175;1,11552;0,125;0,330719;0;0;0,325;0,607762;2,775;2,95371;0;0;
11,6;4,02989;1,175;1,11552;0,125;0,330719;0;0;0,3;0,6;2,8;3,0348;0;0;
11,575;4,049;1,2;1,14455;0,125;0,330719;0;0;0,275;0,59108;2,825;3,07317;0;0;
11,575;4,049;1,2;1,14455;0,1;0,3;0,025;0,156125;0,275;0,59108;2,825;3,07317;0;0;
11,55;4,11673;1,225;1,17234;0,1;0,3;0;0;0,3;0,640312;2,825;3,07317;0;0;
11,525;4,11696;1,25;1,19896;0,1;0,3;0;0;0,3;0,640312;2,825;3,07317;0;0;
11,5;4,15933;1,275;1,24474;0,1;0,3;0;0;0,275;0,59108;2,85;3,07042;0;0;
11,5;4,15933;1,275;1,24474;0,075;0,263391;0,025;0,156125;0,25;0,53619;2,875;3,0999;0;0;
11,5;4,15933;1,275;1,24474;0,075;0,263391;0;0;0,275;0,547152;2,875;3,0999;0;0;
11,5;4,15933;1,275;1,24474;0,075;0,263391;0;0;0,275;0,547152;2,875;3,0999;0;0;
11,5;4,15933;1,275;1,24474;0,075;0,263391;0;0;0,275;0,547152;2,875;3,0999;0;0;
11,5;4,15933;1,275;1,24474;0,075;0,263391;0;0;0,275;0,547152;2,875;3,0999;0;0;
11,5;4,15933;1,275;1,24474;0,075;0,263391;0;0;0,275;0,547152;2,875;3,0999;0;0;
11,5;4,15933;1,275;1,24474;0,05;0,217945;0,025;0,156125;0,275;0,547152;2,875;3,0999;0;0;
11,5;4,15933;1,275;1,24474;0,05;0,217945;0;0;0,3;0,556776;2,875;3,0999;0;0;
11,5;4,15933;1,275;1,24474;0,05;0,217945;0;0;0,275;0,499375;2,9;3,1607;0;0;
11,5;4,15933;1,275;1,24474;0,05;0,217945;0;0;0,275;0,499375;2,9;3,1607;0;0;
11,5;4,15933;1,275;1,24474;0,05;0,217945;0;0;0,25;0,48734;2,925;3,1495;0;0;
11,5;4,15933;1,25;1,25996;0,05;0,217945;0,025;0,156125;0,25;0,48734;2,925;3,1495;0;0;
11,5;4,15933;1,225;1,23466;0,075;0,263391;0;0;0,275;0,499375;2,925;3,1495;0;0;
11,5;4,15933;1,225;1,23466;0,075;0,263391;0;0;0,275;0,499375;2,925;3,1495;0;0;
11,5;4,15933;1,225;1,23466;0,075;0,263391;0;0;0,275;0,499375;2,925;3,1495;0;0;
11,5;4,15933;1,2;1,2083;0,075;0,263391;0,025;0,156125;0,275;0,499375;2,925;3,1495;0;0;
11,475;4,20112;1,225;1,25474;0,05;0,217945;0,025;0,156125;0,3;0,556776;2,925;3,1495;0;0;
11,475;4,20112;1,225;1,25474;0,05;0,217945;0;0;0,325;0,607762;2,925;3,1495;0;0;
11,475;4,20112;1,225;1,25474;0,05;0,217945;0;0;0,325;0,607762;2,925;3,1495;0;0;
11,475;4,20112;1,225;1,25474;0,05;0,217945;0;0;0,325;0,607762;2,925;3,1495;0;0;
11,475;4,20112;1,225;1,25474;0,05;0,217945;0;0;0,325;0,607762;2,925;3,1495;0;0;
11,475;4,20112;1,225;1,25474;0,05;0,217945;0;0;0,325;0,607762;2,925;3,1495;0;0;
11,475;4,20112;1,225;1,25474;0,05;0,217945;0;0;0,325;0,607762;2,925;3,1495;0;0;
11,475;4,20112;1,225;1,25474;0,05;0,217945;0;0;0,325;0,607762;2,925;3,1495;0;0;
11,475;4,20112;1,225;1,25474;0,05;0,217945;0;0;0,325;0,607762;2,925;3,1495;0;0;
11,475;4,20112;1,225;1,25474;0,05;0,217945;0;0;0,3;0,556776;2,95;3,13807;0;0;
11,475;4,20112;1,225;1,25474;0,05;0,217945;0;0;0,3;0,556776;2,95;3,13807;0;0;
11,475;4,20112;1,225;1,25474;0,05;0,217945;0;0;0,3;0,556776;2,95;3,13807;0;0;
11,45;4,22463;1,25;1,31814;0,05;0,217945;0;0;0,3;0,556776;2,95;3,13807;0;0;
11,45;4,22463;1,25;1,31814;0,05;0,217945;0;0;0,3;0,556776;2,95;3,13807;0;0;
11,45;4,22463;1,25;1,31814;0,05;0,217945;0;0;0,3;0,556776;2,95;3,13807;0;0;
11,425;4,27719;1,275;1,3036;0,05;0,217945;0;0;0,275;0,547152;2,975;3,14235;0;0;
11,425;4,27719;1,275;1,3036;0,05;0,217945;0;0;0,275;0,547152;2,975;3,14235;0;0;
11,425;4,27719;1,275;1,3036;0,05;0,217945;0;0;0,275;0,547152;2,975;3,14235;0;0;
11,425;4,27719;1,275;1,3036;0,05;0,217945;0;0;0,275;0,547152;2,975;3,14235;0;0;
11,425;4,27719;1,275;1,3036;0,05;0,217945;0;0;0,275;0,547152;2,975;3,14235;0;0;
11,425;4,27719;1,275;1,3036;0,05;0,217945;0;0;0,25;0,53619;3;3,15436;0;0;
11,425;4,27719;1,275;1,3036;0,05;0,217945;0;0;0,25;0,53619;3;3,15436;0;0;
11,425;4,27719;1,275;1,3036;0,05;0,217945;0;0;0,25;0,53619;3;3,15436;0;0;
11,425;4,27719;1,275;1,3036;0,05;0,217945;0;0;0,225;0,473682;3,025;3,22093;0;0;
11,425;4,27719;1,25;1,31814;0,075;0,263391;0;0;0,225;0,473682;3,025;3,22093;0;0;
11,425;4,27719;1,25;1,31814;0,075;0,263391;0;0;0,225;0,473682;3,025;3,22093;0;0;
11,425;4,27719;1,25;1,31814;0,075;0,263391;0;0;0,225;0,473682;3,025;3,22093;0;0;
11,4;4,28836;1,275;1,3036;0,075;0,263391;0;0;0,225;0,473682;3,025;3,22093;0;0;
11,4;4,28836;1,25;1,29904;0,1;0,374166;0;0;0,225;0,473682;3,025;3,22093;0;0;
11,4;4,28836;1,25;1,29904;0,1;0,374166;0;0;0,225;0,473682;3,025;3,22093;0;0;
11,4;4,28836;1,25;1,29904;0,1;0,374166;0;0;0,225;0,473682;3,025;3,22093;0;0;
11,4;4,28836;1,25;1,29904;0,075;0,263391;0,025;0,156125;0,225;0,473682;3,025;3,22093;0;0;
11,4;4,28836;1,25;1,29904;0,05;0,217945;0,025;0,156125;0,25;0,53619;3,025;3,22093;0;0;
11,375;4,31676;1,275;1,37818;0,05;0,217945;0;0;0,275;0,59108;3,025;3,22093;0;0;
11,375;4,31676;1,275;1,37818;0,05;0,217945;0;0;0,275;0,59108;3,025;3,22093;0;0;
11,375;4,31676;1,275;1,37818;0,05;0,217945;0;0;0,275;0,59108;3,025;3,22093;0;0;
11,375;4,31676;1,275;1,37818;0,05;0,217945;0;0;0,275;0,59108;3,025;3,22093;0;0;
11,375;4,31676;1,275;1,37818;0,025;0,156125;0,025;0,156125;0,275;0,59108;3,025;3,22093;0;0;
11,375;4,31676;1,275;1,37818;0,025;0,156125;0;0;0,3;0,678233;3,025;3,22093;0;0;
11,375;4,31676;1,275;1,37818;0,025;0,156125;0;0;0,3;0,678233;3,025;3,22093;0;0;
11,375;4,31676;1,275;1,37818;0,025;0,156125;0;0;0,3;0,678233;3,025;3,22093;0;0;
11,375;4,31676;1,275;1,37818;0,025;0,156125;0;0;0,3;0,678233;3,025;3,22093;0;0;
11,375;4,31676;1,275;1,37818;0,025;0,156125;0;0;0,275;0,631961;3,05;3,29355;0;0;
11,375;4,31676;1,275;1,37818;0,025;0,156125;0;0;0,275;0,631961;3,05;3,29355;0;0;
11,375;4,31676;1,25;1,35554;0,05;0,217945;0;0;0,275;0,631961;3,05;3,29355;0;0;
11,375;4,31676;1,25;1,35554;0,05;0,217945;0;0;0,275;0,631961;3,05;3,29355;0;0;
11,375;4,31676;1,25;1,35554;0,05;0,217945;0;0;0,275;0,631961;3,05;3,29355;0;0;
11,375;4,31676;1,25;1,35554;0,05;0,217945;0;0;0,275;0,631961;3,05;3,29355;0;0;
11,375;4,31676;1,25;1,35554;0,05;0,217945;0;0;0,275;0,631961;3,05;3,29355;0;0;
11,35;4,33907;1,275;1,35992;0,05;0,217945;0;0;0,275;0,631961;3,05;3,29355;0;0;
11,35;4,33907;1,275;1,35992;0,05;0,217945;0;0;0,275;0,631961;3,05;3,29355;0;0;
11,35;4,33907;1,275;1,35992;0,05;0,217945;0;0;0,275;0,631961;3,05;3,29355;0;0;
11,35;4,33907;1,275;1,35992;0,05;0,217945;0;0;0,275;0,631961;3,05;3,29355;0;0;
11,35;4,33907;1,25;1,27965;0,075;0,263391;0;0;0,275;0,631961;3,05;3,29355;0;0;
11,35;4,33907;1,25;1,27965;0,05;0,217945;0,025;0,156125;0,275;0,631961;3,05;3,29355;0;0;
11,35;4,33907;1,25;1,27965;0,05;0,217945;0;0;0,3;0,640312;3,05;3,29355;0;0;
11,35;4,33907;1,25;1,27965;0,05;0,217945;0;0;0,3;0,640312;3,05;3,29355;0;0;
11,35;4,33907;1,25;1,27965;0,05;0,217945;0;0;0,3;0,640312;3,05;3,29355;0;0;
11,35;4,33907;1,25;1,27965;0,05;0,217945;0;0;0,3;0,640312;3,05;3,29355;0;0;
11,35;4,33907;1,25;1,27965;0,05;0,217945;0;0;0,3;0,640312;3,05;3,29355;0;0;
11,35;4,33907;1,25;1,27965;0,05;0,217945;0;0;0,3;0,640312;3,05;3,29355;0;0;
11,35;4,33907;1,25;1,27965;0,05;0,217945;0;0;0,3;0,640312;3,05;3,29355;0;0;
11,35;4,33907;1,25;1,27965;0,05;0,217945;0;0;0,3;0,640312;3,05;3,29355;0;0;
11,35;4,33907;1,25;1,27965;0,025;0,156125;0,025;0,156125;0,3;0,640312;3,05;3,29355;0;0;
11,35;4,33907;1,25;1,27965;0,025;0,156125;0;0;0,325;0,647592;3,05;3,29355;0;0;
11,35;4,33907;1,25;1,27965;0,025;0,156125;0;0;0,325;0,647592;3,05;3,29355;0;0;
11,35;4,33907;1,25;1,27965;0,025;0,156125;0;0;0,325;0,647592;3,05;3,29355;0;0;
11,35;4,33907;1,25;1,27965;0,025;0,156125;0;0;0,325;0,647592;3,05;3,29355;0;0;
11,35;4,33907;1,25;1,27965;0,025;0,156125;0;0;0,325;0,647592;3,05;3,29355;0;0;
11,35;4,33907;1,25;1,27965;0,025;0,156125;0;0;0,325;0,647592;3,05;3,29355;0;0;
11,35;4,33907;1,25;1,27965;0,025;0,156125;0;0;0,325;0,647592;3,05;3,29355;0;0;
11,35;4,33907;1,25;1,27965;0,025;0,156125;0;0;0,325;0,647592;3,05;3,29355;0;0;
11,35;4,33907;1,25;1,27965;0,025;0,156125;0;0;0,325;0,647592;3,05;3,29355;0;0;
11,35;4,33907;1,25;1,27965;0,025;0,156125;0;0;0,325;0,647592;3,05;3,29355;0;0;
11,325;4,37257;1,275;1,35992;0,025;0,156125;0;0;0,325;0,647592;3,05;3,29355;0;0;
11,325;4,37257;1,275;1,35992;0,025;0,156125;0;0;0,325;0,647592;3,05;3,29355;0;0;
11,325;4,37257;1,275;1,35992;0;0;0,025;0,156125;0,325;0,647592;3,05;3,29355;0;0;
11,325;4,37257;1,275;1,35992;0;0;0;0;0,35;0,691014;3,05;3,29355;0;0;
11,325;4,37257;1,275;1,35992;0;0;0;0;0,35;0,691014;3,05;3,29355;0;0;
11,325;4,37257;1,275;1,35992;0;0;0;0;0,35;0,691014;3,05;3,29355;0;0;
11,325;4,37257;1,275;1,35992;0;0;0;0;0,35;0,691014;3,05;3,29355;0;0;
11,325;4,37257;1,25;1,27965;0,025;0,156125;0;0;0,325;0,647592;3,075;3,35699;0;0;
11,325;4,37257;1,25;1,27965;0,025;0,156125;0;0;0,325;0,647592;3,075;3,35699;0;0;
