0;5000;0;0;0;0;0;0;0
1;4997;0;3;0;0;0;0;0
2;4997;0;3;0;0;0;0;0
3;4996;0;3;0;0;0;0;0
4;4996;0;3;0;0;0;0;0
5;4996;0;3;0;0;0;0;0
6;4996;0;3;0;0;0;0;0
7;4996;0;3;0;0;0;0;0
8;4996;0;3;0;0;0;0;0
9;4996;0;3;0;0;0;0;0
10;4996;0;3;0;0;0;0;0
11;4996;0;3;0;0;0;0;0
12;4996;0;3;0;0;0;0;0
13;4996;0;3;0;0;0;0;0
14;4996;0;3;0;0;0;0;0
15;4996;0;3;0;0;0;0;0
16;4996;1;3;1;0;0;0;0
17;4995;1;4;1;0;0;0;0
18;4995;1;4;1;0;0;0;0
19;4995;1;4;1;0;0;0;0
20;4995;1;4;1;0;0;0;0
21;4995;1;4;1;0;0;0;0
22;4995;1;4;1;0;0;0;0
23;4995;1;4;1;0;0;0;0
24;4994;1;5;1;0;0;0;0
25;4994;1;5;1;0;0;0;0
26;4994;1;5;1;0;0;0;0
27;4994;1;5;1;0;0;0;0
28;4994;1;5;1;0;0;0;0
29;4993;2;6;2;0;0;0;0
30;4993;2;6;2;0;0;0;0
31;4993;2;6;2;0;0;0;0
32;4993;2;6;2;0;0;0;0
33;4993;2;6;2;0;0;0;0
34;4992;2;7;2;0;0;0;0
35;4992;2;7;2;0;0;0;0
36;4992;3;7;3;0;0;0;0
37;4992;3;8;3;0;0;0;0
38;4991;3;8;3;0;0;0;0
39;4991;3;8;3;0;0;0;0
40;4991;3;8;3;0;0;0;0
41;4990;4;9;4;0;0;0;0
42;4990;4;9;4;0;0;0;0
43;4990;4;9;4;0;0;0;0
44;4989;4;9;4;0;0;0;0
45;4989;4;9;4;1;0;0;0
46;4989;4;9;4;1;0;0;0
47;4988;5;9;5;1;0;0;0
48;4988;5;9;5;1;0;0;0
49;4988;5;9;5;2;0;0;0
50;4987;5;9;5;2;0;0;0
51;4987;5;9;5;2;0;0;0
52;4987;5;9;5;3;0;0;0
53;4986;6;10;6;3;0;0;0
54;4986;6;10;6;3;0;0;0
55;4986;6;10;6;3;0;0;0
56;4985;6;10;6;3;0;0;0
57;4985;6;11;6;3;0;0;0
58;4985;7;11;6;3;0;0;0
59;4984;7;11;7;3;0;0;0
60;4984;7;12;7;3;0;0;0
61;4983;8;12;7;3;0;0;0
62;4983;8;12;8;3;1;0;0
63;4982;8;13;8;3;1;0;0
64;4982;9;13;8;4;1;0;0
65;4981;9;14;8;4;1;0;0
66;4981;9;14;8;4;1;0;0
67;4980;10;14;9;4;1;0;0
68;4980;10;14;9;4;1;0;0
69;4979;10;15;9;4;1;0;0
70;4979;10;15;9;4;1;0;0
71;4978;11;16;10;5;1;0;0
72;4977;11;16;10;5;1;0;0
73;4977;12;17;10;5;1;0;0
74;4976;12;17;11;5;1;0;0
75;4976;12;17;11;5;2;0;0
76;4975;13;18;11;5;2;0;0
77;4974;13;18;12;6;2;0;0
78;4974;14;19;12;6;2;0;0
79;4973;14;19;12;6;2;0;0
80;4972;14;20;12;6;2;0;0
81;4972;15;20;13;7;2;0;0
82;4971;15;21;13;7;2;0;0
83;4970;16;21;14;7;3;0;0
84;4970;16;21;14;7;3;0;0
85;4969;17;22;14;8;3;0;0
86;4968;17;22;14;8;3;0;0
87;4967;18;23;14;8;3;0;0
88;4967;18;23;15;9;4;0;0
89;4966;19;23;15;9;4;0;0
90;4965;19;24;15;9;4;0;0
91;4964;19;24;16;10;4;0;0
92;4963;20;25;16;10;4;0;0
93;4963;21;26;17;10;4;0;0
94;4962;22;26;18;10;4;0;0
95;4961;22;27;18;11;5;0;0
96;4960;23;27;18;11;5;0;0
97;4959;24;28;19;12;5;0;0
98;4958;24;29;19;12;5;0;0
99;4957;25;29;20;12;5;0;0
100;4956;25;30;20;12;5;0;0
101;4955;26;31;21;13;6;0;0
102;4954;27;32;21;13;6;0;0
103;4952;28;32;22;13;6;0;0
104;4951;29;33;22;14;6;0;0
105;4951;29;33;23;14;7;0;0
106;4949;30;34;23;15;7;0;0
107;4948;31;35;24;15;7;0;0
108;4947;32;36;25;15;7;0;0
109;4946;33;36;25;16;8;0;0
110;4945;34;37;26;16;8;0;0
111;4943;35;38;26;17;8;0;0
112;4942;36;39;27;17;8;0;0
113;4941;36;39;27;18;9;0;0
114;4940;37;40;28;19;9;0;0
115;4938;38;41;29;19;10;0;0
116;4937;39;42;29;20;10;0;0
117;4935;40;43;30;20;10;0;0
118;4934;41;44;31;20;10;0;0
119;4932;43;44;31;21;11;0;0
120;4931;44;45;32;22;11;0;0
121;4929;45;47;33;22;12;0;0
122;4927;46;47;33;23;12;0;0
123;4926;47;49;34;24;12;0;0
124;4924;48;50;35;24;13;0;0
125;4923;49;51;36;25;13;0;0
126;4921;51;52;37;25;14;0;0
127;4919;52;53;38;26;14;0;0
128;4917;54;54;39;27;15;0;0
129;4915;55;55;39;28;15;0;0
130;4913;56;56;41;28;15;0;0
131;4911;58;58;42;29;16;0;0
132;4910;59;58;43;30;16;0;0
133;4908;61;60;43;30;17;0;0
134;4906;62;61;44;31;17;0;0
135;4904;63;62;45;32;18;0;0
136;4902;65;64;46;32;18;0;1
137;4899;66;65;47;34;19;0;1
138;4897;68;66;48;34;19;0;1
139;4895;70;67;49;35;20;0;1
140;4893;71;69;51;36;20;0;1
141;4890;73;71;52;37;21;0;1
142;4888;75;72;53;38;22;0;1
143;4886;76;73;53;39;23;0;1
144;4883;78;75;55;40;23;0;1
145;4881;80;76;56;41;24;0;1
146;4878;82;78;57;42;24;0;1
147;4875;84;80;58;43;25;0;1
148;4872;85;81;59;44;26;0;1
149;4870;87;83;61;45;26;0;1
150;4867;89;85;62;46;27;0;1
151;4864;91;87;63;47;28;1;1
152;4861;93;89;64;48;29;1;1
153;4858;95;90;65;49;30;1;1
154;4855;97;92;66;50;31;1;1
155;4852;99;93;67;52;32;1;1
156;4849;101;96;68;53;32;1;1
157;4846;104;98;70;54;33;1;1
158;4842;107;100;72;55;34;1;1
159;4839;109;102;74;56;35;1;1
160;4836;111;104;75;57;36;1;1
161;4832;114;107;77;59;37;1;1
162;4829;116;109;78;60;38;1;1
163;4825;119;112;80;61;39;1;1
164;4821;121;113;81;63;40;1;1
165;4817;124;116;83;64;41;1;1
166;4813;127;118;84;66;42;1;1
167;4809;129;121;85;67;43;1;1
168;4805;132;123;87;69;44;1;1
169;4801;134;126;88;70;46;1;1
170;4797;137;127;89;73;47;1;1
171;4793;139;130;91;74;48;1;1
172;4789;142;132;92;76;49;1;1
173;4785;145;135;94;77;50;1;1
174;4780;149;137;96;79;52;1;1
175;4776;152;140;98;81;53;1;1
176;4771;155;143;100;83;54;1;1
177;4766;159;146;103;84;55;1;1
178;4761;162;149;104;87;57;1;1
179;4756;166;152;106;88;58;1;1
180;4751;169;155;108;90;60;1;1
181;4746;172;158;110;92;61;1;1
182;4741;175;162;112;94;62;1;1
183;4735;179;165;114;96;64;2;1
184;4730;183;168;116;98;66;2;1
185;4725;186;171;118;100;67;2;2
186;4719;191;175;121;103;69;2;2
187;4714;194;178;123;105;71;2;2
188;4708;198;182;125;107;72;2;2
189;4702;202;184;127;110;74;2;2
190;4696;206;188;129;112;76;2;2
191;4691;209;190;131;115;77;2;2
192;4684;213;194;133;117;79;2;2
193;4678;217;198;135;120;81;2;2
194;4672;221;202;137;122;83;2;2
195;4664;225;206;140;125;84;2;2
196;4658;229;210;142;128;86;2;2
197;4651;234;214;145;130;88;2;2
198;4644;238;217;145;134;91;2;2
199;4637;243;222;149;137;92;2;2
200;4630;248;226;151;140;95;2;2
201;4622;253;231;155;142;97;2;2
202;4614;258;236;158;146;99;2;2
203;4608;262;239;160;149;101;3;2
204;4600;267;244;162;152;104;3;2
205;4593;271;247;163;155;106;3;2
206;4586;275;252;165;158;108;3;2
207;4577;280;256;168;162;111;3;2
208;4570;285;260;171;165;113;3;2
209;4562;290;264;173;169;116;3;2
210;4553;295;270;176;172;117;3;2
211;4544;300;275;179;176;120;3;2
212;4536;305;279;182;180;122;3;2
213;4528;310;284;184;183;125;3;2
214;4519;315;288;186;188;128;3;2
215;4511;320;293;188;192;131;3;3
216;4501;326;298;191;196;134;3;3
217;4492;331;303;194;200;136;3;3
218;4483;337;309;197;203;138;4;3
219;4472;343;314;200;208;142;4;3
220;4463;349;320;203;212;144;4;3
221;4453;355;325;207;216;147;4;3
222;4444;360;330;208;221;150;4;3
223;4433;366;336;212;225;152;4;3
224;4423;372;341;214;230;157;4;3
225;4413;378;347;217;235;160;4;3
226;4402;384;352;220;240;163;4;3
227;4392;391;357;223;245;166;4;3
228;4381;397;362;225;250;170;4;3
229;4371;403;368;228;255;173;4;4
230;4359;409;373;229;261;178;5;4
231;4348;415;379;233;266;181;5;4
232;4337;421;385;235;271;185;5;4
233;4325;428;391;238;277;188;5;4
234;4314;434;398;241;282;191;5;4
235;4303;439;403;243;287;195;5;4
236;4291;445;409;244;293;199;5;4
237;4279;451;415;247;298;202;5;4
238;4267;458;421;250;305;206;5;4
239;4256;464;426;252;311;210;6;4
240;4243;471;432;255;317;214;6;4
241;4231;477;438;258;324;218;6;4
242;4219;484;443;260;330;222;6;5
243;4206;491;449;263;337;226;6;5
244;4193;497;455;265;344;230;6;5
245;4180;504;462;267;351;235;7;5
246;4167;510;467;269;358;239;7;5
247;4155;517;473;272;364;243;7;5
248;4141;524;478;274;372;248;7;5
249;4128;531;484;277;379;253;7;5
250;4114;538;491;279;386;258;7;5
251;4100;545;497;281;393;262;8;6
252;4087;552;502;283;402;268;8;6
253;4073;558;509;285;408;271;8;6
254;4060;565;514;287;417;276;8;6
255;4045;572;521;289;424;281;8;6
256;4031;579;527;292;431;285;8;6
257;4017;586;532;293;441;292;8;6
258;4002;593;539;296;449;296;8;6
259;3988;600;544;297;457;301;9;6
260;3973;606;551;300;465;306;9;6
261;3958;613;557;300;474;311;9;6
262;3944;619;563;302;483;316;9;7
263;3929;627;568;303;492;322;10;7
264;3914;633;573;304;501;328;10;7
265;3899;639;579;305;511;333;10;7
266;3883;646;585;307;520;338;10;7
267;3868;652;591;308;529;344;10;7
268;3854;658;595;309;539;349;11;7
269;3839;665;601;310;548;355;11;7
270;3823;671;606;310;559;361;11;7
271;3808;677;611;312;568;365;11;7
272;3792;685;617;314;577;371;11;8
273;3776;691;623;315;588;377;11;8
274;3761;697;626;314;599;384;12;8
275;3746;703;631;314;609;390;12;8
276;3730;709;636;314;620;396;12;8
277;3714;715;642;314;630;402;12;8
278;3698;722;646;315;642;408;13;9
279;3681;728;650;315;654;415;13;9
280;3665;734;657;315;663;421;13;9
281;3649;739;660;315;676;427;13;9
282;3633;745;664;315;687;433;13;9
283;3618;751;668;315;699;439;14;9
284;3603;756;673;314;709;445;14;9
285;3587;761;676;314;722;452;14;9
286;3570;767;681;314;733;458;14;9
287;3553;773;685;314;746;464;14;10
288;3537;778;690;313;757;470;15;10
289;3520;783;693;312;770;476;15;10
290;3505;788;696;311;782;484;15;10
291;3488;793;700;311;795;489;16;10
292;3471;800;704;311;808;496;16;10
293;3455;805;707;310;820;504;16;10
294;3438;811;711;309;832;510;17;11
295;3422;816;714;307;846;517;17;11
296;3405;822;718;308;858;523;17;11
297;3389;826;721;307;871;530;17;11
298;3371;831;726;306;884;535;17;11
299;3354;835;729;305;898;542;18;11
300;3337;840;732;304;911;549;18;11
301;3320;845;735;303;925;556;18;11
302;3304;848;736;301;939;562;18;11
303;3288;852;738;299;954;569;19;12
304;3271;857;740;298;968;576;19;12
305;3255;861;742;295;982;583;19;12
306;3239;865;744;294;997;590;19;12
307;3222;869;747;293;1010;596;20;12
308;3206;872;748;291;1025;603;20;12
309;3190;875;749;289;1039;609;20;12
310;3175;879;748;286;1055;617;20;12
311;3159;882;750;286;1069;622;21;13
312;3143;885;750;284;1084;628;21;13
313;3127;888;752;282;1099;635;21;13
314;3110;891;752;280;1114;641;22;13
315;3094;895;754;279;1128;647;22;13
316;3077;899;755;278;1144;655;22;13
317;3061;901;758;277;1157;659;22;13
318;3044;905;758;275;1174;667;23;13
319;3028;908;758;274;1189;672;23;13
320;3014;911;758;273;1203;678;23;14
321;2997;914;758;271;1219;685;23;14
322;2981;917;758;270;1235;692;24;14
323;2965;920;759;269;1250;698;24;14
324;2949;922;760;267;1265;704;25;14
325;2934;924;759;266;1281;709;25;14
326;2918;925;760;265;1295;715;25;14
327;2902;928;759;263;1312;721;25;14
328;2885;930;759;263;1328;726;26;15
329;2870;933;758;261;1345;732;26;15
330;2855;935;758;261;1359;737;26;15
331;2839;937;759;260;1374;742;26;15
332;2824;939;756;258;1391;747;27;15
333;2808;940;755;257;1407;753;27;15
334;2793;942;756;257;1422;759;27;15
335;2778;944;754;255;1439;763;27;15
336;2762;945;754;255;1454;769;28;15
337;2748;947;752;254;1471;775;28;16
338;2733;949;749;254;1488;780;28;16
339;2718;950;747;252;1505;786;29;16
340;2704;951;745;252;1520;791;29;16
341;2690;952;743;251;1537;796;29;16
342;2674;953;741;251;1553;802;30;16
343;2660;954;739;250;1570;807;30;16
344;2646;955;736;249;1586;810;30;16
345;2631;956;735;250;1601;816;31;16
346;2618;958;732;248;1618;820;31;17
347;2604;958;728;248;1635;826;31;17
348;2591;958;724;248;1652;829;32;17
349;2577;959;723;249;1666;833;32;17
350;2564;960;718;248;1684;837;32;17
351;2551;960;716;247;1699;841;33;17
352;2537;962;712;247;1716;845;33;17
353;2524;962;709;247;1732;849;33;17
354;2512;962;706;246;1747;852;33;17
355;2499;962;702;246;1763;855;33;17
356;2486;962;700;246;1779;859;34;17
357;2473;962;696;247;1795;863;34;17
358;2460;962;693;249;1810;866;34;17
359;2446;962;691;248;1826;869;35;17
360;2434;963;687;250;1843;874;35;17
361;2421;963;683;248;1859;875;35;18
362;2409;963;679;249;1874;879;36;18
363;2396;963;676;250;1890;881;36;18
364;2384;963;672;250;1906;885;36;18
365;2373;963;667;251;1921;888;36;18
366;2360;962;663;251;1938;891;37;18
367;2348;962;660;252;1953;893;37;18
368;2337;963;655;253;1969;896;37;18
369;2325;963;651;254;1984;899;38;18
370;2314;962;647;254;2000;901;38;18
371;2303;961;641;255;2016;904;38;18
372;2293;961;637;256;2030;907;39;18
373;2282;960;630;255;2047;909;39;18
374;2272;960;626;256;2062;910;39;18
375;2261;960;621;257;2077;913;39;18
376;2250;959;616;258;2092;915;39;18
377;2240;958;610;257;2109;917;40;19
378;2230;958;606;258;2123;919;40;19
379;2219;957;600;259;2139;921;40;19
380;2209;957;596;260;2153;923;41;19
381;2199;956;591;260;2168;925;41;19
382;2188;956;585;260;2184;927;41;19
383;2179;955;580;260;2198;928;42;19
384;2168;954;575;262;2213;929;42;19
385;2159;954;568;260;2229;930;42;19
386;2149;953;565;262;2241;932;43;19
387;2140;952;558;260;2257;932;43;19
388;2130;951;554;262;2272;934;43;19
389;2121;951;549;263;2285;935;43;19
390;2112;949;545;264;2298;935;44;19
391;2102;949;539;265;2313;937;44;19
392;2093;947;535;266;2326;939;44;19
393;2085;947;530;266;2339;939;45;19
394;2076;946;524;266;2354;940;45;19
395;2067;945;520;267;2367;940;45;19
396;2058;945;516;268;2380;941;46;19
397;2049;943;511;268;2392;941;46;19
398;2041;943;506;268;2405;942;46;19
399;2034;942;500;267;2419;942;46;19
400;2025;941;496;268;2431;943;46;19
401;2018;941;490;267;2444;943;47;19
402;2011;939;483;267;2457;943;47;19
403;2003;938;478;266;2470;943;47;19
404;1996;938;473;265;2482;943;47;19
405;1989;937;467;265;2495;944;47;19
406;1982;936;461;265;2507;944;48;19
407;1974;935;457;266;2519;944;48;19
408;1967;934;450;266;2532;944;48;19
409;1960;933;446;266;2544;944;48;19
410;1953;933;440;265;2557;945;49;19
411;1946;932;434;264;2569;945;49;19
412;1939;931;430;264;2580;945;49;19
413;1933;931;423;263;2592;944;49;19
414;1926;929;418;262;2605;944;49;19
415;1920;928;413;263;2616;944;49;19
416;1914;928;408;262;2627;944;50;19
417;1908;927;404;262;2637;944;50;19
418;1901;926;400;262;2647;943;50;19
419;1895;925;394;262;2659;943;50;19
420;1889;924;390;260;2669;942;51;19
421;1882;923;386;261;2679;941;51;19
422;1877;922;380;260;2691;941;51;19
423;1871;921;376;259;2700;940;51;19
424;1865;920;372;260;2709;940;51;19
425;1860;920;368;259;2719;940;51;19
426;1854;919;362;257;2730;939;52;19
427;1849;918;356;255;2741;938;52;19
428;1843;918;353;255;2751;938;52;19
429;1837;917;349;255;2760;938;52;19
430;1832;916;343;253;2770;937;53;19
431;1827;916;339;253;2780;936;53;19
432;1822;915;334;251;2790;935;53;19
433;1817;914;329;249;2799;935;53;19
434;1813;914;324;246;2809;933;53;19
435;1808;913;319;247;2818;933;53;19
436;1803;912;314;244;2828;932;53;19
437;1798;911;310;243;2836;931;54;19
438;1794;911;305;242;2846;931;54;19
439;1790;910;301;241;2854;930;54;19
440;1785;909;297;240;2862;928;54;19
441;1781;909;291;238;2872;928;54;19
442;1776;908;288;238;2880;928;54;18
443;1772;907;284;236;2888;927;54;18
444;1768;907;280;235;2896;926;55;18
445;1763;906;276;234;2904;925;55;18
446;1759;906;272;232;2912;923;55;18
447;1756;906;268;231;2920;923;55;18
448;1751;905;264;230;2928;923;55;18
449;1747;904;261;229;2935;922;55;18
450;1744;903;256;228;2943;921;55;18
451;1740;903;253;227;2949;920;56;18
452;1736;902;250;226;2956;919;56;18
453;1732;902;247;225;2963;919;56;18
454;1729;901;243;222;2970;917;56;18
455;1726;901;239;220;2977;916;56;18
456;1723;901;236;219;2983;915;56;18
457;1719;900;231;216;2991;914;56;18
458;1716;900;228;216;2998;914;56;18
459;1713;899;225;214;3004;913;56;18
460;1710;899;221;212;3011;912;56;18
461;1706;898;218;211;3017;912;57;18
462;1703;898;214;210;3024;911;57;18
463;1700;897;211;208;3031;910;57;18
464;1697;897;208;207;3036;910;57;18
465;1695;896;204;204;3042;908;57;18
466;1692;896;200;202;3049;907;57;18
467;1690;895;197;202;3054;907;57;18
468;1687;895;194;201;3060;906;57;18
469;1684;894;191;199;3066;905;57;18
470;1681;894;188;197;3072;905;57;18
471;1679;894;184;195;3078;904;57;18
472;1676;893;181;193;3083;903;58;18
473;1674;892;178;190;3089;901;58;18
474;1671;892;175;189;3094;901;58;18
475;1669;892;172;187;3099;900;58;18
476;1667;891;169;186;3105;900;58;18
477;1665;890;165;184;3110;899;58;18
478;1662;890;163;183;3115;899;58;18
479;1660;890;160;181;3120;898;58;18
480;1658;889;158;181;3124;897;58;18
481;1655;889;156;180;3129;897;59;18
482;1653;888;154;179;3133;896;59;18
483;1651;888;151;178;3137;895;59;18
484;1648;887;149;177;3142;895;59;18
485;1646;887;147;176;3147;894;59;18
486;1644;887;144;174;3151;893;59;18
487;1642;887;142;172;3156;893;59;18
488;1640;886;140;171;3160;892;59;18
489;1638;886;137;169;3164;891;59;18
490;1636;885;134;167;3169;891;59;18
491;1635;885;131;166;3173;890;59;18
492;1633;885;129;163;3177;890;59;18
493;1631;885;127;163;3181;889;59;18
494;1629;884;125;162;3185;889;59;18
495;1628;884;122;161;3188;888;60;18
496;1626;884;121;160;3191;888;60;17
497;1625;884;118;157;3196;887;60;17
498;1623;884;116;156;3199;887;60;17
499;1622;883;114;154;3203;886;60;17
500;1620;883;112;153;3207;885;60;17
501;1618;883;110;152;3210;885;60;17
502;1617;882;108;151;3213;884;60;17
503;1615;882;106;148;3217;884;60;17
504;1614;882;104;148;3220;884;60;17
505;1613;882;102;146;3223;883;60;17
506;1611;881;100;146;3227;883;60;17
507;1610;881;98;145;3230;882;60;17
508;1608;881;97;144;3233;881;60;17
509;1607;880;95;144;3235;881;61;17
510;1606;880;94;142;3238;881;61;17
511;1604;880;92;142;3241;880;61;17
512;1603;880;90;141;3244;880;61;17
513;1602;879;89;140;3246;879;61;17
514;1601;879;87;138;3249;879;61;17
515;1600;879;86;136;3252;878;61;17
516;1598;879;85;137;3254;878;61;17
517;1597;879;83;135;3257;877;61;17
518;1596;879;81;133;3259;877;61;17
519;1595;878;80;132;3262;877;61;17
520;1594;878;78;130;3264;876;61;17
521;1593;878;77;129;3267;876;61;17
522;1592;878;76;130;3269;875;61;17
523;1591;878;75;129;3271;875;61;17
524;1590;877;74;126;3273;874;61;17
525;1589;877;72;125;3276;874;61;17
526;1588;877;70;124;3278;873;61;17
527;1587;877;69;124;3280;873;61;17
528;1587;877;68;122;3282;872;61;17
529;1585;877;67;122;3285;872;61;17
530;1584;876;65;120;3287;872;61;17
531;1584;876;64;118;3289;871;61;17
532;1583;876;62;117;3291;871;62;17
533;1582;876;61;116;3294;870;62;17
534;1581;876;60;116;3295;870;62;17
535;1580;876;58;115;3298;870;62;17
536;1580;876;57;113;3299;869;62;17
537;1579;876;57;113;3301;869;62;17
538;1578;875;56;113;3302;869;62;17
539;1577;875;55;112;3304;869;62;17
540;1577;875;54;110;3306;868;62;17
541;1576;875;53;110;3307;868;62;17
542;1575;875;52;109;3309;868;62;17
543;1574;875;51;108;3311;867;62;17
544;1574;875;50;107;3312;867;62;17
545;1573;875;49;106;3314;867;62;17
546;1573;875;48;104;3316;867;62;17
547;1572;875;47;104;3317;867;62;17
548;1571;875;46;102;3319;866;62;17
549;1571;874;45;103;3320;866;62;17
550;1570;874;45;103;3322;866;62;17
551;1569;874;44;101;3323;865;62;17
552;1569;874;43;103;3324;865;62;17
553;1568;874;42;102;3326;865;62;17
554;1567;874;41;99;3327;865;62;17
555;1567;874;40;97;3328;864;62;17
556;1566;874;39;95;3330;864;62;17
557;1566;874;39;96;3331;864;62;17
558;1566;874;38;95;3332;864;62;17
559;1565;874;38;95;3333;864;62;17
560;1564;874;37;94;3334;863;62;17
561;1564;874;36;93;3336;863;62;17
562;1564;874;35;91;3337;863;62;17
563;1563;874;35;90;3338;863;62;17
564;1563;874;34;89;3339;862;62;17
565;1562;873;33;89;3340;862;62;17
566;1562;873;33;89;3341;862;62;17
567;1561;873;32;86;3342;862;62;17
568;1561;873;32;87;3343;862;62;17
569;1560;873;31;85;3344;862;62;17
570;1560;873;31;84;3345;861;62;17
571;1560;873;30;83;3346;861;63;17
572;1559;873;29;81;3347;861;63;17
573;1559;873;29;82;3348;861;63;17
574;1559;873;28;81;3349;861;63;17
575;1558;873;28;80;3350;861;63;17
576;1558;873;27;78;3351;860;63;17
577;1557;873;27;78;3351;860;63;17
578;1557;873;26;77;3352;860;63;17
579;1556;873;26;78;3353;860;63;17
580;1556;873;26;77;3354;860;63;17
581;1556;873;25;76;3355;860;63;17
582;1555;873;25;76;3355;860;63;17
583;1555;873;24;73;3356;860;63;17
584;1555;873;23;73;3357;860;63;17
585;1555;873;23;71;3358;859;63;17
586;1554;873;22;70;3359;859;63;17
587;1554;873;22;69;3359;859;63;17
588;1554;873;21;68;3360;859;63;17
589;1553;873;21;67;3361;859;63;17
590;1553;873;20;66;3362;859;63;17
591;1553;873;20;66;3362;859;63;17
592;1553;873;20;65;3363;859;63;17
593;1552;873;20;65;3363;859;63;17
594;1552;873;19;64;3364;859;63;17
595;1552;873;19;64;3364;859;63;17
596;1551;873;19;63;3365;859;63;17
597;1551;873;18;62;3366;858;63;17
598;1551;873;18;60;3366;858;63;17
599;1551;873;17;58;3367;858;63;17
600;1551;873;17;56;3368;858;63;17
601;1550;873;17;55;3368;858;63;17
602;1550;873;16;53;3369;858;63;17
603;1550;873;16;53;3369;858;63;17
604;1550;873;16;53;3370;858;63;17
605;1549;873;16;52;3370;858;63;17
606;1549;873;15;51;3371;858;63;17
607;1549;873;15;50;3371;858;63;17
608;1549;873;14;50;3372;858;63;17
609;1549;873;14;49;3372;858;63;17
610;1549;873;14;49;3372;858;63;17
611;1548;873;14;48;3373;858;63;17
612;1548;873;13;48;3373;858;63;17
613;1548;873;13;45;3374;857;63;17
614;1548;873;13;45;3374;857;63;17
615;1548;873;12;44;3375;857;63;17
616;1548;873;12;44;3375;857;63;17
617;1548;874;12;43;3375;857;63;17
618;1547;874;12;42;3376;857;63;17
619;1547;874;11;40;3376;857;63;17
620;1547;874;11;40;3377;857;63;17
621;1547;874;11;39;3377;857;63;17
622;1547;874;11;38;3377;857;63;17
623;1547;874;10;37;3378;857;63;17
624;1547;874;10;35;3378;857;63;17
625;1546;874;10;35;3378;857;63;17
626;1546;874;9;33;3379;857;63;17
627;1546;874;9;33;3379;857;63;17
628;1546;874;9;32;3380;857;63;17
629;1546;874;9;31;3380;857;63;17
630;1546;874;9;31;3380;857;63;17
631;1546;874;8;29;3381;857;63;17
632;1546;874;8;29;3381;857;63;17
633;1546;874;8;28;3381;857;63;17
634;1546;874;8;27;3381;857;63;17
635;1545;874;8;26;3382;857;63;17
636;1545;874;7;26;3382;857;63;17
637;1545;874;7;26;3382;857;63;17
638;1545;874;7;25;3382;857;63;17
639;1545;874;7;24;3383;857;63;17
640;1545;874;7;23;3383;857;63;17
641;1545;874;7;23;3383;857;63;17
642;1545;874;6;22;3384;857;63;17
643;1545;874;6;21;3384;857;63;17
644;1545;874;6;21;3384;857;63;17
645;1545;874;6;20;3385;857;63;17
646;1544;874;6;20;3385;857;63;17
647;1544;874;6;20;3385;857;63;17
648;1544;874;5;19;3385;857;63;17
649;1544;874;5;18;3385;857;63;17
650;1544;874;5;19;3385;857;63;17
651;1544;874;5;18;3386;857;63;17
652;1544;874;5;18;3386;857;63;17
653;1544;874;5;17;3386;857;63;17
654;1544;874;5;16;3386;857;63;17
655;1544;874;5;16;3386;857;63;17
656;1544;874;5;15;3386;857;63;17
657;1544;874;4;14;3387;857;63;17
658;1544;874;4;14;3387;857;63;17
659;1544;874;4;14;3387;857;63;17
660;1543;874;4;14;3387;857;63;17
661;1543;874;4;13;3387;857;63;17
662;1543;874;4;13;3387;857;63;17
663;1543;874;4;13;3388;857;63;17
664;1543;874;4;12;3388;857;63;17
665;1543;874;4;13;3388;857;63;17
666;1543;874;4;13;3388;857;63;17
667;1543;874;4;13;3388;857;63;17
668;1543;874;4;12;3388;857;63;17
669;1543;874;4;12;3388;857;63;17
670;1543;874;4;11;3388;858;63;17
671;1543;874;3;11;3389;858;63;17
672;1543;874;3;11;3389;858;63;17
673;1543;874;3;11;3389;858;63;17
674;1543;874;3;11;3389;858;63;17
675;1543;874;3;10;3389;858;63;17
676;1543;874;3;10;3389;858;63;17
677;1543;874;3;10;3389;858;63;17
678;1542;874;3;10;3389;858;63;17
679;1542;874;3;10;3389;858;63;17
680;1542;874;3;9;3390;858;63;17
681;1542;874;3;9;3390;858;63;17
682;1542;874;3;9;3390;858;63;17
683;1542;874;3;9;3390;858;63;17
684;1542;874;3;9;3390;858;63;17
685;1542;874;2;8;3390;858;63;17
686;1542;874;2;8;3390;858;63;17
687;1542;874;2;8;3390;858;63;17
688;1542;874;2;8;3390;858;63;17
689;1542;874;2;7;3390;858;63;17
690;1542;874;2;7;3391;858;63;17
691;1542;874;2;7;3391;858;63;17
692;1542;874;2;7;3391;858;63;17
693;1542;874;2;7;3391;858;63;17
694;1542;874;2;7;3391;858;63;17
695;1542;874;2;6;3391;858;63;17
696;1542;874;2;6;3391;858;63;17
697;1542;874;2;5;3391;858;63;17
698;1542;874;2;5;3391;858;63;17
699;1542;874;2;6;3391;858;63;17
700;1542;874;1;5;3391;858;63;17
701;1542;874;1;5;3391;858;63;17
702;1542;874;1;6;3391;858;63;17
703;1542;874;1;5;3391;858;63;17
704;1542;874;1;5;3392;858;63;17
705;1542;874;1;5;3392;858;63;17
706;1542;874;1;4;3392;858;63;17
707;1542;874;1;4;3392;858;63;17
708;1542;874;1;4;3392;858;63;17
709;1542;874;1;4;3392;858;63;17
710;1542;874;1;4;3392;858;63;17
711;1542;874;1;4;3392;858;63;17
712;1542;874;1;4;3392;858;63;17
713;1542;874;1;4;3392;858;63;17
714;1542;874;1;3;3392;858;63;17
715;1542;874;1;3;3392;858;63;17
716;1542;874;1;3;3392;858;63;17
717;1542;874;1;2;3392;858;63;17
718;1542;874;1;3;3392;858;63;17
719;1542;874;1;3;3392;858;63;17
720;1542;874;1;2;3393;858;63;17
721;1542;874;1;3;3393;858;63;17
722;1542;874;1;2;3393;858;63;17
723;1542;874;0;2;3393;858;63;17
724;1542;874;0;2;3393;858;63;17
725;1542;874;1;2;3393;858;63;17
726;1542;874;0;2;3393;858;63;17
727;1542;874;0;2;3393;858;63;17
728;1542;874;0;2;3393;858;63;17
729;1541;874;0;2;3393;858;63;17
730;1541;874;0;2;3393;858;63;17
731;1541;874;0;2;3393;858;63;17
732;1541;874;0;2;3393;858;63;17
733;1541;874;0;2;3393;858;63;17
734;1541;874;0;2;3393;858;63;17
735;1541;874;0;1;3393;858;63;17
736;1541;874;0;1;3393;858;63;17
737;1541;874;0;1;3393;858;63;17
738;1541;874;0;1;3393;858;63;17
739;1541;874;0;1;3393;858;63;17
740;1541;874;0;1;3393;858;63;17
741;1541;874;0;1;3393;858;63;17
742;1541;874;0;1;3393;858;63;17
743;1541;874;0;1;3393;858;63;17
744;1541;874;0;1;3393;858;63;17
745;1541;874;0;1;3393;858;63;17
746;1541;874;0;1;3393;858;63;17
747;1541;874;0;1;3393;858;63;17
748;1541;874;0;1;3393;858;63;17
749;1541;874;0;1;3393;858;63;17
