0;0;0;0;0;0;0;0;0;0;0;0;0;0;0;0;0;0;0;0;0;0;0;0;0;0;0;0;0;0;0;0;0;0;0;0;0;0;0;0;0;0;0;0;0;0;0;0;0;0;
100;100;100;100;100;100;100;100;100;100;100;100;100;100;100;100;100;100;100;100;100;100;100;100;100;100;100;100;100;100;100;100;100;100;100;100;100;100;100;100;100;100;100;100;100;100;100;100;100;100;
104;94;103;107;103;103;99;104;104;107;101;103;105;103;106;107;104;104;100;102;95;106;110;101;106;102;102;102;104;105;101;110;99;109;112;103;108;104;107;105;105;105;102;100;105;106;105;102;103;108;
114;90;114;107;115;104;103;104;110;104;104;109;113;115;115;108;107;113;101;101;99;112;123;107;118;115;108;103;113;105;106;120;101;119;116;107;113;115;111;111;110;113;108;102;111;108;115;109;102;120;
123;103;114;116;121;103;109;114;110;103;99;112;108;114;115;115;114;116;110;104;103;123;127;115;121;111;110;111;122;109;112;129;102;131;121;111;120;124;119;121;112;117;115;109;116;112;117;112;114;132;
136;107;119;118;133;109;115;119;124;104;104;114;120;125;123;116;124;125;119;113;107;135;130;126;137;112;107;122;117;113;119;137;112;138;128;119;126;126;132;123;115;122;121;112;125;121;116;113;123;140;
143;112;127;123;143;118;121;125;130;114;108;120;129;132;133;119;128;130;122;121;106;147;134;127;144;114;108;129;121;117;127;139;117;152;136;129;130;128;139;129;125;128;130;124;130;136;118;122;132;147;
159;114;136;133;161;128;124;138;137;119;107;121;142;140;146;123;135;143;132;125;107;157;138;130;151;119;109;138;123;119;135;145;129;167;139;136;145;133;143;133;131;136;140;128;140;145;132;124;135;154;
165;127;146;144;166;135;129;150;141;127;111;122;155;139;157;129;135;148;138;129;116;163;146;142;156;123;111;150;130;122;146;157;132;176;140;142;151;142;151;139;138;143;148;131;142;148;148;132;135;163;
169;131;152;153;181;146;141;154;142;134;119;136;164;144;158;129;143;161;139;132;124;168;155;150;159;129;113;148;130;129;148;165;136;192;152;146;153;146;153;143;143;150;157;141;145;156;158;138;136;168;
174;136;163;162;186;153;140;162;151;141;125;138;163;150;160;138;141;165;144;138;137;173;159;158;171;132;121;152;137;130;153;174;147;199;159;159;162;150;159;147;152;162;162;150;156;164;159;147;139;183;
184;142;167;174;195;168;142;172;162;145;128;137;172;148;163;144;144;170;145;139;143;180;167;162;174;140;129;153;141;134;166;188;150;212;169;170;177;156;164;141;159;169;180;159;160;182;161;147;141;186;
195;143;180;178;202;169;154;189;167;149;135;142;175;154;172;149;156;173;152;144;151;186;173;167;186;145;135;155;151;141;172;201;155;213;179;175;184;164;171;143;165;174;186;170;170;197;158;155;144;201;
202;155;190;187;213;170;159;203;170;155;143;147;181;164;182;151;163;175;157;147;161;195;180;170;190;146;143;156;152;143;173;212;159;220;179;184;186;167;190;148;177;186;198;179;182;203;163;160;144;204;
212;165;200;194;226;176;157;213;173;167;150;154;184;178;189;159;167;185;162;152;164;196;187;177;198;150;144;167;169;148;181;220;164;227;188;192;192;178;201;154;194;198;206;191;192;208;163;166;154;213;
223;166;207;208;244;189;158;221;182;175;156;169;194;188;206;168;173;181;163;154;185;207;199;189;211;161;144;173;171;157;193;232;174;230;203;185;202;186;219;168;204;210;209;192;198;223;169;170;167;229;
235;172;216;218;257;198;166;229;188;186;164;184;203;197;221;171;183;185;163;168;196;213;202;198;221;171;142;167;182;165;199;247;183;235;213;201;212;191;230;183;214;230;213;198;210;236;177;173;168;242;
253;179;238;223;270;210;170;240;204;192;171;189;213;208;228;178;187;202;178;175;205;222;199;208;224;185;155;174;191;172;204;251;190;241;221;215;228;203;244;188;220;238;219;204;222;237;189;183;181;252;
266;191;249;228;273;220;181;259;222;200;180;205;226;220;229;177;197;200;179;187;212;237;210;213;236;187;161;173;201;182;216;268;197;252;230;232;239;213;257;195;227;246;225;208;233;238;203;186;202;268;
271;197;264;249;283;234;195;263;234;219;191;217;242;236;246;193;203;204;184;201;219;251;212;226;242;195;175;174;217;181;221;273;201;264;244;259;245;224;272;203;233;258;240;207;248;250;217;201;208;269;
276;204;278;263;299;235;207;273;248;226;196;228;258;239;250;209;202;218;198;213;231;269;218;231;248;208;174;180;226;190;228;285;205;284;259;262;252;241;287;215;246;261;254;216;255;259;226;213;221;280;
289;210;297;282;311;249;210;285;262;245;213;238;260;240;260;221;215;234;201;223;243;284;231;245;263;227;183;193;233;205;229;290;224;308;276;274;254;249;291;237;247;278;270;234;276;272;233;223;238;290;
309;210;302;284;327;247;218;307;281;255;222;238;279;247;280;236;222;244;210;235;250;311;238;257;281;237;185;202;246;213;240;297;235;321;278;286;260;262;312;243;262;291;287;246;289;281;240;223;255;305;
323;213;329;298;349;260;242;338;289;271;233;257;289;256;295;245;234;257;219;233;271;329;251;273;292;244;185;207;271;221;254;310;253;341;291;289;276;277;327;252;278;311;299;247;316;292;248;229;252;319;
325;218;347;308;361;282;257;359;304;270;239;269;298;268;300;250;252;273;231;244;283;335;264;281;306;256;192;208;282;237;265;325;260;353;306;306;301;293;338;272;286;332;303;254;331;291;252;248;259;328;
349;226;367;319;372;294;268;375;320;282;251;274;300;291;306;271;274;282;250;247;296;359;278;294;319;270;194;213;291;247;271;327;280;376;328;319;305;306;363;273;292;334;316;268;345;306;262;249;268;340;
362;233;375;325;379;310;277;389;337;299;256;291;323;300;311;277;292;292;258;258;311;377;289;299;333;283;204;228;295;274;277;332;289;392;349;337;320;318;370;294;296;349;331;281;358;317;272;257;287;355;
376;248;386;344;400;312;287;405;356;312;270;304;333;313;326;283;302;298;269;274;319;388;300;322;351;288;217;229;315;302;282;345;296;408;370;347;350;328;394;309;326;349;344;299;374;323;279;267;297;374;
409;261;409;354;425;326;309;418;379;331;279;308;346;323;343;295;316;305;282;283;343;409;310;330;360;296;219;229;324;321;304;357;312;421;386;369;366;344;407;321;343;361;364;304;399;333;283;274;308;388;
424;274;435;375;434;329;326;438;394;345;297;323;372;341;356;301;321;321;300;292;345;423;321;346;381;309;231;236;346;327;325;367;317;438;401;388;375;364;424;337;354;390;396;332;413;355;293;285;310;407;
451;295;459;386;453;346;351;458;396;367;312;337;393;352;359;319;326;346;313;316;362;442;329;354;402;320;243;251;352;345;340;392;326;457;411;402;390;381;435;354;372;416;425;346;435;368;301;300;324;429;
480;308;466;412;470;374;366;466;413;374;332;357;410;365;384;339;343;361;326;319;379;444;354;373;427;345;254;269;362;367;346;418;334;478;430;421;399;411;448;371;391;440;435;367;457;384;308;314;342;453;
505;330;487;432;494;398;398;484;421;402;336;361;426;374;415;348;363;373;339;322;392;466;358;399;448;368;266;285;370;384;361;431;347;506;440;434;422;432;460;394;408;461;461;380;476;414;320;344;365;481;
532;355;514;456;520;427;422;507;431;427;344;385;442;392;433;365;380;382;350;331;407;474;373;403;472;386;282;294;384;392;371;449;359;519;445;445;441;445;472;404;436;486;477;398;504;443;339;365;392;500;
557;370;541;462;538;458;444;522;446;449;355;402;460;402;448;380;399;401;367;352;421;498;375;418;495;406;305;298;399;419;393;473;378;550;469;466;446;462;480;408;452;514;497;423;542;469;347;377;410;527;
577;391;566;501;570;482;465;546;470;469;368;430;491;422;480;400;417;428;388;360;442;517;389;430;517;409;325;306;407;446;423;504;385;580;487;491;464;471;499;429;461;542;523;458;579;488;377;401;432;545;
598;401;604;521;613;503;496;571;492;490;396;459;519;440;489;405;435;450;406;370;459;551;399;448;549;435;336;324;430;471;434;519;404;599;514;516;497;497;518;445;487;556;548;484;610;508;396;428;467;562;
634;419;657;550;640;520;511;594;529;501;410;465;547;464;507;427;455;466;425;383;475;576;421;465;565;454;343;344;448;482;451;548;423;632;532;536;519;503;550;469;508;577;572;500;631;549;396;441;491;587;
653;446;669;552;664;559;517;622;558;528;421;482;573;497;519;449;459;487;431;392;491;597;440;484;589;474;352;359;462;511;476;573;441;672;541;572;550;529;580;482;526;604;591;515;667;563;420;456;500;600;
683;460;705;558;690;582;547;652;576;563;439;511;602;518;535;474;478;527;453;409;511;630;467;490;611;502;370;380;474;522;497;603;445;697;571;597;584;538;615;508;551;623;594;521;710;575;435;484;530;614;
712;489;743;587;719;603;564;683;601;597;464;540;623;536;561;487;499;545;473;419;528;652;495;511;631;515;382;406;484;549;515;621;466;751;601;624;615;561;637;538;566;646;617;538;737;600;450;519;555;631;
754;513;768;613;760;627;581;727;627;616;476;561;670;552;593;512;523;584;494;450;541;685;517;549;674;530;398;427;510;580;535;649;484;790;620;643;638;602;667;560;610;687;656;579;764;655;475;549;581;660;
784;523;796;636;805;663;614;755;647;641;498;600;690;558;610;551;555;614;517;477;577;710;537;581;693;550;403;447;533;603;563;672;502;829;640;658;661;633;690;594;633;732;670;603;804;693;490;575;596;701;
824;552;855;665;835;680;638;797;687;651;524;644;718;572;640;580;567;655;532;491;602;743;559;609;725;575;413;468;569;633;591;701;529;871;661;682;688;659;719;631;660;757;694;626;834;708;517;600;618;752;
868;561;899;702;875;719;670;841;709;675;539;670;757;601;676;600;590;690;567;494;639;778;576;633;771;609;426;495;597;677;629;738;542;911;683;729;704;706;750;664;694;800;726;657;870;723;532;633;654;792;
897;565;937;724;903;774;703;890;731;710;555;688;803;623;719;631;627;697;600;513;651;805;592;657;802;629;451;519;636;704;662;762;552;951;730;771;758;742;802;683;722;841;759;693;925;751;556;655;676;837;
930;594;980;743;928;814;729;916;766;726;584;721;848;642;760;669;644;718;624;543;679;833;626;684;847;655;479;539;670;724;695;797;573;1000;784;802;795;764;848;721;726;887;786;735;962;783;592;689;724;898;
962;614;1046;775;984;859;767;947;783;756;612;750;892;660;781;699;688;751;653;575;721;881;644;713;889;683;498;585;713;762;738;844;595;1040;828;859;828;803;884;742;765;930;846;783;1010;829;602;717;761;920;
987;648;1092;803;1036;877;812;987;801;770;628;787;902;695;815;730;717;784;683;603;756;916;662;744;939;712;510;610;741;807;757;876;616;1068;864;894;855;852;929;769;791;994;876;826;1049;862;637;773;786;968;
1028;677;1125;829;1100;902;846;1034;852;787;662;826;942;729;869;759;762;807;703;630;798;956;691;791;979;740;523;646;766;845;793;915;647;1118;895;937;885;890;964;809;818;1050;913;851;1099;907;668;798;831;1017;
1057;706;1161;875;1137;946;878;1081;886;816;696;868;984;746;902;775;816;852;746;664;816;997;709;825;1014;768;548;675;797;878;830;957;670;1181;935;976;924;938;986;846;852;1083;954;870;1141;939;678;855;851;1058;
1098;734;1231;920;1168;995;933;1117;916;870;748;920;1004;768;929;808;873;887;763;687;832;1051;755;859;1062;824;570;711;855;925;870;1002;716;1238;988;1000;981;988;1009;859;894;1130;989;922;1205;971;713;899;883;1115;
1126;753;1276;974;1214;1045;991;1188;958;922;791;968;1033;811;963;841;911;927;786;728;874;1087;795;893;1095;877;617;722;889;969;914;1062;739;1307;1026;1036;1017;1025;1053;907;921;1189;1051;965;1268;999;765;940;911;1171;
1153;776;1328;1023;1260;1103;1048;1240;1013;969;817;1007;1071;860;998;868;956;956;838;753;923;1147;834;945;1158;930;638;743;922;1006;955;1094;764;1369;1041;1094;1061;1060;1108;929;971;1229;1107;1008;1320;1053;792;970;955;1225;
1205;826;1366;1068;1312;1150;1087;1269;1068;1013;860;1045;1108;894;1034;915;993;1008;876;776;959;1204;875;991;1196;962;673;782;958;1034;1003;1130;802;1414;1079;1148;1082;1115;1145;987;1012;1276;1167;1060;1391;1102;826;1038;986;1281;
1260;853;1440;1106;1383;1192;1146;1326;1134;1052;886;1075;1145;944;1067;958;1046;1051;918;799;988;1249;930;1045;1234;1024;690;812;993;1103;1053;1164;852;1472;1134;1186;1107;1163;1193;1025;1070;1309;1210;1107;1417;1153;854;1069;1030;1316;
1318;905;1489;1133;1444;1248;1221;1372;1179;1111;927;1132;1186;987;1120;1000;1095;1099;938;821;1039;1299;967;1078;1286;1062;719;857;1031;1140;1101;1220;898;1513;1202;1234;1168;1226;1258;1064;1126;1349;1255;1142;1455;1217;892;1102;1068;1365;
1342;944;1550;1186;1517;1278;1278;1435;1216;1166;975;1182;1230;1022;1164;1049;1154;1150;989;840;1100;1354;1013;1134;1354;1120;757;906;1075;1223;1129;1271;937;1561;1257;1284;1206;1251;1328;1120;1186;1396;1310;1186;1515;1277;921;1139;1120;1415;
1396;1005;1620;1228;1594;1340;1325;1518;1269;1245;1029;1211;1271;1064;1203;1084;1213;1197;1048;865;1148;1413;1068;1186;1408;1156;782;945;1124;1270;1173;1303;966;1611;1296;1307;1271;1326;1390;1163;1228;1454;1352;1240;1595;1366;962;1177;1159;1466;
1463;1048;1693;1271;1673;1406;1388;1574;1313;1292;1076;1278;1330;1130;1268;1156;1256;1256;1098;904;1185;1484;1130;1240;1473;1216;818;991;1170;1331;1222;1356;998;1677;1363;1359;1338;1409;1441;1222;1289;1537;1440;1282;1635;1416;1008;1229;1212;1542;
1527;1097;1767;1316;1754;1466;1447;1651;1362;1349;1130;1342;1414;1192;1313;1205;1276;1309;1141;961;1231;1517;1186;1268;1524;1256;852;1045;1216;1395;1273;1409;1037;1733;1418;1444;1420;1461;1483;1282;1339;1614;1507;1325;1689;1477;1053;1275;1253;1610;
1586;1153;1860;1379;1855;1527;1484;1717;1438;1399;1181;1402;1473;1244;1374;1278;1316;1373;1200;1002;1285;1568;1218;1325;1568;1315;877;1120;1247;1452;1326;1443;1060;1791;1468;1505;1473;1512;1559;1313;1409;1667;1600;1371;1771;1508;1097;1338;1296;1690;
1678;1227;1929;1443;1918;1584;1551;1773;1510;1450;1264;1478;1525;1305;1422;1337;1358;1419;1257;1025;1326;1645;1245;1387;1646;1354;911;1180;1321;1493;1400;1499;1120;1868;1537;1577;1530;1574;1617;1356;1478;1739;1664;1416;1872;1566;1141;1403;1349;1759;
1742;1270;2009;1504;1986;1644;1609;1871;1583;1511;1330;1546;1594;1363;1488;1371;1403;1472;1294;1065;1393;1704;1311;1436;1702;1403;960;1237;1387;1545;1454;1550;1199;1937;1608;1605;1604;1618;1694;1428;1520;1791;1736;1483;1947;1641;1181;1477;1412;1850;
1817;1334;2102;1564;2083;1693;1681;1912;1630;1556;1398;1623;1660;1388;1563;1425;1460;1541;1337;1130;1452;1766;1390;1514;1783;1469;1010;1299;1450;1595;1499;1622;1248;2034;1698;1636;1678;1681;1773;1464;1587;1882;1789;1555;1992;1702;1228;1553;1460;1910;
1895;1399;2192;1613;2163;1761;1768;1957;1666;1659;1451;1685;1736;1444;1648;1494;1508;1602;1396;1167;1511;1834;1445;1578;1853;1503;1049;1354;1520;1663;1549;1691;1305;2095;1757;1689;1721;1735;1857;1526;1674;1951;1857;1615;2057;1780;1262;1615;1491;2011;
1980;1457;2293;1688;2257;1841;1842;2041;1740;1751;1528;1761;1806;1520;1709;1552;1580;1662;1465;1206;1593;1892;1510;1627;1944;1592;1095;1384;1580;1722;1625;1753;1358;2196;1821;1755;1758;1809;1943;1590;1751;2039;1923;1684;2119;1843;1317;1698;1556;2106;
2074;1532;2372;1769;2337;1930;1924;2136;1798;1836;1609;1836;1890;1597;1776;1623;1660;1733;1504;1252;1680;1985;1576;1699;2019;1621;1139;1451;1656;1785;1689;1817;1421;2279;1883;1823;1819;1880;2041;1652;1813;2112;1995;1743;2184;1896;1362;1778;1613;2191;
2157;1603;2453;1840;2453;2028;2011;2216;1859;1909;1689;1917;1958;1662;1864;1694;1729;1789;1555;1323;1730;2049;1666;1767;2104;1701;1214;1512;1714;1870;1730;1870;1500;2370;1974;1894;1926;1965;2131;1713;1887;2222;2088;1811;2274;1987;1408;1857;1686;2280;
2254;1686;2530;1906;2558;2104;2093;2292;1945;2011;1769;1979;2043;1720;1944;1781;1799;1846;1640;1384;1809;2147;1746;1848;2163;1744;1267;1559;1771;1962;1783;1935;1532;2469;2037;1983;2020;2053;2209;1778;1975;2273;2151;1868;2374;2051;1475;1943;1738;2356;
2381;1762;2615;1971;2677;2184;2167;2397;2011;2080;1834;2069;2133;1788;2028;1839;1888;1943;1722;1432;1885;2210;1830;1937;2243;1795;1306;1630;1848;2062;1822;2021;1590;2545;2140;2045;2107;2121;2317;1834;2081;2358;2242;1949;2467;2144;1517;2032;1815;2447;
2490;1837;2715;2037;2787;2268;2257;2495;2095;2198;1910;2154;2221;1849;2124;1913;1962;2039;1803;1494;1943;2317;1880;2007;2342;1863;1375;1711;1914;2141;1900;2101;1662;2650;2223;2108;2172;2169;2412;1920;2159;2469;2366;2056;2562;2239;1553;2115;1911;2549;
2571;1916;2863;2129;2884;2382;2345;2572;2170;2280;1989;2267;2312;1917;2210;1999;2043;2124;1873;1556;2031;2399;1991;2077;2455;1930;1420;1752;1984;2220;1956;2207;1741;2735;2332;2189;2254;2274;2492;2024;2281;2562;2468;2120;2616;2309;1607;2218;1992;2671;
2649;2004;2974;2229;2996;2475;2458;2663;2266;2358;2063;2332;2428;2001;2306;2067;2116;2217;1969;1602;2097;2466;2077;2166;2549;2018;1492;1833;2073;2298;2041;2313;1815;2824;2440;2305;2352;2345;2587;2106;2365;2661;2601;2211;2735;2385;1680;2313;2080;2775;
2781;2123;3074;2312;3133;2538;2550;2778;2361;2438;2120;2450;2482;2041;2387;2167;2217;2291;2055;1698;2140;2558;2146;2243;2671;2096;1558;1919;2161;2342;2104;2402;1889;2937;2537;2365;2425;2401;2696;2181;2451;2767;2688;2305;2833;2481;1726;2384;2189;2909;
2866;2202;3203;2382;3244;2626;2614;2900;2439;2529;2195;2569;2596;2111;2472;2244;2305;2386;2168;1763;2231;2649;2234;2344;2752;2205;1624;2021;2273;2431;2198;2500;1973;3060;2647;2446;2532;2495;2800;2257;2544;2881;2813;2379;2939;2585;1819;2457;2233;3000;
2961;2300;3313;2462;3351;2719;2688;3032;2569;2620;2296;2723;2722;2199;2559;2330;2399;2453;2252;1856;2314;2719;2340;2434;2846;2306;1689;2116;2355;2502;2290;2601;2044;3171;2742;2540;2637;2599;2893;2343;2644;3001;2905;2444;3058;2665;1880;2520;2334;3093;
3046;2357;3421;2552;3445;2825;2792;3112;2626;2725;2410;2859;2804;2263;2657;2436;2461;2522;2356;1925;2416;2815;2456;2522;2946;2419;1751;2208;2442;2610;2376;2724;2130;3239;2861;2615;2717;2712;2994;2463;2755;3121;3022;2517;3162;2745;1935;2608;2423;3188;
3205;2429;3541;2656;3563;2933;2902;3220;2689;2816;2532;2997;2903;2385;2754;2511;2566;2589;2451;1966;2518;2938;2549;2599;3054;2535;1821;2308;2522;2697;2460;2847;2213;3355;3008;2712;2795;2827;3097;2570;2884;3226;3107;2612;3250;2873;2034;2707;2503;3299;
3319;2535;3660;2751;3690;3039;3016;3356;2781;2931;2644;3126;3004;2457;2836;2576;2672;2678;2529;2062;2642;3067;2651;2720;3169;2647;1886;2368;2622;2786;2554;2953;2290;3468;3099;2823;2907;2913;3222;2683;3016;3371;3229;2708;3358;2940;2113;2811;2603;3427;
3400;2605;3754;2845;3831;3132;3121;3503;2891;3009;2794;3265;3116;2534;2937;2661;2773;2773;2619;2149;2767;3164;2732;2828;3299;2746;1969;2452;2725;2877;2663;3066;2381;3591;3193;2934;2998;2999;3341;2786;3130;3490;3345;2831;3444;3051;2217;2908;2693;3516;
3489;2690;3865;2947;3947;3239;3248;3615;2973;3091;2929;3339;3218;2638;3048;2718;2878;2881;2704;2235;2848;3274;2821;2966;3398;2851;2037;2548;2795;2948;2743;3176;2473;3700;3308;3044;3094;3098;3468;2888;3245;3635;3490;2932;3546;3154;2299;3004;2808;3632;
3620;2800;3954;3045;4061;3375;3338;3743;3066;3175;3033;3457;3334;2755;3145;2822;2973;2966;2792;2319;2955;3354;2930;3072;3521;2971;2129;2638;2909;3073;2801;3313;2570;3821;3406;3145;3201;3194;3582;2955;3349;3764;3621;3026;3668;3282;2391;3146;2909;3751;
3736;2881;4057;3152;4211;3514;3441;3873;3164;3285;3107;3568;3457;2814;3266;2928;3070;3104;2871;2406;3045;3436;3000;3193;3661;3017;2239;2762;3027;3175;2894;3420;2666;3951;3511;3217;3310;3289;3693;3064;3510;3928;3717;3134;3839;3383;2492;3248;3010;3884;
3865;2966;4223;3262;4348;3610;3516;3985;3256;3393;3213;3670;3522;2899;3358;3032;3183;3216;2959;2476;3177;3543;3116;3255;3772;3105;2362;2863;3138;3270;3009;3518;2787;4090;3637;3331;3444;3394;3788;3172;3588;4090;3861;3256;3990;3500;2558;3332;3124;4001;
3969;3065;4362;3363;4465;3743;3642;4062;3379;3508;3326;3759;3639;2988;3487;3129;3303;3284;3056;2575;3255;3662;3230;3366;3870;3227;2423;3001;3228;3386;3113;3633;2900;4249;3739;3438;3555;3544;3885;3285;3693;4277;3970;3373;4115;3602;2642;3463;3226;4162;
4076;3196;4522;3493;4574;3870;3763;4194;3519;3612;3452;3890;3760;3084;3588;3271;3422;3372;3182;2697;3373;3791;3293;3484;3978;3343;2479;3095;3358;3529;3252;3744;3029;4339;3853;3542;3675;3677;4001;3409;3808;4412;4092;3468;4248;3724;2762;3577;3354;4303;
4216;3306;4671;3617;4699;3990;3889;4363;3651;3715;3540;4072;3926;3204;3716;3388;3527;3514;3264;2792;3486;3888;3399;3617;4094;3481;2575;3140;3493;3622;3360;3841;3108;4454;4013;3609;3801;3764;4119;3555;3950;4530;4234;3602;4391;3820;2869;3708;3449;4403;
4330;3426;4790;3725;4818;4102;3976;4537;3778;3827;3690;4182;4042;3311;3801;3478;3645;3641;3389;2891;3615;4011;3541;3737;4217;3634;2656;3282;3583;3752;3477;3964;3225;4572;4140;3723;3938;3874;4239;3674;4029;4705;4392;3695;4520;3952;2978;3858;3579;4547;
4463;3529;4892;3864;4941;4224;4147;4649;3913;3937;3807;4331;4153;3429;3946;3603;3760;3790;3511;3007;3702;4094;3649;3830;4336;3770;2770;3397;3696;3887;3591;4068;3302;4670;4249;3838;4062;3998;4337;3752;4136;4829;4548;3820;4608;4078;3072;3962;3713;4672;
4613;3659;5038;3999;5075;4350;4281;4770;4034;4022;3939;4472;4290;3519;4094;3702;3893;3914;3636;3104;3826;4205;3743;3911;4475;3887;2883;3483;3839;4015;3717;4219;3405;4816;4362;3989;4211;4114;4450;3889;4263;4995;4721;3937;4713;4202;3136;4100;3841;4771;
4727;3785;5149;4078;5209;4478;4414;4884;4141;4092;4034;4614;4413;3616;4178;3824;3982;4037;3751;3228;3976;4350;3871;4027;4599;4028;2957;3605;3968;4134;3831;4359;3521;4886;4526;4122;4373;4270;4552;3989;4366;5110;4867;4069;4833;4294;3230;4217;3963;4908;
4872;3922;5288;4203;5378;4581;4509;5031;4263;4258;4124;4790;4537;3720;4302;3926;4118;4170;3863;3313;4091;4476;3977;4140;4737;4167;3041;3750;4128;4231;3956;4506;3614;5014;4675;4209;4489;4417;4649;4099;4505;5212;4946;4193;4972;4368;3372;4361;4088;5080;
5016;4012;5409;4334;5493;4721;4601;5164;4357;4349;4235;4875;4706;3838;4401;4039;4235;4271;3992;3420;4210;4661;4121;4255;4845;4294;3146;3865;4254;4348;4065;4669;3742;5167;4769;4361;4577;4551;4748;4216;4635;5338;5105;4284;5122;4474;3485;4475;4213;5191;
5150;4108;5584;4461;5583;4834;4748;5308;4491;4464;4362;4979;4780;3956;4519;4146;4381;4367;4115;3562;4304;4845;4221;4399;4978;4402;3231;4019;4391;4491;4179;4758;3857;5308;4901;4448;4724;4659;4834;4301;4785;5489;5256;4406;5282;4583;3579;4598;4340;5308;
5307;4221;5756;4620;5711;5012;4868;5394;4664;4590;4471;5148;4904;4056;4669;4267;4515;4461;4261;3726;4420;4961;4355;4526;5108;4529;3327;4120;4522;4625;4322;4914;4003;5440;5026;4577;4824;4791;4972;4436;4906;5646;5409;4528;5410;4674;3687;4712;4511;5411;
5442;4385;5882;4721;5830;5143;4987;5483;4778;4697;4610;5256;5063;4206;4769;4401;4623;4595;4358;3822;4562;5116;4485;4668;5272;4665;3423;4227;4636;4751;4442;5027;4127;5626;5179;4706;4954;4907;5070;4479;5033;5823;5563;4635;5535;4784;3795;4843;4663;5538;
5564;4492;5997;4810;5945;5291;5090;5635;4938;4847;4730;5377;5197;4291;4904;4516;4787;4745;4486;3917;4695;5240;4628;4806;5420;4765;3583;4378;4748;4900;4530;5147;4214;5725;5275;4799;5080;5058;5181;4577;5182;5917;5646;4762;5660;4906;3891;4997;4801;5658;
5699;4577;6158;4935;6043;5462;5233;5735;5082;4974;4878;5551;5302;4422;5011;4670;4960;4858;4630;4023;4815;5356;4751;4924;5597;4845;3696;4492;4859;5039;4669;5245;4341;5892;5425;4917;5171;5162;5269;4672;5277;6080;5755;4879;5780;5004;4040;5126;4902;5797;
5835;4665;6309;5013;6217;5565;5351;5860;5215;5099;5002;5700;5427;4538;5113;4798;5094;4996;4784;4128;4961;5474;4897;5048;5709;4977;3777;4622;5015;5196;4766;5401;4467;6023;5509;5009;5325;5303;5398;4770;5402;6188;5938;4991;5904;5142;4155;5264;5070;5923;
5987;4770;6449;5180;6296;5698;5468;5963;5317;5228;5137;5855;5538;4632;5222;4939;5207;5119;4939;4237;5069;5616;5004;5179;5844;5088;3881;4782;5177;5331;4902;5546;4609;6118;5617;5096;5503;5400;5507;4902;5541;6309;6039;5144;6055;5267;4289;5391;5204;6026;
6090;4904;6571;5319;6399;5824;5581;6060;5442;5343;5248;5984;5642;4747;5325;5106;5325;5290;5090;4372;5234;5772;5141;5287;5971;5208;4017;4913;5304;5412;5038;5693;4728;6194;5751;5258;5649;5485;5631;5031;5675;6477;6151;5254;6187;5395;4419;5537;5342;6130;
6208;5079;6713;5433;6484;5995;5697;6223;5573;5465;5354;6099;5745;4896;5447;5241;5446;5398;5261;4485;5318;5932;5290;5421;6105;5317;4114;5055;5428;5514;5167;5848;4862;6338;5888;5393;5782;5568;5768;5155;5786;6603;6292;5364;6338;5515;4538;5671;5514;6242;
6326;5233;6843;5548;6626;6122;5820;6334;5706;5583;5479;6235;5867;4988;5588;5376;5545;5530;5360;4598;5460;6061;5420;5581;6270;5430;4231;5166;5540;5609;5309;5969;4971;6423;5985;5524;5906;5664;5889;5258;5929;6763;6438;5459;6495;5661;4720;5827;5624;6312;
6443;5405;6977;5695;6771;6235;5934;6440;5880;5715;5609;6360;5969;5130;5689;5492;5654;5643;5493;4708;5591;6180;5503;5747;6396;5562;4339;5252;5666;5715;5452;6108;5079;6530;6139;5658;6050;5773;6062;5347;6074;6916;6564;5630;6626;5768;4830;5960;5766;6382;
6563;5532;7092;5818;6886;6369;6052;6533;5998;5804;5735;6475;6065;5265;5832;5622;5780;5791;5612;4841;5709;6277;5645;5921;6543;5674;4518;5423;5787;5826;5595;6249;5193;6616;6273;5811;6178;5922;6142;5453;6175;6999;6675;5792;6740;5873;4913;6048;5868;6483;
6667;5659;7233;5934;7025;6471;6178;6659;6163;5925;5859;6602;6203;5385;5955;5715;5933;5967;5777;5028;5803;6400;5786;6028;6665;5794;4688;5559;5908;5914;5719;6383;5326;6704;6385;5936;6314;6016;6251;5558;6262;7146;6794;5933;6813;5997;5034;6179;6037;6597;
6741;5801;7331;6061;7127;6588;6265;6750;6238;6078;5999;6735;6299;5506;6030;5845;6030;6105;5878;5157;5922;6474;5921;6159;6733;5891;4826;5685;6028;6044;5842;6502;5466;6814;6489;6070;6469;6071;6322;5645;6433;7297;6885;6003;6910;6149;5144;6329;6159;6731;
6790;5941;7374;6194;7195;6642;6320;6858;6347;6173;6108;6854;6401;5648;6153;5984;6126;6219;5929;5282;6027;6578;6023;6274;6850;5970;4940;5846;6149;6178;5942;6553;5560;6873;6576;6212;6575;6199;6470;5761;6567;7378;6991;6121;6991;6260;5261;6423;6245;6835;
6903;6037;7427;6285;7226;6758;6405;6917;6443;6285;6243;6951;6546;5735;6248;6099;6277;6377;6025;5425;6127;6673;6143;6387;7001;6089;5033;5952;6279;6310;6080;6698;5629;7000;6666;6321;6648;6280;6603;5893;6719;7518;7077;6225;7070;6389;5400;6523;6385;6928;
6968;6184;7482;6422;7282;6841;6527;6984;6516;6371;6380;7066;6651;5834;6330;6231;6383;6449;6153;5553;6223;6760;6280;6467;7039;6186;5188;6056;6379;6432;6198;6808;5789;7082;6781;6391;6736;6426;6656;6013;6863;7666;7145;6338;7124;6476;5529;6607;6471;7039;
7057;6264;7568;6522;7323;6979;6626;7063;6602;6483;6509;7163;6775;5962;6488;6323;6512;6569;6241;5692;6334;6909;6393;6565;7152;6271;5287;6200;6472;6524;6315;6895;5855;7194;6868;6502;6844;6578;6732;6123;6960;7737;7255;6482;7227;6605;5673;6729;6614;7141;
7138;6387;7677;6622;7393;7098;6707;7083;6731;6622;6596;7281;6888;6049;6579;6413;6615;6638;6349;5871;6403;6978;6485;6708;7202;6373;5419;6300;6605;6609;6446;7015;5968;7295;6974;6611;6954;6708;6791;6245;7069;7794;7319;6615;7309;6684;5786;6851;6710;7256;
7199;6511;7709;6691;7490;7183;6781;7176;6883;6709;6694;7365;7001;6134;6663;6550;6743;6713;6450;5986;6476;7060;6619;6750;7360;6453;5527;6430;6736;6687;6592;7146;6066;7377;7020;6729;7050;6813;6883;6300;7179;7872;7385;6785;7413;6793;5883;6947;6825;7351;
7263;6598;7784;6824;7542;7270;6845;7252;6989;6793;6799;7472;7135;6249;6777;6670;6842;6812;6525;6086;6611;7169;6659;6863;7445;6567;5678;6555;6822;6796;6672;7188;6228;7451;7070;6851;7125;6938;6989;6430;7269;7953;7491;6865;7479;6901;6039;7038;6918;7375;
7339;6677;7809;6999;7652;7346;6928;7342;7105;6925;6957;7527;7200;6380;6825;6837;6955;6912;6634;6231;6726;7247;6778;6980;7520;6685;5788;6691;6933;6889;6752;7284;6321;7514;7136;6942;7248;6986;7057;6518;7376;8031;7540;6930;7500;6987;6130;7138;7008;7456;
7443;6784;7850;7107;7679;7406;7051;7410;7172;6985;7050;7584;7302;6466;6938;6955;7059;7014;6732;6345;6782;7309;6880;7073;7621;6800;5924;6784;7042;7009;6845;7388;6400;7575;7187;7002;7370;7074;7169;6600;7418;8049;7639;7029;7600;7081;6264;7277;7117;7499;
7524;6848;7909;7200;7757;7481;7144;7430;7226;7098;7115;7657;7404;6566;7034;7024;7175;7075;6812;6501;6862;7396;6961;7173;7683;6875;5996;6899;7135;7059;6943;7440;6523;7658;7279;7109;7449;7133;7220;6673;7493;8023;7713;7112;7653;7143;6339;7394;7187;7566;
7588;6898;7935;7267;7781;7557;7213;7505;7307;7142;7198;7753;7481;6650;7092;7109;7324;7208;6916;6577;6958;7403;7028;7241;7725;6949;6065;7010;7251;7148;6973;7488;6646;7693;7365;7186;7498;7198;7248;6772;7578;8068;7732;7208;7690;7194;6459;7431;7268;7609;
7634;6983;8002;7337;7848;7692;7289;7565;7423;7174;7257;7806;7575;6734;7215;7214;7387;7266;7016;6678;7034;7428;7107;7345;7775;7057;6224;7091;7311;7198;6995;7600;6734;7667;7374;7207;7538;7248;7348;6837;7656;8098;7806;7306;7723;7283;6635;7492;7337;7639;
7666;7068;8003;7401;7914;7758;7314;7630;7458;7229;7349;7849;7627;6834;7316;7275;7447;7342;7122;6813;7092;7470;7194;7399;7839;7090;6335;7168;7377;7241;7076;7650;6794;7706;7416;7252;7619;7315;7421;6887;7725;8161;7819;7364;7795;7369;6728;7565;7401;7670;
7663;7141;7974;7484;7938;7811;7360;7710;7539;7285;7428;7891;7607;6867;7350;7336;7504;7405;7199;6905;7145;7527;7311;7479;7819;7175;6440;7258;7479;7291;7100;7646;6886;7740;7484;7307;7642;7344;7479;6933;7752;8163;7853;7417;7815;7418;6842;7615;7442;7676;
7698;7234;7948;7601;7921;7875;7405;7767;7563;7353;7434;7920;7579;6918;7431;7461;7592;7457;7295;6999;7216;7540;7370;7498;7876;7244;6551;7331;7511;7372;7123;7711;6956;7749;7519;7364;7699;7391;7517;7001;7792;8183;7872;7491;7822;7490;6932;7700;7523;7707;
7672;7280;7919;7680;7903;7955;7403;7767;7599;7406;7487;7968;7600;6959;7463;7522;7617;7524;7339;7076;7305;7564;7450;7521;7883;7252;6673;7399;7601;7440;7204;7803;7024;7784;7527;7434;7757;7479;7498;7103;7778;8161;7900;7565;7850;7447;6978;7750;7608;7753;
7675;7339;7899;7709;7943;7975;7426;7834;7638;7502;7509;8029;7623;7038;7535;7598;7671;7534;7378;7135;7392;7563;7497;7558;7943;7271;6779;7451;7638;7507;7301;7836;7063;7778;7607;7485;7831;7495;7521;7141;7781;8136;7887;7618;7815;7451;7064;7837;7676;7779;
7649;7385;7904;7741;7913;8015;7479;7765;7640;7545;7594;8039;7602;7115;7605;7646;7684;7568;7411;7189;7456;7602;7557;7608;7964;7343;6870;7547;7657;7580;7352;7870;7122;7808;7577;7521;7855;7532;7558;7198;7827;8116;7883;7681;7854;7489;7141;7904;7706;7793;
7579;7441;7899;7764;7893;7992;7539;7775;7614;7564;7642;8068;7654;7142;7649;7736;7696;7581;7493;7283;7514;7617;7589;7697;7985;7428;6927;7557;7672;7616;7402;7928;7197;7809;7655;7591;7918;7602;7609;7260;7881;8147;7906;7729;7869;7483;7217;7937;7766;7827;
7555;7499;7867;7821;7872;7977;7565;7717;7624;7608;7645;8066;7721;7144;7675;7778;7700;7628;7584;7350;7579;7635;7588;7736;7977;7441;6961;7644;7695;7622;7450;7888;7254;7805;7649;7602;7960;7643;7667;7273;7851;8147;7904;7751;7891;7556;7313;7937;7759;7876;
7563;7546;7851;7822;7863;7979;7530;7706;7668;7640;7673;8093;7677;7213;7736;7799;7740;7669;7647;7406;7622;7659;7644;7781;7983;7503;7038;7732;7700;7645;7483;7907;7310;7781;7655;7653;7958;7668;7666;7317;7851;8123;7895;7820;7871;7607;7370;7946;7762;7899;
7579;7521;7807;7820;7850;7959;7566;7733;7679;7621;7738;8119;7713;7272;7783;7842;7804;7683;7663;7456;7669;7665;7723;7785;7977;7490;7135;7725;7713;7653;7518;7921;7291;7747;7640;7642;7940;7689;7675;7343;7900;8099;7896;7850;7894;7606;7419;7959;7810;7885;
7591;7572;7784;7793;7801;7985;7575;7753;7664;7650;7645;8101;7703;7283;7810;7875;7848;7628;7699;7562;7694;7700;7730;7813;7942;7465;7219;7759;7721;7677;7507;7910;7346;7673;7653;7677;7953;7722;7713;7383;7882;8042;7862;7892;7866;7610;7437;7897;7816;7920;
7566;7564;7749;7791;7802;7979;7570;7759;7692;7695;7658;8069;7710;7313;7890;7870;7853;7598;7715;7558;7675;7647;7740;7783;7920;7488;7321;7791;7745;7671;7553;7954;7431;7673;7664;7693;7970;7689;7714;7372;7880;8028;7856;7858;7841;7633;7532;7924;7830;7902;
7593;7637;7708;7811;7768;7954;7567;7724;7652;7683;7699;8119;7735;7282;7909;7831;7850;7610;7706;7589;7714;7583;7750;7760;7896;7485;7393;7846;7725;7631;7583;7943;7485;7620;7631;7676;7983;7689;7681;7385;7860;7996;7772;7846;7817;7681;7584;7914;7831;7850;
7534;7579;7687;7793;7681;7930;7549;7721;7637;7660;7739;8129;7757;7287;7930;7779;7850;7565;7712;7660;7699;7582;7753;7753;7844;7511;7442;7871;7750;7633;7600;7915;7524;7622;7607;7651;7895;7691;7672;7421;7841;7962;7718;7903;7779;7651;7617;7962;7812;7851;
7564;7594;7662;7783;7601;7923;7531;7682;7659;7646;7728;8081;7716;7312;7919;7750;7881;7580;7715;7669;7765;7501;7770;7709;7752;7504;7531;7871;7777;7582;7596;7888;7521;7615;7559;7612;7822;7655;7645;7390;7875;7956;7713;7903;7756;7638;7643;7970;7804;7815;
7526;7613;7596;7820;7538;7946;7485;7682;7606;7650;7723;8024;7705;7301;7907;7717;7856;7571;7725;7699;7752;7461;7785;7698;7762;7524;7562;7854;7756;7578;7596;7840;7590;7556;7519;7596;7823;7646;7620;7340;7830;7910;7701;7944;7766;7639;7700;7938;7778;7745;
7493;7634;7545;7798;7490;7894;7470;7631;7603;7674;7760;7913;7684;7296;7898;7724;7788;7533;7743;7711;7758;7442;7791;7635;7751;7535;7609;7867;7728;7559;7588;7801;7633;7497;7493;7569;7778;7612;7559;7338;7815;7796;7682;7886;7740;7619;7710;7928;7741;7712;
7411;7649;7434;7748;7442;7872;7491;7591;7568;7581;7754;7858;7659;7283;7845;7713;7800;7473;7713;7775;7795;7423;7769;7605;7704;7593;7640;7823;7647;7525;7613;7741;7615;7418;7469;7582;7792;7574;7504;7358;7814;7752;7627;7904;7724;7577;7724;7885;7722;7672;
7328;7613;7397;7703;7342;7873;7400;7513;7555;7556;7765;7800;7662;7300;7811;7694;7799;7462;7702;7803;7806;7410;7752;7552;7639;7574;7693;7839;7616;7485;7644;7732;7612;7374;7436;7554;7717;7521;7449;7343;7750;7707;7583;7875;7646;7532;7718;7884;7681;7599;
7274;7594;7321;7630;7223;7803;7364;7449;7529;7483;7719;7780;7626;7264;7745;7648;7820;7420;7678;7784;7784;7362;7705;7570;7607;7545;7719;7812;7562;7456;7591;7720;7617;7311;7394;7521;7689;7528;7424;7312;7718;7584;7535;7839;7536;7473;7737;7845;7617;7541;
7262;7585;7224;7602;7173;7780;7334;7368;7479;7455;7695;7765;7602;7259;7733;7574;7734;7380;7635;7801;7741;7314;7673;7548;7547;7520;7753;7732;7534;7366;7549;7639;7611;7275;7341;7503;7650;7465;7333;7347;7691;7540;7479;7835;7448;7410;7756;7769;7553;7477;
7273;7559;7149;7583;7101;7699;7279;7296;7431;7409;7663;7710;7556;7265;7671;7538;7688;7340;7666;7773;7683;7258;7621;7515;7474;7473;7790;7666;7533;7375;7477;7601;7613;7187;7287;7462;7580;7430;7261;7338;7626;7464;7421;7748;7360;7311;7701;7737;7486;7400;
7199;7521;7102;7511;7011;7610;7223;7249;7367;7391;7615;7649;7478;7266;7644;7500;7687;7269;7628;7765;7586;7238;7589;7502;7382;7410;7800;7600;7482;7311;7416;7526;7557;7115;7257;7432;7531;7402;7191;7291;7548;7419;7394;7694;7277;7282;7696;7685;7448;7376;
7185;7464;7024;7467;6909;7519;7128;7138;7336;7356;7550;7599;7419;7255;7618;7461;7637;7192;7532;7690;7592;7157;7543;7462;7304;7326;7833;7615;7409;7223;7372;7466;7526;7034;7212;7407;7485;7351;7072;7264;7561;7322;7308;7678;7174;7217;7681;7671;7382;7268;
7098;7362;6902;7429;6827;7464;7091;7080;7286;7309;7517;7576;7370;7216;7561;7435;7580;7141;7490;7643;7530;7103;7517;7434;7261;7289;7845;7577;7401;7221;7295;7397;7508;6930;7194;7352;7407;7260;7025;7234;7476;7234;7262;7626;7112;7146;7658;7614;7341;7190;
7039;7309;6806;7343;6757;7382;6990;6994;7198;7223;7486;7519;7243;7190;7471;7387;7505;7079;7424;7641;7449;7009;7458;7347;7144;7252;7832;7539;7329;7152;7219;7295;7477;6876;7163;7320;7317;7152;7002;7190;7427;7122;7196;7547;7011;7081;7657;7545;7274;7127;
6966;7185;6683;7283;6714;7280;6996;6906;7176;7166;7379;7398;7165;7161;7416;7322;7425;7007;7369;7631;7372;6940;7392;7236;7066;7179;7800;7526;7287;7079;7146;7204;7444;6787;7074;7298;7264;7101;6956;7156;7340;7074;7076;7479;6894;6980;7607;7468;7210;7038;
6891;7094;6559;7175;6617;7180;6904;6807;7112;7114;7363;7312;7090;7124;7288;7281;7412;6942;7346;7593;7333;6866;7347;7184;6978;7138;7794;7520;7233;7024;7087;7100;7356;6709;7024;7244;7150;7025;6948;7155;7261;6976;7025;7419;6807;6902;7588;7402;7193;6909;
6854;7025;6479;7089;6559;7137;6837;6714;7035;6998;7324;7223;7013;7083;7213;7207;7339;6863;7327;7497;7324;6789;7311;7091;6906;7074;7829;7461;7196;6991;7057;7006;7305;6633;6944;7184;7097;6925;6850;7124;7200;6836;6945;7350;6733;6808;7526;7338;7125;6842;
6776;7000;6374;7002;6478;7034;6816;6623;6999;6897;7251;7150;6921;7001;7141;7144;7273;6797;7278;7449;7222;6756;7233;6994;6817;7046;7825;7389;7148;6940;6995;6894;7294;6562;6878;7107;6991;6856;6785;7068;7084;6737;6864;7289;6662;6776;7483;7286;7062;6772;
6708;6934;6281;6940;6373;6937;6714;6528;6937;6811;7178;7069;6838;6932;7071;7084;7173;6724;7236;7390;7162;6645;7179;6914;6719;6963;7807;7294;7083;6837;6929;6781;7248;6450;6825;7032;6904;6763;6750;7016;6972;6669;6806;7223;6533;6703;7452;7197;7001;6707;
6647;6869;6220;6864;6240;6875;6684;6448;6852;6749;7125;6939;6730;6888;6970;6981;7096;6596;7155;7328;7101;6573;7096;6833;6654;6845;7763;7257;7011;6739;6912;6748;7225;6377;6736;6960;6795;6698;6618;6963;6905;6573;6681;7119;6460;6655;7436;7117;6895;6572;
6569;6843;6108;6790;6157;6787;6590;6339;6784;6669;7013;6866;6621;6828;6910;6912;7038;6515;7087;7291;6983;6453;7011;6791;6519;6771;7710;7176;6931;6649;6802;6650;7177;6295;6625;6899;6701;6661;6550;6892;6797;6442;6527;7013;6380;6598;7387;7004;6832;6483;
6475;6817;6012;6707;6065;6670;6483;6277;6698;6603;6909;6770;6559;6786;6792;6816;6970;6482;7022;7242;6916;6365;6926;6711;6422;6712;7701;7102;6825;6547;6721;6576;7144;6180;6579;6798;6587;6549;6420;6810;6685;6361;6437;6912;6296;6515;7339;6904;6769;6424;
6358;6762;5889;6615;5925;6595;6411;6187;6642;6549;6793;6645;6476;6684;6687;6735;6911;6396;6956;7224;6847;6262;6817;6638;6322;6625;7625;7048;6708;6516;6691;6476;7067;6058;6461;6711;6519;6512;6293;6720;6572;6237;6347;6797;6193;6443;7280;6790;6671;6295;
6249;6710;5806;6480;5817;6506;6342;6118;6581;6465;6731;6570;6388;6643;6574;6653;6825;6262;6848;7127;6799;6180;6751;6543;6251;6541;7565;6987;6620;6469;6609;6366;6974;5959;6385;6619;6416;6429;6229;6657;6490;6111;6216;6723;6109;6362;7249;6674;6598;6207;
6165;6640;5722;6408;5716;6392;6240;6046;6480;6349;6616;6476;6306;6575;6498;6579;6739;6212;6751;7043;6714;6062;6658;6456;6169;6462;7472;6886;6589;6365;6542;6295;6938;5847;6262;6468;6306;6331;6114;6593;6358;6009;6147;6650;6021;6260;7152;6583;6468;6104;
6082;6585;5638;6331;5626;6294;6115;5940;6349;6297;6553;6413;6256;6534;6440;6525;6633;6112;6671;6930;6627;6022;6542;6371;6042;6366;7369;6802;6508;6229;6470;6201;6827;5727;6142;6384;6235;6189;6006;6521;6296;5917;6059;6523;5915;6175;7074;6459;6375;6002;
5993;6491;5537;6237;5533;6187;6051;5846;6287;6203;6474;6285;6127;6484;6331;6425;6558;5997;6602;6820;6516;5913;6443;6260;5923;6280;7312;6708;6407;6114;6362;6119;6739;5661;6041;6295;6143;6127;5953;6443;6215;5815;5926;6429;5822;6038;7020;6347;6263;5930;
5883;6435;5426;6151;5430;6086;5974;5747;6177;6123;6356;6181;6068;6425;6249;6340;6461;5965;6477;6779;6438;5795;6336;6144;5854;6246;7234;6603;6343;6008;6266;6043;6663;5592;5976;6239;6060;6017;5847;6360;6111;5736;5831;6312;5693;5926;6918;6273;6193;5818;
5731;6349;5343;6071;5341;5998;5903;5678;6095;6043;6278;6070;5970;6301;6188;6259;6392;5849;6404;6718;6331;5707;6243;6038;5760;6185;7175;6491;6266;5911;6158;5961;6588;5489;5879;6139;5963;5960;5795;6245;5973;5619;5708;6202;5615;5840;6803;6204;6088;5709;
5646;6283;5238;5978;5241;5916;5798;5595;6024;5958;6195;5972;5878;6228;6061;6152;6287;5758;6320;6623;6234;5606;6123;5977;5649;6089;7013;6437;6199;5831;6025;5870;6518;5393;5758;6019;5861;5878;5746;6123;5897;5531;5591;6082;5518;5752;6724;6110;5992;5598;
5563;6229;5103;5910;5156;5823;5732;5506;5949;5887;6115;5818;5759;6160;5967;6059;6188;5673;6223;6551;6121;5510;6063;5905;5612;6003;6913;6388;6128;5735;5916;5787;6407;5326;5670;5944;5778;5809;5615;6046;5815;5452;5492;6000;5426;5644;6626;6001;5876;5441;
5495;6146;5006;5859;5097;5712;5638;5391;5865;5785;5980;5711;5652;6064;5872;5987;6081;5573;6135;6439;5970;5406;5992;5815;5539;5921;6801;6313;6052;5646;5791;5691;6329;5209;5602;5879;5664;5736;5517;6025;5718;5354;5424;5897;5315;5574;6506;5917;5750;5363;
5398;6054;4919;5769;5022;5608;5577;5270;5777;5676;5896;5594;5528;5979;5781;5887;5968;5480;6039;6336;5868;5295;5882;5699;5431;5829;6729;6232;6008;5571;5727;5576;6266;5091;5529;5776;5555;5634;5412;5918;5620;5264;5307;5781;5219;5492;6426;5836;5670;5288;
5298;5966;4817;5659;4908;5502;5478;5171;5679;5566;5818;5466;5447;5904;5710;5799;5868;5430;5941;6249;5750;5215;5782;5614;5310;5729;6646;6112;5889;5470;5621;5469;6156;4994;5425;5674;5425;5550;5307;5861;5509;5171;5179;5650;5103;5358;6369;5770;5557;5234;
5209;5888;4684;5549;4806;5407;5379;5081;5598;5463;5697;5372;5362;5815;5609;5703;5785;5353;5845;6127;5625;5110;5692;5540;5204;5661;6555;6057;5812;5408;5557;5384;6072;4889;5312;5588;5324;5496;5187;5760;5379;5107;5089;5555;5026;5278;6297;5669;5475;5175;
5109;5769;4572;5456;4658;5313;5307;4958;5492;5324;5610;5265;5259;5715;5471;5605;5680;5226;5755;6032;5541;4987;5579;5458;5084;5600;6480;5943;5702;5326;5468;5290;5960;4767;5192;5486;5232;5425;5098;5680;5250;5011;5011;5422;4924;5125;6214;5563;5435;5111;
4984;5703;4485;5342;4568;5202;5247;4880;5426;5222;5541;5150;5151;5652;5384;5511;5638;5168;5675;5936;5463;4909;5502;5363;5012;5524;6418;5828;5617;5209;5430;5194;5856;4708;5099;5391;5161;5325;4996;5549;5147;4887;4892;5320;4840;5031;6140;5461;5340;4976;
4909;5605;4380;5244;4469;5120;5130;4817;5364;5146;5455;5043;5058;5549;5318;5406;5549;5083;5593;5843;5350;4839;5390;5267;4904;5416;6303;5729;5515;5119;5344;5112;5749;4599;5056;5237;5032;5258;4885;5422;5063;4779;4800;5235;4740;4926;6061;5349;5252;4919;
4832;5503;4301;5133;4370;5002;5033;4708;5259;5038;5358;4935;4979;5447;5201;5304;5446;5033;5527;5739;5261;4800;5323;5150;4817;5298;6183;5634;5406;5060;5231;4993;5644;4467;4908;5157;4934;5181;4794;5319;4973;4649;4675;5076;4667;4825;5985;5255;5185;4806;
4767;5447;4208;5027;4281;4891;4946;4550;5177;4961;5248;4846;4853;5336;5077;5240;5373;4970;5443;5622;5135;4673;5279;5082;4734;5210;6083;5497;5283;4984;5138;4885;5529;4389;4775;5032;4855;5095;4703;5236;4874;4544;4552;5001;4580;4738;5921;5169;5082;4694;
4677;5328;4106;4934;4217;4839;4857;4445;5065;4878;5155;4770;4775;5256;4949;5131;5272;4873;5333;5523;5067;4610;5147;4998;4661;5149;6005;5410;5183;4870;5032;4829;5397;4300;4689;4945;4761;5009;4597;5174;4785;4437;4462;4902;4506;4643;5869;5063;4996;4578;
4592;5230;3994;4859;4120;4697;4778;4349;4985;4815;5096;4665;4703;5182;4849;5020;5200;4800;5272;5441;4967;4526;5065;4911;4568;5063;5926;5318;5074;4801;4924;4737;5290;4215;4574;4865;4642;4895;4539;5085;4680;4365;4382;4799;4410;4552;5726;4952;4909;4455;
4481;5155;3905;4800;4010;4599;4701;4239;4852;4715;4991;4580;4597;5102;4757;4956;5088;4726;5162;5365;4864;4440;4981;4856;4455;4925;5833;5231;4960;4734;4881;4620;5192;4142;4492;4758;4538;4806;4452;5006;4575;4283;4295;4713;4306;4482;5629;4843;4857;4347;
4389;5086;3829;4706;3919;4485;4588;4132;4758;4620;4901;4458;4517;5008;4646;4886;5005;4635;5067;5276;4779;4338;4879;4752;4407;4837;5733;5135;4882;4658;4807;4516;5135;4044;4394;4664;4427;4713;4347;4928;4476;4175;4216;4624;4224;4402;5556;4732;4727;4266;
4308;4973;3747;4608;3841;4414;4506;4051;4647;4534;4833;4363;4440;4933;4595;4773;4905;4544;4958;5201;4689;4231;4786;4623;4298;4743;5653;5039;4784;4554;4701;4397;5066;3971;4302;4562;4331;4612;4276;4836;4354;4086;4070;4525;4120;4313;5464;4610;4639;4195;
4219;4862;3653;4502;3758;4329;4433;3958;4545;4440;4750;4271;4329;4803;4504;4706;4833;4437;4870;5112;4607;4124;4705;4547;4180;4674;5535;4926;4692;4451;4603;4328;4947;3881;4193;4458;4236;4521;4183;4763;4280;3994;3969;4436;4020;4225;5370;4542;4552;4094;
4165;4786;3570;4428;3681;4228;4315;3878;4434;4358;4661;4148;4231;4701;4395;4611;4736;4339;4766;5004;4497;4053;4580;4456;4089;4594;5496;4828;4580;4377;4508;4234;4868;3826;4074;4361;4178;4401;4105;4644;4196;3897;3901;4352;3955;4143;5258;4461;4479;4001;
4112;4723;3509;4344;3582;4095;4236;3812;4337;4285;4559;4047;4132;4626;4302;4480;4625;4213;4664;4909;4404;3990;4477;4353;3990;4521;5387;4732;4522;4300;4417;4145;4760;3754;3970;4240;4068;4292;4008;4541;4115;3792;3823;4252;3867;4052;5157;4347;4388;3916;
3988;4627;3416;4239;3495;4053;4156;3722;4225;4204;4474;3960;4068;4538;4237;4385;4538;4123;4585;4823;4319;3925;4388;4235;3867;4426;5269;4597;4391;4207;4319;4033;4644;3639;3879;4162;3998;4207;3898;4470;4007;3721;3754;4153;3770;3990;5043;4253;4348;3842;
3877;4563;3328;4160;3438;3967;4075;3679;4138;4132;4425;3876;3968;4436;4163;4323;4466;4026;4505;4731;4220;3856;4290;4124;3794;4335;5186;4513;4282;4126;4225;3911;4560;3573;3799;4066;3919;4089;3792;4411;3926;3633;3660;4023;3683;3906;4920;4164;4236;3772;
3792;4468;3251;4038;3359;3883;3953;3611;4066;4038;4310;3768;3903;4341;4064;4208;4346;3921;4395;4661;4140;3800;4181;4024;3738;4250;5088;4414;4177;4031;4134;3821;4437;3492;3722;3971;3823;3977;3722;4342;3863;3536;3598;3947;3622;3807;4840;4085;4143;3659;
3694;4396;3211;3939;3270;3797;3894;3524;3988;3946;4224;3697;3820;4232;3975;4113;4244;3834;4303;4565;4047;3726;4072;3932;3629;4151;4975;4304;4074;3921;4051;3754;4368;3402;3649;3914;3712;3931;3650;4242;3792;3450;3535;3874;3522;3701;4734;3997;4073;3609;
3588;4329;3168;3831;3201;3726;3814;3424;3903;3867;4116;3612;3728;4122;3875;4014;4170;3735;4220;4493;3950;3652;3961;3879;3556;4081;4884;4230;3978;3834;3964;3667;4266;3343;3591;3822;3620;3829;3546;4112;3689;3376;3480;3805;3443;3623;4603;3906;3982;3523;
3534;4237;3087;3728;3159;3643;3761;3369;3810;3776;4034;3526;3660;4044;3785;3903;4076;3637;4120;4376;3865;3570;3882;3814;3461;3970;4766;4129;3865;3781;3897;3578;4169;3238;3530;3724;3548;3749;3472;3999;3608;3302;3423;3714;3358;3535;4514;3810;3877;3470;
3427;4123;2997;3652;3106;3556;3660;3306;3739;3693;3951;3465;3591;3987;3682;3856;3962;3572;4026;4323;3772;3490;3768;3733;3381;3858;4678;4060;3769;3701;3812;3493;4087;3160;3450;3634;3448;3672;3431;3938;3535;3223;3342;3656;3284;3458;4413;3719;3811;3389;
3338;4041;2931;3541;3032;3474;3581;3221;3661;3621;3848;3383;3519;3905;3598;3761;3882;3494;3916;4223;3669;3424;3706;3657;3328;3764;4595;3975;3703;3634;3731;3407;4003;3082;3376;3539;3374;3608;3350;3878;3462;3139;3267;3588;3229;3360;4317;3642;3717;3312;
3267;3940;2852;3436;2945;3403;3481;3134;3573;3522;3773;3307;3455;3816;3488;3682;3760;3420;3851;4128;3595;3323;3616;3577;3229;3659;4519;3852;3630;3552;3680;3328;3926;3020;3330;3435;3278;3520;3252;3808;3366;3027;3186;3485;3160;3290;4223;3565;3637;3265;
3198;3843;2820;3378;2858;3314;3375;3073;3475;3441;3693;3204;3378;3704;3425;3577;3690;3351;3764;4025;3513;3234;3536;3475;3149;3548;4412;3784;3561;3480;3596;3271;3858;2937;3260;3345;3211;3455;3186;3733;3284;2926;3132;3380;3078;3217;4125;3479;3538;3185;
3139;3768;2766;3297;2775;3229;3291;3012;3404;3337;3607;3118;3307;3608;3336;3484;3599;3285;3681;3934;3452;3139;3441;3397;3101;3450;4301;3697;3459;3388;3487;3175;3776;2837;3169;3283;3152;3363;3116;3661;3217;2851;3053;3311;2983;3140;4009;3384;3463;3119;
3060;3693;2658;3199;2692;3165;3210;2948;3313;3268;3515;3051;3254;3544;3245;3380;3516;3215;3593;3853;3345;3067;3367;3322;3018;3351;4240;3590;3391;3310;3407;3109;3693;2785;3088;3213;3078;3289;3061;3573;3132;2793;2977;3240;2925;3099;3936;3342;3371;3037;
2967;3626;2599;3117;2642;3092;3152;2900;3251;3190;3455;2973;3182;3478;3175;3335;3421;3145;3536;3758;3290;2984;3325;3258;2941;3265;4149;3520;3299;3251;3351;3042;3638;2684;3036;3148;3019;3213;2979;3489;3048;2737;2912;3181;2840;2994;3835;3260;3284;2948;
2898;3538;2538;3041;2570;3027;3082;2816;3170;3150;3368;2907;3121;3431;3107;3259;3354;3072;3434;3683;3231;2913;3246;3178;2868;3156;4063;3447;3225;3199;3289;2969;3565;2629;2958;3069;2939;3168;2914;3414;2972;2669;2834;3116;2793;2923;3732;3183;3207;2894;
2849;3451;2474;2980;2491;2942;3043;2748;3105;3086;3280;2846;3045;3346;3029;3201;3287;3014;3373;3637;3176;2825;3171;3097;2793;3077;3978;3359;3142;3111;3208;2892;3492;2574;2859;3034;2859;3093;2847;3327;2909;2612;2773;3067;2716;2864;3615;3079;3127;2840;
2787;3362;2419;2924;2426;2866;2962;2711;3024;2981;3197;2766;2975;3263;2932;3150;3248;2950;3295;3552;3089;2772;3101;3029;2714;2992;3926;3292;3065;3033;3110;2817;3394;2497;2791;2952;2790;3024;2776;3221;2828;2559;2716;2985;2646;2761;3528;2983;3071;2776;
2722;3293;2344;2852;2379;2782;2897;2634;2927;2882;3106;2700;2896;3179;2867;3082;3186;2871;3191;3465;3021;2728;3038;2946;2639;2923;3815;3230;2995;2974;3018;2752;3306;2443;2704;2878;2722;2961;2690;3149;2754;2488;2654;2903;2569;2700;3426;2894;3004;2694;
2671;3221;2295;2800;2324;2702;2840;2562;2834;2817;3020;2634;2817;3092;2816;3019;3104;2819;3109;3387;2942;2672;2958;2865;2577;2872;3726;3154;2912;2901;2941;2690;3229;2357;2650;2813;2649;2886;2635;3094;2675;2415;2572;2840;2522;2635;3340;2837;2916;2623;
2607;3139;2221;2732;2277;2610;2788;2484;2767;2748;2941;2555;2736;3031;2761;2962;3022;2769;3010;3298;2868;2607;2896;2799;2510;2784;3635;3089;2833;2852;2863;2607;3184;2303;2578;2724;2606;2819;2585;2993;2611;2335;2517;2770;2457;2582;3244;2786;2845;2535;
2536;3066;2163;2647;2214;2565;2719;2398;2695;2664;2849;2486;2685;2952;2693;2869;2929;2713;2945;3193;2808;2535;2819;2734;2433;2700;3574;3028;2747;2777;2790;2538;3106;2225;2507;2650;2542;2739;2510;2933;2553;2254;2447;2709;2391;2513;3187;2726;2768;2473;
2457;2996;2112;2582;2145;2511;2667;2334;2627;2611;2787;2431;2617;2874;2628;2809;2841;2635;2866;3117;2762;2469;2754;2673;2376;2640;3504;2983;2688;2720;2725;2455;3030;2161;2447;2573;2467;2688;2449;2855;2503;2213;2367;2664;2329;2454;3104;2655;2707;2389;
2428;2910;2062;2505;2081;2457;2589;2274;2561;2558;2727;2382;2549;2799;2567;2740;2768;2578;2798;3066;2667;2407;2696;2599;2312;2578;3443;2894;2598;2660;2652;2417;2970;2122;2396;2518;2408;2620;2403;2754;2444;2138;2306;2597;2270;2383;3032;2600;2647;2344;
2347;2818;2018;2455;2016;2396;2523;2220;2495;2476;2650;2318;2498;2743;2505;2647;2683;2527;2723;2990;2590;2345;2624;2558;2238;2536;3362;2862;2517;2588;2587;2349;2909;2074;2308;2456;2366;2540;2351;2696;2378;2090;2218;2544;2197;2314;2947;2522;2600;2278;
2266;2772;1966;2409;1985;2346;2473;2153;2434;2413;2593;2243;2449;2679;2450;2575;2605;2449;2655;2934;2510;2274;2581;2478;2187;2464;3294;2783;2444;2526;2523;2294;2833;2018;2238;2389;2288;2483;2298;2624;2335;2042;2159;2501;2143;2270;2881;2453;2547;2213;
2211;2699;1919;2331;1924;2298;2411;2096;2382;2343;2516;2195;2383;2620;2422;2509;2546;2394;2618;2863;2449;2200;2503;2432;2124;2396;3212;2702;2400;2446;2474;2257;2763;1971;2182;2347;2228;2421;2243;2578;2261;1983;2107;2434;2091;2227;2806;2395;2491;2146;
2173;2624;1863;2288;1867;2250;2356;2032;2333;2286;2453;2160;2344;2554;2356;2452;2486;2333;2577;2788;2382;2124;2445;2357;2071;2321;3125;2607;2365;2391;2406;2211;2705;1928;2131;2265;2174;2356;2183;2519;2200;1939;2038;2373;2033;2179;2724;2316;2423;2099;
2128;2570;1824;2249;1802;2218;2294;1995;2284;2222;2391;2109;2291;2495;2281;2379;2413;2282;2526;2714;2342;2073;2365;2326;2026;2260;3051;2529;2322;2324;2349;2142;2644;1847;2089;2192;2104;2294;2136;2439;2147;1898;1992;2289;2006;2118;2640;2250;2357;2052;
2061;2525;1791;2214;1759;2163;2231;1938;2202;2155;2339;2039;2229;2409;2229;2326;2355;2229;2472;2642;2279;2031;2322;2271;1958;2229;2985;2480;2275;2259;2287;2067;2569;1805;2037;2125;2070;2244;2084;2375;2090;1839;1958;2237;1967;2060;2562;2182;2303;1990;
2001;2453;1739;2151;1706;2116;2171;1891;2142;2093;2271;1977;2156;2355;2168;2292;2280;2180;2405;2579;2206;1990;2249;2227;1903;2186;2915;2453;2217;2210;2208;2008;2494;1764;1985;2076;2016;2173;2023;2292;2034;1786;1900;2203;1918;1996;2482;2132;2241;1925;
1941;2381;1703;2121;1677;2051;2122;1842;2064;2046;2223;1929;2113;2311;2131;2247;2226;2134;2355;2517;2141;1940;2207;2175;1838;2137;2846;2392;2134;2145;2160;1945;2443;1714;1948;2012;1962;2125;1976;2240;1974;1731;1853;2136;1850;1946;2404;2065;2195;1865;
1881;2327;1652;2059;1617;2003;2070;1813;2015;2010;2174;1872;2068;2277;2091;2184;2171;2094;2301;2459;2089;1914;2162;2107;1805;2067;2757;2330;2086;2095;2105;1929;2398;1678;1888;1957;1905;2049;1931;2202;1927;1692;1815;2063;1821;1901;2338;2019;2134;1817;
1829;2248;1599;1997;1574;1943;2014;1752;1973;1968;2127;1825;2008;2229;2044;2121;2131;2044;2265;2408;2037;1885;2110;2037;1764;2020;2659;2283;2027;2052;2057;1880;2358;1635;1830;1907;1874;1984;1893;2185;1888;1644;1760;1993;1763;1834;2280;1971;2083;1786;
1807;2175;1550;1930;1537;1899;1956;1712;1926;1906;2076;1776;1946;2176;1975;2075;2087;1981;2199;2360;1969;1852;2050;1995;1701;1975;2598;2239;1982;1988;2007;1834;2314;1602;1779;1850;1837;1935;1833;2133;1839;1610;1705;1932;1738;1803;2229;1938;2039;1729;
1760;2115;1520;1887;1496;1870;1917;1661;1903;1835;2010;1727;1896;2107;1928;2011;2035;1934;2132;2315;1931;1817;1999;1925;1628;1920;2526;2178;1927;1936;1953;1792;2256;1555;1724;1798;1788;1880;1784;2077;1778;1545;1669;1877;1670;1771;2183;1889;1986;1683;
1702;2068;1480;1848;1449;1840;1862;1621;1866;1789;1930;1691;1825;2045;1870;1972;1989;1894;2072;2260;1879;1766;1955;1874;1589;1872;2482;2115;1891;1886;1904;1750;2209;1511;1655;1744;1743;1819;1727;2035;1729;1518;1616;1833;1611;1719;2139;1844;1935;1624;
1663;2019;1441;1788;1413;1785;1807;1584;1825;1748;1869;1646;1778;1990;1826;1927;1934;1856;2006;2194;1844;1714;1912;1809;1531;1834;2423;2088;1845;1837;1878;1705;2145;1476;1609;1694;1691;1772;1669;1994;1694;1483;1574;1799;1574;1661;2096;1812;1869;1558;
1603;1961;1406;1739;1386;1742;1750;1528;1784;1703;1832;1594;1734;1946;1773;1867;1875;1805;1942;2132;1784;1662;1870;1760;1495;1769;2365;2030;1786;1792;1838;1653;2105;1436;1554;1673;1655;1716;1630;1943;1651;1426;1548;1754;1526;1616;2049;1737;1820;1495;
1555;1910;1380;1676;1366;1691;1700;1488;1749;1661;1777;1550;1689;1893;1719;1821;1827;1768;1905;2091;1745;1618;1839;1704;1452;1732;2330;1993;1751;1743;1787;1596;2033;1413;1510;1634;1610;1672;1575;1894;1619;1381;1508;1709;1495;1579;2004;1700;1782;1456;
1512;1883;1343;1638;1309;1650;1656;1441;1700;1636;1715;1517;1640;1847;1666;1770;1770;1717;1858;2028;1694;1581;1794;1658;1425;1679;2254;1953;1695;1696;1740;1557;1992;1369;1450;1600;1554;1623;1529;1845;1581;1354;1466;1652;1452;1539;1952;1652;1727;1411;
1470;1826;1311;1588;1286;1603;1623;1391;1669;1584;1669;1482;1589;1800;1621;1700;1715;1680;1805;1987;1666;1536;1748;1622;1386;1639;2190;1903;1669;1659;1689;1503;1938;1338;1400;1563;1524;1586;1485;1792;1555;1315;1433;1597;1413;1494;1911;1629;1686;1371;
1423;1782;1271;1549;1263;1559;1573;1353;1631;1547;1616;1441;1548;1760;1581;1649;1677;1637;1740;1953;1625;1501;1712;1585;1343;1598;2148;1872;1605;1605;1631;1446;1888;1309;1360;1531;1478;1547;1458;1732;1518;1271;1400;1555;1358;1461;1856;1604;1640;1323;
1385;1732;1226;1517;1238;1514;1530;1326;1578;1513;1568;1397;1522;1731;1531;1588;1643;1597;1693;1909;1583;1445;1675;1539;1324;1553;2078;1851;1565;1567;1574;1426;1828;1274;1323;1489;1450;1512;1414;1695;1479;1225;1342;1514;1328;1415;1792;1554;1607;1305;
1335;1686;1200;1493;1196;1486;1495;1296;1531;1469;1546;1375;1485;1683;1483;1557;1608;1548;1642;1865;1535;1398;1619;1517;1287;1523;2024;1795;1518;1518;1533;1392;1782;1251;1294;1461;1406;1454;1376;1641;1437;1208;1305;1470;1305;1379;1764;1516;1578;1277;
1313;1630;1150;1454;1158;1441;1451;1274;1496;1434;1507;1350;1457;1620;1444;1521;1567;1502;1609;1826;1497;1356;1582;1472;1274;1480;1988;1762;1485;1474;1501;1349;1717;1221;1270;1399;1369;1422;1348;1593;1408;1163;1252;1432;1257;1340;1719;1483;1535;1237;
1274;1585;1127;1420;1141;1397;1411;1240;1427;1412;1457;1314;1412;1576;1405;1467;1533;1480;1567;1765;1468;1319;1526;1437;1230;1441;1949;1703;1435;1443;1456;1313;1671;1195;1234;1354;1337;1391;1309;1554;1374;1123;1217;1393;1228;1303;1663;1446;1476;1211;
1242;1539;1087;1389;1127;1368;1357;1202;1394;1376;1397;1265;1369;1525;1358;1421;1511;1453;1529;1717;1424;1289;1483;1383;1203;1411;1893;1658;1402;1413;1429;1279;1631;1158;1197;1331;1294;1354;1268;1518;1361;1094;1180;1363;1185;1271;1619;1410;1462;1182;
1207;1509;1062;1348;1100;1336;1321;1182;1353;1335;1361;1234;1328;1498;1314;1398;1465;1417;1494;1699;1383;1277;1442;1332;1199;1375;1833;1626;1369;1385;1395;1232;1605;1139;1153;1310;1263;1314;1227;1482;1339;1058;1157;1327;1145;1261;1579;1386;1421;1161;
1158;1462;1034;1319;1066;1308;1302;1159;1306;1298;1336;1197;1293;1455;1272;1373;1420;1383;1447;1655;1345;1232;1396;1289;1172;1318;1775;1581;1333;1334;1358;1203;1567;1085;1095;1262;1226;1270;1204;1432;1303;1032;1138;1296;1130;1231;1551;1351;1389;1129;
1115;1432;1016;1291;1043;1275;1258;1126;1279;1281;1278;1155;1261;1413;1238;1322;1389;1358;1409;1615;1303;1213;1360;1258;1137;1276;1749;1533;1299;1287;1334;1155;1506;1054;1063;1212;1179;1237;1168;1396;1280;998;1116;1254;1090;1204;1522;1314;1371;1101;
1087;1384;999;1237;1017;1240;1223;1095;1237;1255;1246;1113;1234;1357;1219;1290;1345;1326;1382;1569;1280;1203;1332;1226;1104;1259;1709;1484;1252;1253;1306;1123;1464;1028;1029;1177;1157;1195;1143;1363;1255;960;1087;1211;1054;1171;1483;1281;1343;1075;
1038;1340;973;1188;982;1218;1183;1066;1205;1231;1222;1079;1200;1325;1186;1266;1325;1298;1350;1540;1249;1178;1278;1191;1072;1221;1661;1431;1204;1227;1276;1088;1436;1009;995;1147;1131;1162;1110;1316;1223;926;1062;1181;1024;1140;1456;1257;1317;1047;
1002;1312;942;1155;947;1185;1147;1030;1176;1208;1190;1042;1169;1296;1142;1246;1305;1259;1328;1489;1217;1151;1243;1164;1053;1202;1616;1380;1183;1210;1238;1072;1406;975;954;1121;1113;1126;1082;1262;1196;894;1031;1146;983;1117;1433;1197;1287;1014;
984;1273;905;1130;923;1144;1110;1001;1136;1174;1151;1017;1138;1259;1127;1219;1273;1223;1282;1446;1185;1132;1208;1141;1018;1169;1578;1343;1139;1161;1206;1047;1382;947;920;1089;1080;1092;1040;1228;1161;871;1011;1107;958;1087;1376;1165;1252;983;
953;1241;884;1108;887;1117;1071;983;1110;1151;1125;993;1117;1241;1096;1168;1238;1178;1258;1408;1149;1113;1165;1113;976;1138;1549;1309;1111;1130;1168;1025;1351;936;883;1067;1055;1071;1017;1197;1139;848;978;1071;931;1047;1345;1137;1226;951;
940;1204;861;1068;861;1087;1032;965;1096;1133;1095;972;1091;1212;1070;1124;1202;1142;1216;1376;1123;1092;1134;1073;948;1108;1511;1277;1080;1088;1132;998;1308;919;861;1030;1028;1032;999;1158;1121;817;940;1062;908;1019;1306;1099;1207;929;
921;1177;828;1041;836;1060;1002;924;1070;1102;1057;962;1048;1178;1046;1085;1173;1111;1183;1331;1093;1067;1092;1046;924;1082;1479;1230;1048;1042;1100;972;1277;898;841;1003;1009;1011;964;1129;1090;786;917;1015;883;1003;1277;1055;1177;921;
893;1151;817;1023;817;1032;975;892;1037;1068;1031;928;1017;1161;1017;1054;1142;1089;1147;1280;1056;1031;1078;1025;895;1068;1436;1204;1021;1017;1079;957;1248;876;819;975;967;980;950;1105;1072;762;890;982;844;984;1252;1028;1142;883;
865;1118;779;999;799;1004;950;865;993;1055;1016;904;989;1125;978;1033;1113;1069;1114;1251;1018;1011;1060;1014;875;1033;1377;1171;995;999;1039;934;1225;852;808;943;942;943;926;1083;1036;742;868;960;818;962;1228;1010;1100;850;
842;1096;761;966;785;977;924;842;954;1043;990;887;956;1090;945;1003;1086;1045;1098;1223;987;988;1038;984;849;988;1353;1130;967;961;1016;913;1193;841;791;920;910;928;912;1048;1019;727;834;930;805;943;1186;990;1076;823;
824;1086;739;940;761;943;903;823;928;1011;962;865;919;1066;925;977;1064;1017;1077;1182;969;956;1035;959;840;961;1310;1098;959;939;985;893;1169;825;769;892;887;910;888;1022;979;707;821;910;783;915;1148;951;1054;810;
813;1072;729;911;733;920;870;783;909;987;931;835;884;1030;898;947;1043;971;1032;1166;946;924;1000;932;822;945;1292;1078;941;913;951;871;1150;787;736;872;867;886;861;987;960;699;787;873;757;885;1121;921;1039;783;
799;1046;702;883;711;887;847;765;884;962;903;808;859;1012;878;923;1014;943;996;1125;914;891;967;900;803;929;1246;1052;911;872;938;855;1130;766;719;851;852;859;844;958;920;682;764;842;732;876;1098;902;1013;758;
769;1024;682;854;695;859;829;754;868;936;900;783;843;987;860;878;992;908;973;1107;887;872;938;876;784;919;1216;1023;897;862;918;828;1102;742;698;822;831;829;818;937;884;669;742;825;700;851;1072;861;976;734;
753;987;668;824;682;845;823;736;846;912;879;771;814;963;813;855;986;874;949;1084;862;844;911;836;756;887;1167;988;864;827;897;804;1067;718;678;794;809;811;778;913;854;642;721;788;677;807;1039;833;961;711;
746;946;648;805;671;822;808;728;811;881;858;727;797;942;785;836;957;852;916;1061;836;820;904;819;739;874;1138;947;845;802;881;778;1054;694;669;773;776;807;759;898;821;628;694;779;657;787;998;811;932;694;
725;914;622;775;634;801;791;696;796;851;822;717;782;933;765;801;937;823;886;1027;814;795;881;799;728;847;1099;918;826;786;863;764;1027;665;660;749;761;770;731;885;811;608;676;761;645;775;965;793;902;682;
702;868;610;753;614;783;755;685;777;816;803;698;770;902;736;785;918;798;856;1004;808;757;864;783;709;833;1056;881;805;763;834;742;997;628;633;731;726;757;707;872;795;583;658;748;627;748;953;772;879;665;
684;848;583;750;613;772;745;664;765;784;775;679;752;892;706;760;894;780;824;988;790;736;833;757;678;813;1024;861;789;733;813;715;973;611;610;705;707;731;673;856;770;567;634;733;608;729;932;756;845;650;
656;831;559;743;598;753;728;634;756;763;735;662;730;866;687;739;865;756;811;969;767;716;803;744;660;795;983;838;772;707;796;699;941;599;586;675;694;709;661;838;746;553;618;721;585;702;903;724;820;629;
641;802;547;727;572;736;702;616;740;744;724;641;705;844;672;716;833;742;792;958;750;700;794;719;646;756;954;810;749;682;770;691;903;576;568;645;681;689;651;823;727;538;605;704;572;683;886;705;789;611;
611;772;520;706;550;720;682;601;711;720;701;627;693;831;646;704;795;718;752;927;731;678;758;699;620;729;951;793;740;667;747;681;875;552;556;628;653;678;623;806;709;532;604;685;559;668;852;680;781;601;
596;746;513;685;530;708;673;586;705;694;685;604;678;809;624;687;780;696;730;904;717;662;734;679;607;718;934;772;728;642;726;663;849;545;539;606;638;658;607;789;701;528;579;668;544;664;823;654;751;587;
568;722;492;667;524;685;642;578;684;685;670;590;659;785;604;671;759;683;705;882;697;653;722;657;590;695;895;736;702;629;712;656;826;536;522;588;621;641;584;776;675;512;558;651;530;640;806;628;727;570;
549;698;483;646;510;665;628;557;666;663;653;571;633;769;601;656;747;661;683;849;677;635;702;638;583;668;876;723;691;611;685;632;796;512;499;584;601;626;576;758;643;495;553;627;515;619;778;601;697;546;
534;676;468;633;501;643;601;537;641;644;635;552;613;758;583;643;731;639;669;828;660;622;691;619;564;647;860;708;679;588;675;617;768;498;484;572;585;616;567;741;622;482;539;611;495;599;760;588;680;527;
516;660;452;612;494;627;586;516;623;625;625;536;598;735;578;619;703;621;649;800;637;605;665;599;554;631;831;686;655;556;650;601;752;480;471;555;576;599;552;715;616;458;526;593;473;584;750;565;667;506;
500;645;443;593;484;610;564;503;596;616;599;535;570;719;559;606;690;594;633;771;617;593;647;587;537;619;812;665;634;539;629;583;733;467;454;545;562;591;537;689;597;443;510;576;467;569;728;540;653;495;
485;612;429;575;470;597;545;489;574;599;583;523;564;694;540;588;658;582;616;747;597;568;629;575;533;605;792;648;616;524;608;561;714;457;451;531;549;567;524;682;583;421;489;575;456;554;714;528;632;486;
473;596;420;560;453;574;518;482;558;586;566;506;541;673;531;573;645;579;597;735;586;552;623;563;511;597;771;630;595;504;588;546;688;442;442;515;537;548;516;655;563;401;484;568;443;537;701;517;614;471;
462;576;410;542;447;560;506;480;534;568;553;484;516;657;508;567;632;569;586;709;563;540;609;545;498;584;746;611;574;499;563;522;672;423;428;513;529;534;502;639;542;396;479;542;429;515;683;514;592;467;
445;557;395;526;429;548;490;465;514;550;533;469;513;634;489;547;619;543;568;687;539;530;595;525;487;573;729;594;538;493;554;496;658;416;417;498;512;526;501;609;532;389;467;526;403;509;672;488;584;457;
431;536;392;516;411;531;475;455;494;527;519;461;506;616;476;537;600;525;562;667;525;513;578;512;474;560;725;581;524;479;537;485;629;400;407;486;495;518;489;592;519;374;457;508;390;492;648;483;573;440;
418;521;386;505;395;514;468;441;477;516;504;457;498;589;467;516;579;507;550;642;510;499;572;503;460;536;702;566;505;462;519;471;604;387;398;459;478;505;473;566;496;353;433;498;370;471;630;466;556;414;
415;501;380;504;388;503;451;431;475;504;486;451;490;568;454;505;560;499;538;617;497;482;553;489;445;512;687;544;490;446;501;452;584;365;396;441;463;502;462;543;479;334;421;481;364;470;601;455;525;401;
406;494;370;497;377;496;430;415;462;495;467;438;469;551;431;498;544;487;521;591;489;462;531;475;435;495;667;522;475;427;488;447;560;345;389;429;453;493;450;531;473;329;409;478;345;459;590;437;516;401;
394;486;362;480;374;481;409;408;456;480;464;423;447;537;425;486;530;466;502;573;481;455;504;463;413;488;641;512;460;404;477;423;545;337;375;412;433;485;440;533;458;320;401;467;332;457;571;425;498;388;
384;479;351;465;353;466;393;399;444;463;462;416;436;523;410;480;521;447;484;564;472;440;501;444;398;470;635;497;445;382;462;415;525;332;372;405;421;466;429;514;445;309;394;449;321;444;559;410;483;376;
380;461;339;455;341;454;375;384;428;449;442;401;419;512;402;455;508;425;472;545;458;426;480;429;392;460;608;478;433;377;452;404;512;326;369;390;400;441;416;496;438;303;391;434;311;428;552;401;471;358;
365;442;328;436;331;449;368;374;420;442;430;389;407;503;392;454;497;419;460;528;446;414;465;414;374;456;603;472;416;362;429;394;500;315;361;381;400;416;401;480;421;295;370;421;300;419;531;396;459;351;
361;423;316;416;318;436;359;367;409;434;421;372;391;486;380;431;482;404;438;511;428;399;455;414;357;442;584;468;405;356;418;379;490;304;353;373;384;406;381;472;407;279;359;416;295;409;509;384;447;336;
353;421;311;406;310;411;350;362;403;414;407;363;382;480;364;421;465;390;424;498;427;386;449;399;348;432;580;469;385;349;407;366;473;296;342;362;370;401;369;471;395;275;350;402;290;401;494;380;437;330;
343;413;303;387;306;400;345;350;396;410;393;349;369;463;356;412;449;388;415;489;414;373;437;389;338;427;570;443;370;338;398;363;459;294;327;351;363;390;361;457;387;265;347;388;275;387;472;371;423;323;
335;398;295;377;296;396;328;345;391;410;385;339;362;456;347;392;439;383;407;471;383;356;424;389;333;417;546;431;365;330;379;344;452;286;318;344;348;377;356;452;365;252;336;365;272;377;459;364;405;316;
333;381;284;368;288;390;327;340;390;409;376;324;353;438;329;382;426;373;405;461;371;351;401;369;318;400;527;412;358;316;354;332;435;273;297;336;340;363;341;442;361;242;323;358;268;369;448;354;398;313;
321;369;277;353;280;372;325;331;381;399;363;312;349;428;328;372;417;362;395;441;361;339;396;351;307;392;511;408;351;315;346;321;428;264;290;317;324;348;334;433;351;237;322;348;262;359;437;340;383;306;
312;355;268;351;272;360;313;318;375;384;361;305;340;414;326;369;408;348;387;422;347;334;384;336;296;377;502;402;348;311;344;318;415;267;285;312;312;342;319;423;339;229;306;336;256;349;424;330;377;290;
298;347;252;344;270;348;314;307;358;364;356;292;319;414;318;360;396;343;375;409;340;318;364;322;280;372;492;393;334;303;322;313;408;255;277;300;303;340;308;410;330;224;292;322;253;341;410;317;369;280;
287;333;237;343;260;334;312;295;338;359;344;278;300;409;315;355;380;334;361;402;323;314;353;314;276;359;485;381;326;295;308;311;394;255;269;296;293;334;297;403;315;218;279;321;243;324;401;311;356;272;
273;324;229;334;248;311;304;290;326;355;335;267;288;400;314;349;372;328;345;388;306;310;333;297;270;345;466;370;318;279;304;304;382;245;263;279;283;318;292;392;299;214;279;310;236;320;394;299;351;262;
270;316;224;323;245;301;297;289;313;336;326;257;277;383;309;346;364;313;333;374;294;301;312;281;266;337;442;355;317;270;299;291;374;238;252;277;275;308;272;378;293;207;274;303;229;319;379;286;350;264;
260;312;218;306;238;291;280;276;304;325;317;247;267;372;304;337;356;297;320;367;289;289;298;271;254;332;432;345;304;263;290;285;358;237;242;265;267;301;269;362;286;202;265;298;225;309;372;277;340;255;
256;303;211;292;228;287;267;270;303;317;307;248;259;361;297;328;344;285;313;354;280;276;287;265;244;325;417;336;294;255;279;271;349;227;237;252;253;291;260;358;284;201;257;293;218;303;368;264;334;248;
250;291;205;285;222;281;259;252;301;312;299;243;256;349;285;315;338;288;306;345;271;263;280;256;242;315;405;321;285;249;277;261;339;220;229;243;250;278;254;356;275;195;254;286;211;301;357;259;330;250;
233;280;198;277;213;274;253;243;291;305;293;241;254;336;282;309;321;277;304;335;269;258;279;250;240;314;399;320;276;240;266;260;333;220;225;234;244;264;244;343;269;184;249;278;197;302;339;255;316;241;
225;267;197;278;203;261;248;234;286;297;281;242;247;324;276;303;311;269;286;328;264;246;270;243;233;308;391;312;269;241;264;253;327;214;225;228;239;256;233;343;265;182;236;276;187;295;327;244;305;234;
224;259;193;273;197;250;237;239;276;287;278;236;240;317;270;295;293;256;272;325;257;238;262;236;224;306;377;306;269;233;246;247;325;207;215;216;235;255;224;335;261;176;226;271;180;288;314;235;298;227;
222;254;189;268;194;247;227;231;263;283;277;227;244;310;264;286;284;257;266;312;250;235;259;227;215;302;360;308;267;230;246;240;315;199;211;212;230;245;220;322;258;167;224;263;180;275;308;224;293;223;
217;240;181;258;186;241;218;220;255;275;264;231;239;314;259;284;270;258;260;301;240;227;252;221;212;305;347;303;257;223;238;238;306;194;205;209;217;237;213;316;250;163;220;250;172;261;298;213;287;214;
213;234;178;251;182;223;212;219;249;267;261;226;237;308;252;273;262;248;255;296;232;219;242;209;201;288;338;294;247;217;226;229;296;189;200;205;214;227;208;304;240;161;220;245;172;250;293;212;281;206;
208;229;171;250;178;216;199;218;242;257;249;228;233;299;246;264;261;244;247;276;224;213;236;200;195;279;324;287;240;213;218;227;290;189;193;200;212;227;199;296;231;154;210;239;164;248;281;208;275;200;
199;221;160;243;174;208;185;213;238;256;237;221;237;280;236;262;252;240;235;265;212;213;227;197;193;266;314;274;236;210;217;217;282;180;189;190;210;223;192;287;234;149;197;232;161;243;280;200;264;190;
193;207;154;240;168;203;177;210;232;248;235;213;221;273;230;251;245;235;228;254;210;204;221;200;194;248;300;265;228;205;209;204;275;174;188;185;207;218;185;283;224;144;192;222;157;226;278;197;262;185;
189;200;146;238;166;201;172;205;233;233;232;206;217;266;227;240;242;229;220;248;203;201;209;194;190;245;290;259;218;197;208;205;272;170;184;179;204;214;182;279;222;137;190;222;158;221;265;188;260;178;
187;196;148;228;163;190;168;201;230;225;223;197;208;264;232;237;234;222;217;239;198;189;202;187;185;240;287;249;214;193;208;201;264;168;181;174;195;207;182;270;215;135;182;205;154;211;256;185;253;173;
177;192;144;218;157;186;166;200;226;225;220;192;206;251;226;232;228;220;210;231;193;180;200;180;179;237;272;246;209;193;204;198;257;169;176;166;193;204;173;273;203;130;175;198;151;209;249;176;243;175;
177;189;138;217;151;180;161;195;217;221;216;182;196;240;215;228;225;213;202;222;192;169;196;174;173;230;268;232;205;187;195;195;244;165;169;160;183;204;171;259;197;128;172;194;148;204;241;173;233;168;
168;183;133;212;146;172;152;190;210;222;209;174;195;238;211;225;220;208;197;214;186;161;189;167;164;225;264;229;203;179;190;190;235;160;164;158;175;197;157;249;194;123;167;189;144;198;243;167;227;160;
161;176;127;208;142;167;146;186;213;215;198;167;193;237;206;217;211;205;193;213;183;157;183;165;159;220;259;229;195;176;180;185;228;153;158;153;174;195;153;241;188;121;163;188;138;194;244;157;219;156;
155;170;114;200;138;164;140;182;210;205;187;163;186;229;201;212;208;200;184;205;177;155;183;165;151;213;257;222;192;169;176;179;223;149;155;146;170;192;149;240;178;118;153;183;136;189;233;152;217;145;
152;167;109;190;134;159;136;177;207;199;177;156;179;220;195;205;201;195;173;198;173;152;178;155;147;205;248;209;188;165;168;174;205;144;149;139;164;186;152;241;173;116;149;172;135;181;228;144;207;142;
